Area,Production,Annual_Rainfall,Fertilizer,Pesticide,Yield,Precip_Accumulated,Temp_Mean,Sun_Hours,Soil_pH,Soil_Humidity,Soil_Nitrogen,Soil_Phosphorus,Soil_Potassium,Soil_Organic_Carbon,Planting_Month,Harvest_Month,Season_Kharif,Season_Rabi,Season_Summer,Season_Winter,State_Arunachal Pradesh,State_Assam,State_Bihar,State_Chhattisgarh,State_Delhi,State_Goa,State_Gujarat,State_Haryana,State_Himachal Pradesh,State_Jammu and Kashmir,State_Jharkhand,State_Karnataka,State_Kerala,State_Madhya Pradesh,State_Maharashtra,State_Manipur,State_Meghalaya,State_Mizoram,State_Nagaland,State_Odisha,State_Puducherry,State_Punjab,State_Sikkim,State_Tamil Nadu,State_Telangana,State_Tripura,State_Uttar Pradesh,State_Uttarakhand,State_West Bengal
607358.0,398311,2051.4,57802260.86,188280.98,0.07808695650000001,52.08,22.37769230769231,0.0160332923076923,4.95,47.80594491265986,2.2666666666666666,23.72000563411682,152.2395297470485,0.5648390980796762,9,12,0.0,0.0,0.0,0.0,0.0,1.0,0.0,0.0,0.0,0.0,0.0,0.0,0.0,0.0,0.0,0.0,0.0,0.0,0.0,0.0,0.0,0.0,0.0,0.0,0.0,0.0,0.0,0.0,0.0,0.0,0.0,0.0,0.0
174974.0,209623,2051.4,16652275.58,54241.94,0.10604347830000001,52.08,22.37769230769231,0.0160332923076923,4.95,50.434803291496856,2.2666666666666666,9.22029372736966,210.4917280662588,0.6796621417260833,3,6,0.0,0.0,1.0,0.0,0.0,1.0,0.0,0.0,0.0,0.0,0.0,0.0,0.0,0.0,0.0,0.0,0.0,0.0,0.0,0.0,0.0,0.0,0.0,0.0,0.0,0.0,0.0,0.0,0.0,0.0,0.0,0.0,0.0
1743321.0,1647296,2051.4,165911859.6,540429.51,0.0941304348,112.31,22.67,0.0161873584615384,4.95,44.899739178977775,2.2666666666666666,25.458075580505977,267.90619143914074,0.6154713290532747,11,3,0.0,0.0,0.0,1.0,0.0,1.0,0.0,0.0,0.0,0.0,0.0,0.0,0.0,0.0,0.0,0.0,0.0,0.0,0.0,0.0,0.0,0.0,0.0,0.0,0.0,0.0,0.0,0.0,0.0,0.0,0.0,0.0,0.0
1031530.0,2340493,1266.7,98170710.1,319774.3,0.22335,31.83,23.54230769230769,0.0195981784615384,6.555555555555555,45.70498454100064,0.9446072796934866,31.90468026555365,308.7422348282336,0.3661168310785219,6,10,1.0,0.0,0.0,0.0,0.0,0.0,0.0,0.0,0.0,0.0,0.0,0.0,0.0,0.0,0.0,1.0,0.0,0.0,0.0,0.0,0.0,0.0,0.0,0.0,0.0,0.0,0.0,0.0,0.0,0.0,0.0,0.0,0.0
53889.0,109350,1266.7,5128616.13,16705.59,0.2073846154,73.69,23.64,0.0196621199999999,6.555555555555555,44.693594800020925,0.9446072796934866,24.22323979162353,230.25904287318315,0.6586979125433622,10,4,0.0,1.0,0.0,0.0,0.0,0.0,0.0,0.0,0.0,0.0,0.0,0.0,0.0,0.0,0.0,1.0,0.0,0.0,0.0,0.0,0.0,0.0,0.0,0.0,0.0,0.0,0.0,0.0,0.0,0.0,0.0,0.0,0.0
268044.0,762759,1266.7,25509747.48,83093.64,0.2829444444,31.83,23.54230769230769,0.0195981784615384,6.555555555555555,49.88731099709022,0.9446072796934866,11.214368112289588,324.5605104917102,0.5489796271011396,3,6,0.0,0.0,1.0,0.0,0.0,0.0,0.0,0.0,0.0,0.0,0.0,0.0,0.0,0.0,0.0,1.0,0.0,0.0,0.0,0.0,0.0,0.0,0.0,0.0,0.0,0.0,0.0,0.0,0.0,0.0,0.0,0.0,0.0
105170.0,150101,3818.2,10009028.9,32602.7,0.1378571429,69.09,18.57,0.0165264923076923,5.720000000000001,44.39514028245543,0.8400000000000001,18.24374081294599,295.4312629069949,0.754250622745605,6,10,1.0,0.0,0.0,0.0,0.0,0.0,0.0,0.0,0.0,0.0,0.0,0.0,0.0,0.0,0.0,0.0,0.0,0.0,0.0,0.0,1.0,0.0,0.0,0.0,0.0,0.0,0.0,0.0,0.0,0.0,0.0,0.0,0.0
423121.0,751970,1852.9,40268425.57,131167.51,0.1837222222,55.35,25.83923076923077,0.0169231015384615,5.720000000000001,47.34585076730375,0.8400000000000001,13.957064412021294,317.82845593632794,0.3184936985918055,9,12,0.0,0.0,0.0,0.0,0.0,0.0,0.0,0.0,0.0,0.0,0.0,0.0,0.0,0.0,0.0,0.0,0.0,0.0,0.0,0.0,0.0,0.0,0.0,0.0,0.0,0.0,0.0,0.0,0.0,0.0,0.0,0.0,1.0
1206829.0,3569520,1852.9,114853915.9,374116.99,0.2843888889,55.35,25.83923076923077,0.0169231015384615,5.720000000000001,47.46685514275261,0.8400000000000001,17.79791192594735,233.88334190635692,0.5861396398655062,3,6,0.0,0.0,1.0,0.0,0.0,0.0,0.0,0.0,0.0,0.0,0.0,0.0,0.0,0.0,0.0,0.0,0.0,0.0,0.0,0.0,0.0,0.0,0.0,0.0,0.0,0.0,0.0,0.0,0.0,0.0,0.0,0.0,1.0
4270328.0,8915100,1852.9,406407115.8,1323801.68,0.19855555560000002,109.87,25.826538461538465,0.016644323076923,5.720000000000001,44.79842482260796,0.8400000000000001,22.67380667409738,205.83767173783224,0.2850958942026459,11,3,0.0,0.0,0.0,1.0,0.0,0.0,0.0,0.0,0.0,0.0,0.0,0.0,0.0,0.0,0.0,0.0,0.0,0.0,0.0,0.0,0.0,0.0,0.0,0.0,0.0,0.0,0.0,0.0,0.0,0.0,0.0,0.0,1.0
4945.0,11518,1434.5875,488566.0,1434.05,0.246,39.84,28.32384615384615,0.0185591907692307,6.609240608075417,49.95439264307176,0.5666666666666667,14.777340470100423,213.840827681386,0.7209916916605508,6,10,1.0,0.0,0.0,0.0,0.0,0.0,0.0,0.0,0.0,0.0,0.0,0.0,0.0,0.0,0.0,0.0,0.0,0.0,0.0,0.0,0.0,0.0,0.0,0.0,1.0,0.0,0.0,0.0,0.0,0.0,0.0,0.0,0.0
13961.0,30220,1434.5875,1379346.8,4048.69,0.2555,72.62,28.03,0.0192633507692307,6.609240608075417,46.42788707426787,0.5666666666666667,22.529127785668976,223.79172400669395,0.650858876670044,10,4,0.0,1.0,0.0,0.0,0.0,0.0,0.0,0.0,0.0,0.0,0.0,0.0,0.0,0.0,0.0,0.0,0.0,0.0,0.0,0.0,0.0,0.0,0.0,0.0,1.0,0.0,0.0,0.0,0.0,0.0,0.0,0.0,0.0
5716.0,14863,1434.5875,564740.8,1657.64,0.255,39.84,28.32384615384615,0.0185591907692307,6.609240608075417,50.56076792447263,0.5666666666666667,13.56703045155799,210.37022146320572,0.2037731842137485,3,6,0.0,0.0,1.0,0.0,0.0,0.0,0.0,0.0,0.0,0.0,0.0,0.0,0.0,0.0,0.0,0.0,0.0,0.0,0.0,0.0,0.0,0.0,0.0,0.0,1.0,0.0,0.0,0.0,0.0,0.0,0.0,0.0,0.0
594979.0,520605,2354.4,58783925.2,172543.91,0.10556521740000001,60.23,22.962307692307693,0.0163414246153846,4.95,48.529250636476455,2.2666666666666666,18.923583283616853,203.3966660191369,0.2237968313092687,9,12,0.0,0.0,0.0,0.0,0.0,1.0,0.0,0.0,0.0,0.0,0.0,0.0,0.0,0.0,0.0,0.0,0.0,0.0,0.0,0.0,0.0,0.0,0.0,0.0,0.0,0.0,0.0,0.0,0.0,0.0,0.0,0.0,0.0
223913.0,446114,2354.4,22122604.4,64934.77,0.1685217391,60.23,22.962307692307693,0.0163414246153846,4.95,46.26013883665753,2.2666666666666666,37.11213160503769,245.50355846399145,0.6496120836305961,3,6,0.0,0.0,1.0,0.0,0.0,1.0,0.0,0.0,0.0,0.0,0.0,0.0,0.0,0.0,0.0,0.0,0.0,0.0,0.0,0.0,0.0,0.0,0.0,0.0,0.0,0.0,0.0,0.0,0.0,0.0,0.0,0.0,0.0
1635230.0,2288114,2354.4,161560724.0,474216.7,0.13956521740000002,117.56,23.106153846153845,0.016547663076923,4.95,47.66361702808127,2.2666666666666666,27.086952915290563,274.6089147318945,0.4503906645660461,11,3,0.0,0.0,0.0,1.0,0.0,1.0,0.0,0.0,0.0,0.0,0.0,0.0,0.0,0.0,0.0,0.0,0.0,0.0,0.0,0.0,0.0,0.0,0.0,0.0,0.0,0.0,0.0,0.0,0.0,0.0,0.0,0.0,0.0
41000.0,104249,2964.9,4050800.0,11890.0,0.254,7.06,28.20307692307692,0.0207421476923076,7.475,47.6262533121142,0.5666666666666667,20.597424907303896,206.4844783982622,0.2267357592939456,6,10,1.0,0.0,0.0,0.0,0.0,0.0,0.0,0.0,0.0,1.0,0.0,0.0,0.0,0.0,0.0,0.0,0.0,0.0,0.0,0.0,0.0,0.0,0.0,0.0,0.0,0.0,0.0,0.0,0.0,0.0,0.0,0.0,0.0
15439.0,46925,2964.9,1525373.2,4477.31,0.30400000000000005,9.98,28.44192307692308,0.0209009215384615,7.475,48.67846105607611,0.5666666666666667,22.54747563944976,161.25309914622324,0.7600046101335707,10,4,0.0,1.0,0.0,0.0,0.0,0.0,0.0,0.0,0.0,1.0,0.0,0.0,0.0,0.0,0.0,0.0,0.0,0.0,0.0,0.0,0.0,0.0,0.0,0.0,0.0,0.0,0.0,0.0,0.0,0.0,0.0,0.0,0.0
1079193.0,2599170,1260.8,106624268.4,312965.97,0.23107407410000003,41.86,23.737692307692303,0.0197260615384615,6.555555555555555,49.206723867038114,0.9446072796934866,33.75307442580286,275.05430828783994,0.5364189150358986,6,10,1.0,0.0,0.0,0.0,0.0,0.0,0.0,0.0,0.0,0.0,0.0,0.0,0.0,0.0,0.0,1.0,0.0,0.0,0.0,0.0,0.0,0.0,0.0,0.0,0.0,0.0,0.0,0.0,0.0,0.0,0.0,0.0,0.0
51782.0,106072,1260.8,5116061.6,15016.78,0.20542857140000004,72.27,23.34076923076924,0.0203165723076923,6.555555555555555,45.542012235530045,0.9446072796934866,47.89449006196728,315.8613061847861,0.4177315228565966,10,4,0.0,1.0,0.0,0.0,0.0,0.0,0.0,0.0,0.0,0.0,0.0,0.0,0.0,0.0,0.0,1.0,0.0,0.0,0.0,0.0,0.0,0.0,0.0,0.0,0.0,0.0,0.0,0.0,0.0,0.0,0.0,0.0,0.0
295830.0,951569,1260.8,29228004.0,85790.7,0.299375,41.86,23.737692307692303,0.0197260615384615,6.555555555555555,47.37556388418023,0.9446072796934866,38.383273109118,251.24226784569908,0.4883014519058939,3,6,0.0,0.0,1.0,0.0,0.0,0.0,0.0,0.0,0.0,0.0,0.0,0.0,0.0,0.0,0.0,1.0,0.0,0.0,0.0,0.0,0.0,0.0,0.0,0.0,0.0,0.0,0.0,0.0,0.0,0.0,0.0,0.0,0.0
120217.0,235849,3151.5,11877439.6,34862.93,0.1856923077,89.29,27.41076923076923,0.0180684276923076,8.185714285714285,46.46161117391348,0.9446072796934866,13.818978731376996,248.9184607865385,0.3023263407724631,9,12,0.0,0.0,0.0,0.0,0.0,0.0,0.0,0.0,0.0,0.0,0.0,0.0,0.0,0.0,0.0,0.0,1.0,0.0,0.0,0.0,0.0,0.0,0.0,0.0,0.0,0.0,0.0,0.0,0.0,0.0,0.0,0.0,0.0
57700.0,144872,3151.5,5700760.0,16733.0,0.2116153846,89.29,27.41076923076923,0.0180684276923076,8.185714285714285,44.847380733065336,0.9446072796934866,26.60533488698077,208.03624979646435,0.443973073342511,3,6,0.0,0.0,1.0,0.0,0.0,0.0,0.0,0.0,0.0,0.0,0.0,0.0,0.0,0.0,0.0,0.0,1.0,0.0,0.0,0.0,0.0,0.0,0.0,0.0,0.0,0.0,0.0,0.0,0.0,0.0,0.0,0.0,0.0
174714.0,346022,3151.5,17261743.2,50667.06,0.19371428570000002,164.7,27.12846153846154,0.0184025907692307,8.185714285714285,44.94302112831001,0.9446072796934866,32.84454680698737,264.14655639417725,0.3353628685793569,11,3,0.0,0.0,0.0,1.0,0.0,0.0,0.0,0.0,0.0,0.0,0.0,0.0,0.0,0.0,0.0,0.0,1.0,0.0,0.0,0.0,0.0,0.0,0.0,0.0,0.0,0.0,0.0,0.0,0.0,0.0,0.0,0.0,0.0
105402.0,149742,6552.7,10413717.6,30566.58,0.15100000000000002,84.53,19.13076923076923,0.0159641446153846,5.720000000000001,49.857770772393344,0.8400000000000001,21.985957528668493,254.87545354503965,0.3740932468721737,6,10,1.0,0.0,0.0,0.0,0.0,0.0,0.0,0.0,0.0,0.0,0.0,0.0,0.0,0.0,0.0,0.0,0.0,0.0,0.0,0.0,1.0,0.0,0.0,0.0,0.0,0.0,0.0,0.0,0.0,0.0,0.0,0.0,0.0
425002.0,740688,2152.5,41990197.6,123250.58,0.1751111111,54.52,25.81384615384616,0.0163655446153846,5.720000000000001,48.75893250320634,0.8400000000000001,19.19775986583149,251.1268107465829,0.3111210981291195,9,12,0.0,0.0,0.0,0.0,0.0,0.0,0.0,0.0,0.0,0.0,0.0,0.0,0.0,0.0,0.0,0.0,0.0,0.0,0.0,0.0,0.0,0.0,0.0,0.0,0.0,0.0,0.0,0.0,0.0,0.0,0.0,0.0,1.0
1450473.0,4921984,2152.5,143306732.4,420637.17,0.32200000000000006,54.52,25.81384615384616,0.0163655446153846,5.720000000000001,44.57233154041725,0.8400000000000001,30.88270075249484,287.316230315192,0.7763505825215663,3,6,0.0,0.0,1.0,0.0,0.0,0.0,0.0,0.0,0.0,0.0,0.0,0.0,0.0,0.0,0.0,0.0,0.0,0.0,0.0,0.0,0.0,0.0,0.0,0.0,0.0,0.0,0.0,0.0,0.0,0.0,0.0,0.0,1.0
4028620.0,7653780,2152.5,398027656.0,1168299.8,0.17816666670000003,116.1,25.799230769230768,0.0168750553846153,5.720000000000001,47.09966619649989,0.8400000000000001,20.3983622670124,292.3930197258932,0.7770957192817386,11,3,0.0,0.0,0.0,1.0,0.0,0.0,0.0,0.0,0.0,0.0,0.0,0.0,0.0,0.0,0.0,0.0,0.0,0.0,0.0,0.0,0.0,0.0,0.0,0.0,0.0,0.0,0.0,0.0,0.0,0.0,0.0,0.0,1.0
557220.0,514156,2201.8,59137758.6,150449.4,0.1094782609,57.33,23.25,0.0167539015384615,4.95,46.54582801463106,2.2666666666666666,24.00952124009465,304.130386541603,0.5073199022576181,9,12,0.0,0.0,0.0,0.0,0.0,1.0,0.0,0.0,0.0,0.0,0.0,0.0,0.0,0.0,0.0,0.0,0.0,0.0,0.0,0.0,0.0,0.0,0.0,0.0,0.0,0.0,0.0,0.0,0.0,0.0,0.0,0.0,0.0
294654.0,653783,2201.8,31271629.02,79556.58,0.19904347830000002,57.33,23.25,0.0167539015384615,4.95,45.448941119943655,2.2666666666666666,27.027044138623904,309.79705553728456,0.4764813525534394,3,6,0.0,0.0,1.0,0.0,0.0,1.0,0.0,0.0,0.0,0.0,0.0,0.0,0.0,0.0,0.0,0.0,0.0,0.0,0.0,0.0,0.0,0.0,0.0,0.0,0.0,0.0,0.0,0.0,0.0,0.0,0.0,0.0,0.0
1793994.0,2692709,2201.8,190396583.2,484378.38,0.1501304348,126.75,22.803461538461537,0.0166275553846153,4.95,44.63613073367529,2.2666666666666666,25.815702374234142,219.5548472068822,0.4533580082009756,11,3,0.0,0.0,0.0,1.0,0.0,1.0,0.0,0.0,0.0,0.0,0.0,0.0,0.0,0.0,0.0,0.0,0.0,0.0,0.0,0.0,0.0,0.0,0.0,0.0,0.0,0.0,0.0,0.0,0.0,0.0,0.0,0.0,0.0
40500.0,96281,3879.3,4298265.0,10935.0,0.238,2.92,28.68076923076924,0.0210596953846153,7.475,46.954924483232965,0.5666666666666667,23.102642707571377,280.65929248076804,0.0744101055694249,6,10,1.0,0.0,0.0,0.0,0.0,0.0,0.0,0.0,0.0,1.0,0.0,0.0,0.0,0.0,0.0,0.0,0.0,0.0,0.0,0.0,0.0,0.0,0.0,0.0,0.0,0.0,0.0,0.0,0.0,0.0,0.0,0.0,0.0
16213.0,43642,3879.3,1720685.69,4377.51,0.269,4.94,28.54769230769231,0.0210099461538461,7.475,49.73533944986106,0.5666666666666667,38.75252549833144,269.09857026600525,0.4895029593353273,10,4,0.0,1.0,0.0,0.0,0.0,0.0,0.0,0.0,0.0,1.0,0.0,0.0,0.0,0.0,0.0,0.0,0.0,0.0,0.0,0.0,0.0,0.0,0.0,0.0,0.0,0.0,0.0,0.0,0.0,0.0,0.0,0.0,0.0
121525.0,252876,2914.6,12897448.25,32811.75,0.20815384620000002,75.41,26.846153846153847,0.0187367538461538,8.185714285714285,47.19444407597714,0.9446072796934866,15.122874234443977,317.944495844469,0.5021448646869158,9,12,0.0,0.0,0.0,0.0,0.0,0.0,0.0,0.0,0.0,0.0,0.0,0.0,0.0,0.0,0.0,0.0,1.0,0.0,0.0,0.0,0.0,0.0,0.0,0.0,0.0,0.0,0.0,0.0,0.0,0.0,0.0,0.0,0.0
58021.0,144551,2914.6,6157768.73,15665.67,0.2292857143,75.41,26.846153846153847,0.0187367538461538,8.185714285714285,50.17722029327992,0.9446072796934866,9.548750299189413,233.34740554462107,0.3424176488478873,3,6,0.0,0.0,1.0,0.0,0.0,0.0,0.0,0.0,0.0,0.0,0.0,0.0,0.0,0.0,0.0,0.0,1.0,0.0,0.0,0.0,0.0,0.0,0.0,0.0,0.0,0.0,0.0,0.0,0.0,0.0,0.0,0.0,0.0
170228.0,373259,2914.6,18066297.64,45961.56,0.20971428570000003,140.87,26.837692307692308,0.0185528907692307,8.185714285714285,44.57860656661604,0.9446072796934866,31.33643942642581,272.3297915322175,0.4022681542039233,11,3,0.0,0.0,0.0,1.0,0.0,0.0,0.0,0.0,0.0,0.0,0.0,0.0,0.0,0.0,0.0,0.0,1.0,0.0,0.0,0.0,0.0,0.0,0.0,0.0,0.0,0.0,0.0,0.0,0.0,0.0,0.0,0.0,0.0
102482.0,156887,6200.3,10876414.66,27670.14,0.1605714286,74.36,19.588461538461537,0.0161800892307692,5.720000000000001,48.40376047422876,0.8400000000000001,26.816865540009037,275.32076985807146,0.3340050640612459,6,10,1.0,0.0,0.0,0.0,0.0,0.0,0.0,0.0,0.0,0.0,0.0,0.0,0.0,0.0,0.0,0.0,0.0,0.0,0.0,0.0,1.0,0.0,0.0,0.0,0.0,0.0,0.0,0.0,0.0,0.0,0.0,0.0,0.0
3929.0,13846,6200.3,416984.77,1060.83,0.1755714286,168.13,19.14423076923077,0.0159366046153846,5.720000000000001,49.2907189214479,0.8400000000000001,19.452417499778843,196.52259419895785,0.3963495821547159,10,4,0.0,1.0,0.0,0.0,0.0,0.0,0.0,0.0,0.0,0.0,0.0,0.0,0.0,0.0,0.0,0.0,0.0,0.0,0.0,0.0,1.0,0.0,0.0,0.0,0.0,0.0,0.0,0.0,0.0,0.0,0.0,0.0,0.0
25444.0,59433,1434.5875,2700371.72,6869.88,0.261,32.78,27.736153846153847,0.0199675107692307,6.609240608075417,46.61861271854923,1.15,22.583364460307703,252.80336866680057,0.5733438488694163,6,10,1.0,0.0,0.0,0.0,0.0,0.0,0.0,0.0,0.0,0.0,0.0,0.0,0.0,0.0,0.0,0.0,0.0,0.0,0.0,0.0,0.0,0.0,0.0,0.0,1.0,0.0,0.0,0.0,0.0,0.0,0.0,0.0,0.0
427155.0,827970,2318.1,45333960.15,115331.85,0.1868888889,61.58,25.784615384615385,0.0173845661538461,5.720000000000001,46.60695544014825,0.8400000000000001,22.496997295268304,266.6704717676648,0.5989120752725645,9,12,0.0,0.0,0.0,0.0,0.0,0.0,0.0,0.0,0.0,0.0,0.0,0.0,0.0,0.0,0.0,0.0,0.0,0.0,0.0,0.0,0.0,0.0,0.0,0.0,0.0,0.0,0.0,0.0,0.0,0.0,0.0,0.0,1.0
1474338.0,4468400,2318.1,156471491.9,398071.26,0.2897222222,61.58,25.784615384615385,0.0173845661538461,5.720000000000001,47.918376869227686,0.8400000000000001,41.01605723269154,232.23113076288288,0.4923935457146235,3,6,0.0,0.0,1.0,0.0,0.0,0.0,0.0,0.0,0.0,0.0,0.0,0.0,0.0,0.0,0.0,0.0,0.0,0.0,0.0,0.0,0.0,0.0,0.0,0.0,0.0,0.0,0.0,0.0,0.0,0.0,0.0,0.0,1.0
4248946.0,8463310,2318.1,450940639.0,1147215.42,0.19066666670000001,112.01,25.61038461538461,0.0171828138461538,5.720000000000001,46.61649035031367,0.8400000000000001,16.71973658087314,134.67179775587374,0.4516110081511689,11,3,0.0,0.0,0.0,1.0,0.0,0.0,0.0,0.0,0.0,0.0,0.0,0.0,0.0,0.0,0.0,0.0,0.0,0.0,0.0,0.0,0.0,0.0,0.0,0.0,0.0,0.0,0.0,0.0,0.0,0.0,0.0,0.0,1.0
3003673.0,8233806,935.6,294870578.4,780954.98,0.27,38.0,27.744615384615383,0.0189807784615384,5.933333333333334,46.173264336686266,0.9446072796934866,16.36611313535906,265.9664413250803,0.4138850716893709,6,10,1.0,0.0,0.0,0.0,0.0,0.0,0.0,0.0,0.0,0.0,0.0,0.0,0.0,0.0,0.0,0.0,0.0,0.0,0.0,0.0,0.0,0.0,0.0,0.0,0.0,0.0,0.0,0.0,0.0,0.0,0.0,0.0,0.0
1239053.0,4224208,935.6,121637833.0,322153.78,0.2939090909,70.32000000000001,27.91038461538461,0.01873584,5.933333333333334,45.00298114319055,0.9446072796934866,12.912572875795044,297.42348100074287,0.6014389736065947,10,4,0.0,1.0,0.0,0.0,0.0,0.0,0.0,0.0,0.0,0.0,0.0,0.0,0.0,0.0,0.0,0.0,0.0,0.0,0.0,0.0,0.0,0.0,0.0,0.0,0.0,0.0,0.0,0.0,0.0,0.0,0.0,0.0,0.0
539665.0,557764,1965.5,52978913.05,140312.9,0.1197826087,69.42,22.356923076923074,0.0165012092307692,4.95,50.06422615487798,2.2666666666666666,40.54321434563572,302.3849582918888,0.4885561151221436,9,12,0.0,0.0,0.0,0.0,0.0,1.0,0.0,0.0,0.0,0.0,0.0,0.0,0.0,0.0,0.0,0.0,0.0,0.0,0.0,0.0,0.0,0.0,0.0,0.0,0.0,0.0,0.0,0.0,0.0,0.0,0.0,0.0,0.0
329255.0,681027,1965.5,32322963.35,85606.3,0.18252173910000002,69.42,22.356923076923074,0.0165012092307692,4.95,48.117038245372925,2.2666666666666666,13.709008821094514,135.157698538204,0.613098850826465,3,6,0.0,0.0,1.0,0.0,0.0,1.0,0.0,0.0,0.0,0.0,0.0,0.0,0.0,0.0,0.0,0.0,0.0,0.0,0.0,0.0,0.0,0.0,0.0,0.0,0.0,0.0,0.0,0.0,0.0,0.0,0.0,0.0,0.0
1777257.0,2759652,1965.5,174473319.7,462086.82,0.1581304348,133.65,22.52692307692308,0.0165428307692307,4.95,48.71953009214425,2.2666666666666666,12.737838648501263,248.0968228110644,0.75806326361809,11,3,0.0,0.0,0.0,1.0,0.0,1.0,0.0,0.0,0.0,0.0,0.0,0.0,0.0,0.0,0.0,0.0,0.0,0.0,0.0,0.0,0.0,0.0,0.0,0.0,0.0,0.0,0.0,0.0,0.0,0.0,0.0,0.0,0.0
41000.0,96568,3886.9,4024970.0,10660.0,0.236,2.02,28.414615384615384,0.0209601969230769,7.475,49.48894705355826,0.5666666666666667,21.220962299940684,210.49364734887672,0.7262859679764455,6,10,1.0,0.0,0.0,0.0,0.0,0.0,0.0,0.0,0.0,1.0,0.0,0.0,0.0,0.0,0.0,0.0,0.0,0.0,0.0,0.0,0.0,0.0,0.0,0.0,0.0,0.0,0.0,0.0,0.0,0.0,0.0,0.0,0.0
16207.0,45555,3886.9,1591041.19,4213.82,0.281,7.5,28.32384615384615,0.0208123476923076,7.475,49.24063017154531,0.5666666666666667,14.95280366724058,250.72454628486312,0.8222755535525386,10,4,0.0,1.0,0.0,0.0,0.0,0.0,0.0,0.0,0.0,1.0,0.0,0.0,0.0,0.0,0.0,0.0,0.0,0.0,0.0,0.0,0.0,0.0,0.0,0.0,0.0,0.0,0.0,0.0,0.0,0.0,0.0,0.0,0.0
1120549.0,2792657,1213.3,110004295.3,291342.74,0.23574074070000003,35.49,23.218461538461536,0.0204812861538461,6.555555555555555,45.514840250787735,0.9446072796934866,29.609620308584653,274.51789692534766,0.7352209912842501,6,10,1.0,0.0,0.0,0.0,0.0,0.0,0.0,0.0,0.0,0.0,0.0,0.0,0.0,0.0,0.0,1.0,0.0,0.0,0.0,0.0,0.0,0.0,0.0,0.0,0.0,0.0,0.0,0.0,0.0,0.0,0.0,0.0,0.0
52005.0,106335,1213.3,5105330.85,13521.3,0.20646153850000004,68.29,23.30038461538461,0.0202801015384615,6.555555555555555,47.24884767334504,0.9446072796934866,22.13734337215309,236.35554594743465,0.5264664057428163,10,4,0.0,1.0,0.0,0.0,0.0,0.0,0.0,0.0,0.0,0.0,0.0,0.0,0.0,0.0,0.0,1.0,0.0,0.0,0.0,0.0,0.0,0.0,0.0,0.0,0.0,0.0,0.0,0.0,0.0,0.0,0.0,0.0,0.0
310892.0,947744,1213.3,30520267.64,80831.92,0.27513043480000005,35.49,23.218461538461536,0.0204812861538461,6.555555555555555,45.65745685685724,0.9446072796934866,21.818703517775955,280.28199959720445,0.4783151747235766,3,6,0.0,0.0,1.0,0.0,0.0,0.0,0.0,0.0,0.0,0.0,0.0,0.0,0.0,0.0,0.0,1.0,0.0,0.0,0.0,0.0,0.0,0.0,0.0,0.0,0.0,0.0,0.0,0.0,0.0,0.0,0.0,0.0,0.0
129752.0,260306,2412.6,12737753.84,33735.52,0.19384615380000003,65.46,26.82923076923077,0.0183690276923076,8.185714285714285,49.41791641066734,0.9446072796934866,8.553710181830795,181.213763649666,0.5704052224668419,9,12,0.0,0.0,0.0,0.0,0.0,0.0,0.0,0.0,0.0,0.0,0.0,0.0,0.0,0.0,0.0,0.0,1.0,0.0,0.0,0.0,0.0,0.0,0.0,0.0,0.0,0.0,0.0,0.0,0.0,0.0,0.0,0.0,0.0
55258.0,154606,2412.6,5424677.86,14367.08,0.223,65.46,26.82923076923077,0.0183690276923076,8.185714285714285,46.06566057667773,0.9446072796934866,35.282262017215,141.14477987160302,0.3639554658464285,3,6,0.0,0.0,1.0,0.0,0.0,0.0,0.0,0.0,0.0,0.0,0.0,0.0,0.0,0.0,0.0,0.0,1.0,0.0,0.0,0.0,0.0,0.0,0.0,0.0,0.0,0.0,0.0,0.0,0.0,0.0,0.0,0.0,0.0
162445.0,336416,2412.6,15947225.65,42235.7,0.2042857143,161.46,26.92192307692308,0.0181630661538461,8.185714285714285,49.19674551674149,0.9446072796934866,31.11868575357601,298.97804298196974,0.7650282193373666,11,3,0.0,0.0,0.0,1.0,0.0,0.0,0.0,0.0,0.0,0.0,0.0,0.0,0.0,0.0,0.0,0.0,1.0,0.0,0.0,0.0,0.0,0.0,0.0,0.0,0.0,0.0,0.0,0.0,0.0,0.0,0.0,0.0,0.0
102657.0,165907,6258.8,10077837.69,26690.82,0.16814285710000001,93.77,18.7,0.01569312,5.720000000000001,50.42848475548628,0.8400000000000001,11.70271119407154,126.86055476803529,0.3720443389374134,6,10,1.0,0.0,0.0,0.0,0.0,0.0,0.0,0.0,0.0,0.0,0.0,0.0,0.0,0.0,0.0,0.0,0.0,0.0,0.0,0.0,1.0,0.0,0.0,0.0,0.0,0.0,0.0,0.0,0.0,0.0,0.0,0.0,0.0
4003.0,13135,6258.8,392974.51,1040.78,0.1744285714,181.31,18.90153846153846,0.0158297123076923,5.720000000000001,47.89080445733917,0.8400000000000001,21.25579005884961,177.52331688586702,0.2961743973736426,10,4,0.0,1.0,0.0,0.0,0.0,0.0,0.0,0.0,0.0,0.0,0.0,0.0,0.0,0.0,0.0,0.0,0.0,0.0,0.0,0.0,1.0,0.0,0.0,0.0,0.0,0.0,0.0,0.0,0.0,0.0,0.0,0.0,0.0
42779.0,103606,1434.5875,4199614.43,11122.54,0.2605,34.28,27.94692307692308,0.0196206646153846,6.609240608075417,45.63981697917201,1.15,19.9903515939338,198.02307754963655,0.3906224523305866,6,10,1.0,0.0,0.0,0.0,0.0,0.0,0.0,0.0,0.0,0.0,0.0,0.0,0.0,0.0,0.0,0.0,0.0,0.0,0.0,0.0,0.0,0.0,0.0,0.0,1.0,0.0,0.0,0.0,0.0,0.0,0.0,0.0,0.0
393944.0,683950,1907.7,38673482.48,102425.44,0.16483333330000002,50.43,25.436153846153847,0.0169810615384615,5.720000000000001,47.8855815625788,0.8400000000000001,25.67378288537936,289.09315117164664,0.5130573761132761,9,12,0.0,0.0,0.0,0.0,0.0,0.0,0.0,0.0,0.0,0.0,0.0,0.0,0.0,0.0,0.0,0.0,0.0,0.0,0.0,0.0,0.0,0.0,0.0,0.0,0.0,0.0,0.0,0.0,0.0,0.0,0.0,0.0,1.0
1401841.0,4541328,1907.7,137618731.0,364478.66,0.30211111110000005,50.43,25.436153846153847,0.0169810615384615,5.720000000000001,50.55737211066765,0.8400000000000001,48.42595822255835,258.52164442155413,0.4492860475968688,3,6,0.0,0.0,1.0,0.0,0.0,0.0,0.0,0.0,0.0,0.0,0.0,0.0,0.0,0.0,0.0,0.0,0.0,0.0,0.0,0.0,0.0,0.0,0.0,0.0,0.0,0.0,0.0,0.0,0.0,0.0,0.0,0.0,1.0
3639538.0,7202760,1907.7,357293445.5,946279.88,0.1876111111,107.09,25.58653846153846,0.0168586199999999,5.720000000000001,46.49364418795098,0.8400000000000001,10.347783814756603,302.28493549228347,0.4124755557737645,11,3,0.0,0.0,0.0,1.0,0.0,0.0,0.0,0.0,0.0,0.0,0.0,0.0,0.0,0.0,0.0,0.0,0.0,0.0,0.0,0.0,0.0,0.0,0.0,0.0,0.0,0.0,0.0,0.0,0.0,0.0,0.0,0.0,1.0
2426073.0,6500545,928.4,247774835.5,630778.98,0.2627272727,32.32,28.076153846153847,0.0184909015384615,5.933333333333334,45.39667671120696,0.9446072796934866,24.97738525234285,173.65952667645746,0.6719520928893943,6,10,1.0,0.0,0.0,0.0,0.0,0.0,0.0,0.0,0.0,0.0,0.0,0.0,0.0,0.0,0.0,0.0,0.0,0.0,0.0,0.0,0.0,0.0,0.0,0.0,0.0,0.0,0.0,0.0,0.0,0.0,0.0,0.0,0.0
1398674.0,4889246,928.4,142846575.6,363655.24,0.3025909091,59.38,28.304230769230767,0.0188185015384615,5.933333333333334,46.73985988987268,0.9446072796934866,18.391809403870177,294.1361482733869,0.3173672859136185,10,4,0.0,1.0,0.0,0.0,0.0,0.0,0.0,0.0,0.0,0.0,0.0,0.0,0.0,0.0,0.0,0.0,0.0,0.0,0.0,0.0,0.0,0.0,0.0,0.0,0.0,0.0,0.0,0.0,0.0,0.0,0.0,0.0,0.0
495698.0,487719,1824.7,50625636.74,128881.48,0.11204347830000001,64.23,22.69692307692308,0.0165844523076923,4.95,50.29801145861329,2.2666666666666666,29.806826710618303,237.35320692902167,0.669688603076767,9,12,0.0,0.0,0.0,0.0,0.0,1.0,0.0,0.0,0.0,0.0,0.0,0.0,0.0,0.0,0.0,0.0,0.0,0.0,0.0,0.0,0.0,0.0,0.0,0.0,0.0,0.0,0.0,0.0,0.0,0.0,0.0,0.0,0.0
325987.0,653036,1824.7,33293052.31,84756.62,0.1806521739,64.23,22.69692307692308,0.0165844523076923,4.95,47.48950613892712,2.2666666666666666,29.069487098928924,151.97946104268857,0.3266277873988222,3,6,0.0,0.0,1.0,0.0,0.0,1.0,0.0,0.0,0.0,0.0,0.0,0.0,0.0,0.0,0.0,0.0,0.0,0.0,0.0,0.0,0.0,0.0,0.0,0.0,0.0,0.0,0.0,0.0,0.0,0.0,0.0,0.0,0.0
1714736.0,2713493,1824.7,175125987.7,445831.36,0.1600434783,130.03,22.626153846153844,0.0160601953846153,4.95,46.4005423594827,2.2666666666666666,24.435328109397584,261.49937715676657,0.8430187679353784,11,3,0.0,0.0,0.0,1.0,0.0,1.0,0.0,0.0,0.0,0.0,0.0,0.0,0.0,0.0,0.0,0.0,0.0,0.0,0.0,0.0,0.0,0.0,0.0,0.0,0.0,0.0,0.0,0.0,0.0,0.0,0.0,0.0,0.0
32746.0,79071,2530.6,3344348.98,8513.96,0.24100000000000002,5.48,28.23307692307692,0.0206644984615384,7.475,47.57284018639472,0.5666666666666667,17.170960334931706,249.10620009449005,0.3789677311095445,6,10,1.0,0.0,0.0,0.0,0.0,0.0,0.0,0.0,0.0,1.0,0.0,0.0,0.0,0.0,0.0,0.0,0.0,0.0,0.0,0.0,0.0,0.0,0.0,0.0,0.0,0.0,0.0,0.0,0.0,0.0,0.0,0.0,0.0
16637.0,47452,2530.6,1699136.81,4325.62,0.28500000000000003,7.08,28.54615384615385,0.0205566923076923,7.475,44.352430337838896,0.5666666666666667,28.254140653805084,276.0670255691075,0.6147029476266528,10,4,0.0,1.0,0.0,0.0,0.0,0.0,0.0,0.0,0.0,1.0,0.0,0.0,0.0,0.0,0.0,0.0,0.0,0.0,0.0,0.0,0.0,0.0,0.0,0.0,0.0,0.0,0.0,0.0,0.0,0.0,0.0,0.0,0.0
1087967.0,2393946,1002.9,111114069.7,282871.42,0.21548148150000002,32.800000000000004,23.38230769230769,0.0200789169230769,6.555555555555555,47.66484217819878,0.9446072796934866,19.2950120528095,250.99635737634395,0.6403698078948706,6,10,1.0,0.0,0.0,0.0,0.0,0.0,0.0,0.0,0.0,0.0,0.0,0.0,0.0,0.0,0.0,1.0,0.0,0.0,0.0,0.0,0.0,0.0,0.0,0.0,0.0,0.0,0.0,0.0,0.0,0.0,0.0,0.0,0.0
53480.0,99699,1002.9,5461912.4,13904.8,0.18407142860000003,56.5,23.683846153846154,0.0204858415384615,6.555555555555555,44.34831974939466,0.9446072796934866,35.10036096313914,215.5354790074877,0.6711985495524122,10,4,0.0,1.0,0.0,0.0,0.0,0.0,0.0,0.0,0.0,0.0,0.0,0.0,0.0,0.0,0.0,1.0,0.0,0.0,0.0,0.0,0.0,0.0,0.0,0.0,0.0,0.0,0.0,0.0,0.0,0.0,0.0,0.0,0.0
276277.0,740400,1002.9,28216170.01,71832.02,0.24368,32.800000000000004,23.38230769230769,0.0200789169230769,6.555555555555555,49.98666318613501,0.9446072796934866,20.117922000019533,221.82204637164057,0.5284952276948262,3,6,0.0,0.0,1.0,0.0,0.0,0.0,0.0,0.0,0.0,0.0,0.0,0.0,0.0,0.0,0.0,1.0,0.0,0.0,0.0,0.0,0.0,0.0,0.0,0.0,0.0,0.0,0.0,0.0,0.0,0.0,0.0,0.0,0.0
116540.0,235838,2946.7,11902230.2,30300.4,0.1886923077,96.0,27.014615384615382,0.0179571046153846,8.185714285714285,50.34567708532338,0.9446072796934866,16.030654840923198,280.76519321462257,0.6954673400128544,9,12,0.0,0.0,0.0,0.0,0.0,0.0,0.0,0.0,0.0,0.0,0.0,0.0,0.0,0.0,0.0,0.0,1.0,0.0,0.0,0.0,0.0,0.0,0.0,0.0,0.0,0.0,0.0,0.0,0.0,0.0,0.0,0.0,0.0
43850.0,105032,2946.7,4478400.5,11401.0,0.2151428571,96.0,27.014615384615382,0.0179571046153846,8.185714285714285,48.7627787153712,0.9446072796934866,13.247672799684093,158.1147331884368,0.5439385101153295,3,6,0.0,0.0,1.0,0.0,0.0,0.0,0.0,0.0,0.0,0.0,0.0,0.0,0.0,0.0,0.0,0.0,1.0,0.0,0.0,0.0,0.0,0.0,0.0,0.0,0.0,0.0,0.0,0.0,0.0,0.0,0.0,0.0,0.0
161978.0,362634,2946.7,16542813.14,42114.28,0.2153571429,178.33,27.178461538461537,0.0182349276923076,8.185714285714285,47.50050866012068,0.9446072796934866,8.42413252872,248.19384057665093,0.7422609085957332,11,3,0.0,0.0,0.0,1.0,0.0,0.0,0.0,0.0,0.0,0.0,0.0,0.0,0.0,0.0,0.0,0.0,1.0,0.0,0.0,0.0,0.0,0.0,0.0,0.0,0.0,0.0,0.0,0.0,0.0,0.0,0.0,0.0,0.0
107761.0,188971,4241.0,11005630.93,28017.86,0.1751428571,87.54,19.103076923076923,0.0159663046153846,5.720000000000001,46.52551364088524,0.8400000000000001,33.2986053027881,179.49986694431857,0.6025832142843999,6,10,1.0,0.0,0.0,0.0,0.0,0.0,0.0,0.0,0.0,0.0,0.0,0.0,0.0,0.0,0.0,0.0,0.0,0.0,0.0,0.0,1.0,0.0,0.0,0.0,0.0,0.0,0.0,0.0,0.0,0.0,0.0,0.0,0.0
26263.0,66868,1434.5875,2682240.19,6828.38,0.24150000000000002,36.21,28.226923076923075,0.0195560307692307,6.609240608075417,48.109065488114574,1.15,14.013465686980476,198.8911715572184,0.2343487330182437,6,10,1.0,0.0,0.0,0.0,0.0,0.0,0.0,0.0,0.0,0.0,0.0,0.0,0.0,0.0,0.0,0.0,0.0,0.0,0.0,0.0,0.0,0.0,0.0,0.0,1.0,0.0,0.0,0.0,0.0,0.0,0.0,0.0,0.0
353048.0,731778,1556.6,36056792.24,91792.48,0.2094705882,56.66,25.73692307692308,0.0167361784615384,5.720000000000001,47.3400333971036,0.8400000000000001,30.293402837459503,291.65596999797685,0.6281974776481841,9,12,0.0,0.0,0.0,0.0,0.0,0.0,0.0,0.0,0.0,0.0,0.0,0.0,0.0,0.0,0.0,0.0,0.0,0.0,0.0,0.0,0.0,0.0,0.0,0.0,0.0,0.0,0.0,0.0,0.0,0.0,0.0,0.0,1.0
1366273.0,4166145,1556.6,139537461.5,355230.98,0.2788823529,56.66,25.73692307692308,0.0167361784615384,5.720000000000001,50.10773681210567,0.8400000000000001,13.55354297061445,166.09753108897215,0.4906250423728123,3,6,0.0,0.0,1.0,0.0,0.0,0.0,0.0,0.0,0.0,0.0,0.0,0.0,0.0,0.0,0.0,0.0,0.0,0.0,0.0,0.0,0.0,0.0,0.0,0.0,0.0,0.0,0.0,0.0,0.0,0.0,0.0,0.0,1.0
3783766.0,8917625,1556.6,386436021.6,983779.16,0.22352941180000002,105.98,25.77,0.0167399584615384,5.720000000000001,46.2535335572594,0.8400000000000001,35.064103762000215,198.4627062377578,0.4328921275244461,11,3,0.0,0.0,0.0,1.0,0.0,0.0,0.0,0.0,0.0,0.0,0.0,0.0,0.0,0.0,0.0,0.0,0.0,0.0,0.0,0.0,0.0,0.0,0.0,0.0,0.0,0.0,0.0,0.0,0.0,0.0,0.0,0.0,1.0
2109301.0,5054013,648.1,199687525.7,527325.25,0.2202727273,27.06,28.532307692307693,0.0191461015384615,5.933333333333334,49.825346311508135,0.9446072796934866,19.16359317079741,191.81044279192736,0.6556784530752668,6,10,1.0,0.0,0.0,0.0,0.0,0.0,0.0,0.0,0.0,0.0,0.0,0.0,0.0,0.0,0.0,0.0,0.0,0.0,0.0,0.0,0.0,0.0,0.0,0.0,0.0,0.0,0.0,0.0,0.0,0.0,0.0,0.0,0.0
712766.0,2272773,648.1,67477557.22,178191.5,0.2533636364,57.32,28.42230769230769,0.0188777492307692,5.933333333333334,45.89867953171292,0.9446072796934866,22.40003348100459,291.0697733971763,0.613236174910132,10,4,0.0,1.0,0.0,0.0,0.0,0.0,0.0,0.0,0.0,0.0,0.0,0.0,0.0,0.0,0.0,0.0,0.0,0.0,0.0,0.0,0.0,0.0,0.0,0.0,0.0,0.0,0.0,0.0,0.0,0.0,0.0,0.0,0.0
464497.0,444884,1973.6,43973930.99,116124.25,0.1076521739,65.8,22.55538461538461,0.0155359384615384,4.95,46.53044560815426,2.2666666666666666,12.444307156452371,307.22642792882857,0.5180985411128575,9,12,0.0,0.0,0.0,0.0,0.0,1.0,0.0,0.0,0.0,0.0,0.0,0.0,0.0,0.0,0.0,0.0,0.0,0.0,0.0,0.0,0.0,0.0,0.0,0.0,0.0,0.0,0.0,0.0,0.0,0.0,0.0,0.0,0.0
327468.0,622358,1973.6,31001395.56,81867.0,0.1794347826,65.8,22.55538461538461,0.0155359384615384,4.95,47.22699960842872,2.2666666666666666,14.001645850297695,258.26890137754685,0.383287785215195,3,6,0.0,0.0,1.0,0.0,0.0,1.0,0.0,0.0,0.0,0.0,0.0,0.0,0.0,0.0,0.0,0.0,0.0,0.0,0.0,0.0,0.0,0.0,0.0,0.0,0.0,0.0,0.0,0.0,0.0,0.0,0.0,0.0,0.0
1748715.0,2670560,1973.6,165550849.1,437178.75,0.1545652174,139.56,22.49269230769231,0.0155663861538461,4.95,46.59276879785112,2.2666666666666666,14.07333707268184,304.8629693501769,0.2895488645514392,11,3,0.0,0.0,0.0,1.0,0.0,1.0,0.0,0.0,0.0,0.0,0.0,0.0,0.0,0.0,0.0,0.0,0.0,0.0,0.0,0.0,0.0,0.0,0.0,0.0,0.0,0.0,0.0,0.0,0.0,0.0,0.0,0.0,0.0
33728.0,90072,2516.3,3193029.76,8432.0,0.267,1.6,28.85923076923077,0.0204488861538461,7.475,46.91511726610324,0.5666666666666667,25.64779898927183,291.7739441091844,0.2899918131210338,6,10,1.0,0.0,0.0,0.0,0.0,0.0,0.0,0.0,0.0,1.0,0.0,0.0,0.0,0.0,0.0,0.0,0.0,0.0,0.0,0.0,0.0,0.0,0.0,0.0,0.0,0.0,0.0,0.0,0.0,0.0,0.0,0.0,0.0
16441.0,44695,2516.3,1556469.47,4110.25,0.272,8.17,28.328461538461536,0.0203912584615384,7.475,44.75914041151907,0.5666666666666667,39.50178013756936,322.50018754482585,0.5498812428452419,10,4,0.0,1.0,0.0,0.0,0.0,0.0,0.0,0.0,0.0,1.0,0.0,0.0,0.0,0.0,0.0,0.0,0.0,0.0,0.0,0.0,0.0,0.0,0.0,0.0,0.0,0.0,0.0,0.0,0.0,0.0,0.0,0.0,0.0
112438.0,233217,2511.2,10644505.46,28109.5,0.2130769231,82.33,27.34230769230769,0.0185127507692307,8.185714285714285,45.02097470062936,0.9446072796934866,28.48646031541288,187.56457741725205,0.4239933160452559,9,12,0.0,0.0,0.0,0.0,0.0,0.0,0.0,0.0,0.0,0.0,0.0,0.0,0.0,0.0,0.0,0.0,1.0,0.0,0.0,0.0,0.0,0.0,0.0,0.0,0.0,0.0,0.0,0.0,0.0,0.0,0.0,0.0,0.0
41079.0,111850,2511.2,3888948.93,10269.75,0.2212142857,82.33,27.34230769230769,0.0185127507692307,8.185714285714285,48.583630173367744,0.9446072796934866,21.94316143640205,279.0456187617629,0.6066949822710408,3,6,0.0,0.0,1.0,0.0,0.0,0.0,0.0,0.0,0.0,0.0,0.0,0.0,0.0,0.0,0.0,0.0,1.0,0.0,0.0,0.0,0.0,0.0,0.0,0.0,0.0,0.0,0.0,0.0,0.0,0.0,0.0,0.0,0.0
157004.0,343792,2511.2,14863568.68,39251.0,0.21235714290000002,170.44,27.34692307692308,0.018685163076923,8.185714285714285,47.06613967956454,0.9446072796934866,31.85618687540817,288.72393010352334,0.735056823779347,11,3,0.0,0.0,0.0,1.0,0.0,0.0,0.0,0.0,0.0,0.0,0.0,0.0,0.0,0.0,0.0,0.0,1.0,0.0,0.0,0.0,0.0,0.0,0.0,0.0,0.0,0.0,0.0,0.0,0.0,0.0,0.0,0.0,0.0
1516537.0,3577108,315.9,143570557.8,379134.25,0.2884642857,37.03,28.11076923076923,0.01972332,6.609240608075417,50.011699221268245,1.15,17.31950216804608,241.0678019720122,0.2746471754096679,6,10,1.0,0.0,0.0,0.0,0.0,0.0,0.0,0.0,0.0,0.0,0.0,0.0,0.0,0.0,0.0,0.0,0.0,0.0,0.0,0.0,0.0,0.0,0.0,0.0,0.0,0.0,0.0,1.0,0.0,0.0,0.0,0.0,0.0
384965.0,796652,1629.1,36444636.55,96241.25,0.2092777778,49.32,25.80307692307692,0.0167437384615384,5.720000000000001,47.00919645455234,0.8400000000000001,37.95432982308383,140.35563367658025,0.5787595221887112,9,12,0.0,0.0,0.0,0.0,0.0,0.0,0.0,0.0,0.0,0.0,0.0,0.0,0.0,0.0,0.0,0.0,0.0,0.0,0.0,0.0,0.0,0.0,0.0,0.0,0.0,0.0,0.0,0.0,0.0,0.0,0.0,0.0,1.0
1406078.0,4198595,1629.1,133113404.3,351519.5,0.2747777778,49.32,25.80307692307692,0.0167437384615384,5.720000000000001,45.080666155179344,0.8400000000000001,25.088299508962,206.86375288276955,0.1353158344656212,3,6,0.0,0.0,1.0,0.0,0.0,0.0,0.0,0.0,0.0,0.0,0.0,0.0,0.0,0.0,0.0,0.0,0.0,0.0,0.0,0.0,0.0,0.0,0.0,0.0,0.0,0.0,0.0,0.0,0.0,0.0,0.0,0.0,1.0
4051084.0,9393991,1629.1,383516122.3,1012771.0,0.22216666670000002,99.65,25.82038461538462,0.01674792,5.720000000000001,46.33887029800235,0.8400000000000001,46.16658675653257,153.13279706219186,0.576719775985419,11,3,0.0,0.0,0.0,1.0,0.0,0.0,0.0,0.0,0.0,0.0,0.0,0.0,0.0,0.0,0.0,0.0,0.0,0.0,0.0,0.0,0.0,0.0,0.0,0.0,0.0,0.0,0.0,0.0,0.0,0.0,0.0,0.0,1.0
2108904.0,5841539,826.0,208739317.9,506136.96,0.2670909091,30.26,28.31230769230769,0.0186093969230769,5.933333333333334,49.62133717485858,0.9446072796934866,17.371072910969936,229.29857423733887,0.6624507416173979,6,10,1.0,0.0,0.0,0.0,0.0,0.0,0.0,0.0,0.0,0.0,0.0,0.0,0.0,0.0,0.0,0.0,0.0,0.0,0.0,0.0,0.0,0.0,0.0,0.0,0.0,0.0,0.0,0.0,0.0,0.0,0.0,0.0,0.0
865734.0,3111263,826.0,85690351.32,207776.16,0.2729090909,57.14,28.018846153846155,0.0188766969230769,5.933333333333334,46.46027601263797,0.9446072796934866,28.594766369633184,293.8588524180548,0.6055570738213947,10,4,0.0,1.0,0.0,0.0,0.0,0.0,0.0,0.0,0.0,0.0,0.0,0.0,0.0,0.0,0.0,0.0,0.0,0.0,0.0,0.0,0.0,0.0,0.0,0.0,0.0,0.0,0.0,0.0,0.0,0.0,0.0,0.0,0.0
441143.0,430374,2213.7,43664334.14,105874.32,0.1118695652,73.76,22.430000000000003,0.0155968338461538,4.95,46.37421125051586,2.2666666666666666,18.455165177430565,267.59132286040574,0.31003016653259,9,12,0.0,0.0,0.0,0.0,0.0,1.0,0.0,0.0,0.0,0.0,0.0,0.0,0.0,0.0,0.0,0.0,0.0,0.0,0.0,0.0,0.0,0.0,0.0,0.0,0.0,0.0,0.0,0.0,0.0,0.0,0.0,0.0,0.0
319480.0,573189,2213.7,31622130.4,76675.2,0.1493913043,73.76,22.430000000000003,0.0155968338461538,4.95,50.31794404308584,2.2666666666666666,10.140101071951436,274.9790728082359,0.6189920646294437,3,6,0.0,0.0,1.0,0.0,0.0,1.0,0.0,0.0,0.0,0.0,0.0,0.0,0.0,0.0,0.0,0.0,0.0,0.0,0.0,0.0,0.0,0.0,0.0,0.0,0.0,0.0,0.0,0.0,0.0,0.0,0.0,0.0,0.0
1769203.0,2877371,2213.7,175115712.9,424608.72,0.1618695652,150.08,22.343846153846155,0.0155776984615384,4.95,46.28634911706301,2.2666666666666666,27.238642383133342,296.5654444445107,0.3145892690805651,11,3,0.0,0.0,0.0,1.0,0.0,1.0,0.0,0.0,0.0,0.0,0.0,0.0,0.0,0.0,0.0,0.0,0.0,0.0,0.0,0.0,0.0,0.0,0.0,0.0,0.0,0.0,0.0,0.0,0.0,0.0,0.0,0.0,0.0
35471.0,115996,3011.6,3510919.58,8513.04,0.327,6.57,27.79769230769231,0.0203336307692307,7.475,44.761814907831074,0.5666666666666667,28.665792589522724,296.2447665498638,0.5020614091318395,6,10,1.0,0.0,0.0,0.0,0.0,0.0,0.0,0.0,0.0,1.0,0.0,0.0,0.0,0.0,0.0,0.0,0.0,0.0,0.0,0.0,0.0,0.0,0.0,0.0,0.0,0.0,0.0,0.0,0.0,0.0,0.0,0.0,0.0
17330.0,54665,3011.6,1715323.4,4159.2,0.315,10.31,28.310384615384613,0.0203915769230769,7.475,49.003742179773816,0.5666666666666667,10.708930804778609,223.16870830695564,0.2800677120356649,10,4,0.0,1.0,0.0,0.0,0.0,0.0,0.0,0.0,0.0,1.0,0.0,0.0,0.0,0.0,0.0,0.0,0.0,0.0,0.0,0.0,0.0,0.0,0.0,0.0,0.0,0.0,0.0,0.0,0.0,0.0,0.0,0.0,0.0
944272.0,2100123,867.6,93464042.56,226625.28,0.2133333333,22.3,24.37692307692308,0.0207158676923076,6.555555555555555,48.48135688869821,0.9446072796934866,38.62815821874371,285.8918145399714,0.7088148609105449,6,10,1.0,0.0,0.0,0.0,0.0,0.0,0.0,0.0,0.0,0.0,0.0,0.0,0.0,0.0,0.0,1.0,0.0,0.0,0.0,0.0,0.0,0.0,0.0,0.0,0.0,0.0,0.0,0.0,0.0,0.0,0.0,0.0,0.0
54629.0,158046,867.6,5407178.42,13110.96,0.2892,57.46,23.77346153846154,0.0207142061538461,6.555555555555555,50.37665964900916,0.9446072796934866,46.17141832822362,221.3230251897461,0.3651505113212275,10,4,0.0,1.0,0.0,0.0,0.0,0.0,0.0,0.0,0.0,0.0,0.0,0.0,0.0,0.0,0.0,1.0,0.0,0.0,0.0,0.0,0.0,0.0,0.0,0.0,0.0,0.0,0.0,0.0,0.0,0.0,0.0,0.0,0.0
74998.0,292230,867.6,7423302.04,17999.52,0.38768,22.3,24.37692307692308,0.0207158676923076,6.555555555555555,44.273109479895766,0.9446072796934866,27.844576687365223,189.4743610562573,0.158500200701956,3,6,0.0,0.0,1.0,0.0,0.0,0.0,0.0,0.0,0.0,0.0,0.0,0.0,0.0,0.0,0.0,1.0,0.0,0.0,0.0,0.0,0.0,0.0,0.0,0.0,0.0,0.0,0.0,0.0,0.0,0.0,0.0,0.0,0.0
102770.0,220132,2386.0,10172174.6,24664.8,0.21407692310000004,88.11,27.35153846153846,0.0188575753846153,8.185714285714285,50.13341768516469,0.9446072796934866,25.83732932011702,284.50849759357084,0.7818830284871712,9,12,0.0,0.0,0.0,0.0,0.0,0.0,0.0,0.0,0.0,0.0,0.0,0.0,0.0,0.0,0.0,0.0,1.0,0.0,0.0,0.0,0.0,0.0,0.0,0.0,0.0,0.0,0.0,0.0,0.0,0.0,0.0,0.0,0.0
37186.0,83239,2386.0,3680670.28,8924.64,0.1845,88.11,27.35153846153846,0.0188575753846153,8.185714285714285,49.71374091733932,0.9446072796934866,20.22098340554368,197.25494689538917,0.2406182355184888,3,6,0.0,0.0,1.0,0.0,0.0,0.0,0.0,0.0,0.0,0.0,0.0,0.0,0.0,0.0,0.0,0.0,1.0,0.0,0.0,0.0,0.0,0.0,0.0,0.0,0.0,0.0,0.0,0.0,0.0,0.0,0.0,0.0,0.0
147384.0,266674,2386.0,14588068.32,35372.16,0.19607142860000001,197.67,27.208076923076923,0.0186483184615384,8.185714285714285,46.51202775504621,0.9446072796934866,10.515532925975332,303.86350499970484,0.7241952728263472,11,3,0.0,0.0,0.0,1.0,0.0,0.0,0.0,0.0,0.0,0.0,0.0,0.0,0.0,0.0,0.0,0.0,1.0,0.0,0.0,0.0,0.0,0.0,0.0,0.0,0.0,0.0,0.0,0.0,0.0,0.0,0.0,0.0,0.0
109721.0,200703,3321.3,10860184.58,26333.04,0.17985714290000002,94.71,18.845384615384617,0.0153097476923076,5.720000000000001,49.79154697436272,0.8400000000000001,17.275784872039956,280.45574243383703,0.5408019836826935,6,10,1.0,0.0,0.0,0.0,0.0,0.0,0.0,0.0,0.0,0.0,0.0,0.0,0.0,0.0,0.0,0.0,0.0,0.0,0.0,0.0,1.0,0.0,0.0,0.0,0.0,0.0,0.0,0.0,0.0,0.0,0.0,0.0,0.0
25065.0,67003,1434.5875,2480933.7,6015.6,0.2993333333,29.83,28.24153846153846,0.0195628153846153,6.609240608075417,44.34080508175792,1.15,10.380223645724676,271.6643606409261,0.723391352881514,6,10,1.0,0.0,0.0,0.0,0.0,0.0,0.0,0.0,0.0,0.0,0.0,0.0,0.0,0.0,0.0,0.0,0.0,0.0,0.0,0.0,0.0,0.0,0.0,0.0,1.0,0.0,0.0,0.0,0.0,0.0,0.0,0.0,0.0
1396651.0,3222776,345.6,138240516.0,335196.24,0.2728214286,31.69,28.22384615384616,0.0194959938461538,6.609240608075417,48.05220965384216,1.15,22.96064864973164,273.29501733166074,0.5621277137813866,6,10,1.0,0.0,0.0,0.0,0.0,0.0,0.0,0.0,0.0,0.0,0.0,0.0,0.0,0.0,0.0,0.0,0.0,0.0,0.0,0.0,0.0,0.0,0.0,0.0,0.0,0.0,0.0,1.0,0.0,0.0,0.0,0.0,0.0
339753.0,719205,1526.7,33628751.94,81540.72,0.21316666670000003,50.33,25.837692307692308,0.0167521015384615,5.720000000000001,48.49877604633791,0.8400000000000001,17.264739603847026,262.34141169950925,0.3995141104133202,9,12,0.0,0.0,0.0,0.0,0.0,0.0,0.0,0.0,0.0,0.0,0.0,0.0,0.0,0.0,0.0,0.0,0.0,0.0,0.0,0.0,0.0,0.0,0.0,0.0,0.0,0.0,0.0,0.0,0.0,0.0,0.0,0.0,1.0
1390148.0,4289454,1526.7,137596849.0,333635.52,0.28794444440000005,50.33,25.837692307692308,0.0167521015384615,5.720000000000001,46.22628356855276,0.8400000000000001,26.21952539719406,262.90508075689667,0.4782948375102042,3,6,0.0,0.0,1.0,0.0,0.0,0.0,0.0,0.0,0.0,0.0,0.0,0.0,0.0,0.0,0.0,0.0,0.0,0.0,0.0,0.0,0.0,0.0,0.0,0.0,0.0,0.0,0.0,0.0,0.0,0.0,0.0,0.0,1.0
4126706.0,9653580,1526.7,408461359.9,990409.44,0.2283333333,99.78,25.753846153846155,0.016816943076923,5.720000000000001,49.49675196030128,0.8400000000000001,17.21200228339935,240.98440579910516,0.2378523261248521,11,3,0.0,0.0,0.0,1.0,0.0,0.0,0.0,0.0,0.0,0.0,0.0,0.0,0.0,0.0,0.0,0.0,0.0,0.0,0.0,0.0,0.0,0.0,0.0,0.0,0.0,0.0,0.0,0.0,0.0,0.0,0.0,0.0,1.0
1055061.0,2627561,1117.7,114305308.7,221562.81,0.23700000000000002,35.160000000000004,23.17,0.0207125446153846,6.555555555555555,45.28269761078965,0.9446072796934866,40.25816880750263,237.33101328718212,0.7022177559713354,6,10,1.0,0.0,0.0,0.0,0.0,0.0,0.0,0.0,0.0,0.0,0.0,0.0,0.0,0.0,0.0,1.0,0.0,0.0,0.0,0.0,0.0,0.0,0.0,0.0,0.0,0.0,0.0,0.0,0.0,0.0,0.0,0.0,0.0
43861.0,144235,1117.7,4751900.74,9210.81,0.3388666667,82.32000000000001,23.23730769230769,0.0202780661538461,6.555555555555555,49.873193656447846,0.9446072796934866,28.040471439696677,277.3281350169205,0.6860074149650381,10,4,0.0,1.0,0.0,0.0,0.0,0.0,0.0,0.0,0.0,0.0,0.0,0.0,0.0,0.0,0.0,1.0,0.0,0.0,0.0,0.0,0.0,0.0,0.0,0.0,0.0,0.0,0.0,0.0,0.0,0.0,0.0,0.0,0.0
209257.0,935326,1117.7,22670903.38,43943.97,0.42516666670000003,35.160000000000004,23.17,0.0207125446153846,6.555555555555555,46.15618907807978,0.9446072796934866,10.96697489013613,190.53937232103308,0.5857614628327791,3,6,0.0,0.0,1.0,0.0,0.0,0.0,0.0,0.0,0.0,0.0,0.0,0.0,0.0,0.0,0.0,1.0,0.0,0.0,0.0,0.0,0.0,0.0,0.0,0.0,0.0,0.0,0.0,0.0,0.0,0.0,0.0,0.0,0.0
105349.0,241824,2880.2,11413510.66,22123.29,0.2271538462,109.56,27.064615384615383,0.0184390615384615,8.185714285714285,45.50063320411164,0.9446072796934866,24.74649806058132,183.5421477417654,0.5930963158068951,9,12,0.0,0.0,0.0,0.0,0.0,0.0,0.0,0.0,0.0,0.0,0.0,0.0,0.0,0.0,0.0,0.0,1.0,0.0,0.0,0.0,0.0,0.0,0.0,0.0,0.0,0.0,0.0,0.0,0.0,0.0,0.0,0.0,0.0
35732.0,89752,2880.2,3871204.88,7503.72,0.22569230770000004,109.56,27.064615384615383,0.0184390615384615,8.185714285714285,48.79661943632459,0.9446072796934866,26.26718103499856,293.7910834508499,0.1968117203702614,3,6,0.0,0.0,1.0,0.0,0.0,0.0,0.0,0.0,0.0,0.0,0.0,0.0,0.0,0.0,0.0,0.0,1.0,0.0,0.0,0.0,0.0,0.0,0.0,0.0,0.0,0.0,0.0,0.0,0.0,0.0,0.0,0.0,0.0
148893.0,335529,2880.2,16131067.62,31267.53,0.2175714286,218.44,27.067692307692308,0.018220583076923,8.185714285714285,48.95292084015102,0.9446072796934866,15.119830797774815,170.8817620699981,0.6545208062269012,11,3,0.0,0.0,0.0,1.0,0.0,0.0,0.0,0.0,0.0,0.0,0.0,0.0,0.0,0.0,0.0,0.0,1.0,0.0,0.0,0.0,0.0,0.0,0.0,0.0,0.0,0.0,0.0,0.0,0.0,0.0,0.0,0.0,0.0
32667.0,37766,4767.9,3539142.78,6860.07,0.1492857143,103.79,18.724615384615383,0.0150672738461538,5.720000000000001,44.92499421119615,0.8400000000000001,15.413230749928776,262.60419219270136,0.4753089324737016,9,12,0.0,0.0,0.0,0.0,0.0,0.0,0.0,0.0,0.0,0.0,0.0,0.0,0.0,0.0,0.0,0.0,0.0,0.0,0.0,0.0,1.0,0.0,0.0,0.0,0.0,0.0,0.0,0.0,0.0,0.0,0.0,0.0,0.0
9224.0,37439,4767.9,999328.16,1937.04,0.20783333329999998,103.79,18.724615384615383,0.0150672738461538,5.720000000000001,48.20790979328771,0.8400000000000001,15.790578238810696,208.09392838402204,0.507326496582486,3,6,0.0,0.0,1.0,0.0,0.0,0.0,0.0,0.0,0.0,0.0,0.0,0.0,0.0,0.0,0.0,0.0,0.0,0.0,0.0,0.0,1.0,0.0,0.0,0.0,0.0,0.0,0.0,0.0,0.0,0.0,0.0,0.0,0.0
69659.0,118514,4767.9,7546856.06,14628.39,0.1792857143,202.89,18.874615384615385,0.0152174907692307,5.720000000000001,44.75751826613716,0.8400000000000001,34.45145600126034,293.07291774961925,0.2312164725363514,11,3,0.0,0.0,0.0,1.0,0.0,0.0,0.0,0.0,0.0,0.0,0.0,0.0,0.0,0.0,0.0,0.0,0.0,0.0,0.0,0.0,1.0,0.0,0.0,0.0,0.0,0.0,0.0,0.0,0.0,0.0,0.0,0.0,0.0
1872822.0,5061622,1034.0,202901535.5,393292.62,0.3015172414,48.17,27.48846153846154,0.0198194399999999,6.609240608075417,48.48381503271965,1.15,27.9418244979329,276.1365265177224,0.1616653038273024,6,10,1.0,0.0,0.0,0.0,0.0,0.0,0.0,0.0,0.0,0.0,0.0,0.0,0.0,0.0,0.0,0.0,0.0,0.0,0.0,0.0,0.0,0.0,0.0,0.0,0.0,0.0,0.0,1.0,0.0,0.0,0.0,0.0,0.0
2526108.0,6376990,1075.5,302930871.4,530482.68,0.25490909089999997,42.24,27.957692307692305,0.0183066923076923,5.933333333333334,48.42471056085184,0.9446072796934866,11.15087661173051,228.74037587447444,0.4962239795457706,6,10,1.0,0.0,0.0,0.0,0.0,0.0,0.0,0.0,0.0,0.0,0.0,0.0,0.0,0.0,0.0,0.0,0.0,0.0,0.0,0.0,0.0,0.0,0.0,0.0,0.0,0.0,0.0,0.0,0.0,0.0,0.0,0.0,0.0
1455643.0,5326634,1075.5,174560708.6,305685.03,0.31322727270000006,89.75,27.80307692307692,0.0185543861538461,5.933333333333334,47.30783543464892,0.9446072796934866,28.12232289776241,287.8613484122002,0.462739612635842,10,4,0.0,1.0,0.0,0.0,0.0,0.0,0.0,0.0,0.0,0.0,0.0,0.0,0.0,0.0,0.0,0.0,0.0,0.0,0.0,0.0,0.0,0.0,0.0,0.0,0.0,0.0,0.0,0.0,0.0,0.0,0.0,0.0,0.0
398316.0,398077,2184.6,47766054.72,83646.36,0.1132222222,74.16,22.76846153846154,0.0157282061538461,4.95,45.78158190221903,2.2666666666666666,22.147827227588444,266.20074538753323,0.6560058222100296,9,12,0.0,0.0,0.0,0.0,0.0,1.0,0.0,0.0,0.0,0.0,0.0,0.0,0.0,0.0,0.0,0.0,0.0,0.0,0.0,0.0,0.0,0.0,0.0,0.0,0.0,0.0,0.0,0.0,0.0,0.0,0.0,0.0,0.0
314671.0,559969,2184.6,37735346.32,66080.91,0.16376923080000003,74.16,22.76846153846154,0.0157282061538461,4.95,47.95698725555138,2.2666666666666666,31.533251479051216,286.58801222888786,0.4069741791452816,3,6,0.0,0.0,1.0,0.0,0.0,1.0,0.0,0.0,0.0,0.0,0.0,0.0,0.0,0.0,0.0,0.0,0.0,0.0,0.0,0.0,0.0,0.0,0.0,0.0,0.0,0.0,0.0,0.0,0.0,0.0,0.0,0.0,0.0
1707340.0,2594392,2184.6,204744212.8,358541.4,0.1502592593,128.5,22.83384615384616,0.015914603076923,4.95,48.56912082982844,2.2666666666666666,9.307672922926782,308.1316426298897,0.7077308486658798,11,3,0.0,0.0,0.0,1.0,0.0,1.0,0.0,0.0,0.0,0.0,0.0,0.0,0.0,0.0,0.0,0.0,0.0,0.0,0.0,0.0,0.0,0.0,0.0,0.0,0.0,0.0,0.0,0.0,0.0,0.0,0.0,0.0,0.0
1075993.0,2770413,1316.2,129033080.6,225958.53,0.25096296300000004,47.16,23.30461538461538,0.0198435876923076,6.555555555555555,50.55220137233858,0.9446072796934866,42.7573458693372,220.94336458601595,0.4023826187298847,6,10,1.0,0.0,0.0,0.0,0.0,0.0,0.0,0.0,0.0,0.0,0.0,0.0,0.0,0.0,0.0,1.0,0.0,0.0,0.0,0.0,0.0,0.0,0.0,0.0,0.0,0.0,0.0,0.0,0.0,0.0,0.0,0.0,0.0
44944.0,97483,1316.2,5389684.48,9438.24,0.22675,70.7,23.276538461538465,0.0202920507692307,6.555555555555555,45.795388073288414,0.9446072796934866,12.820046506837132,286.9838148674339,0.2642568586856106,10,4,0.0,1.0,0.0,0.0,0.0,0.0,0.0,0.0,0.0,0.0,0.0,0.0,0.0,0.0,0.0,1.0,0.0,0.0,0.0,0.0,0.0,0.0,0.0,0.0,0.0,0.0,0.0,0.0,0.0,0.0,0.0,0.0,0.0
364244.0,1131350,1316.2,43680140.48,76491.24,0.30144000000000004,47.16,23.30461538461538,0.0198435876923076,6.555555555555555,47.25299379438739,0.9446072796934866,11.15777798503417,272.48355424597025,0.483573879511615,3,6,0.0,0.0,1.0,0.0,0.0,0.0,0.0,0.0,0.0,0.0,0.0,0.0,0.0,0.0,0.0,1.0,0.0,0.0,0.0,0.0,0.0,0.0,0.0,0.0,0.0,0.0,0.0,0.0,0.0,0.0,0.0,0.0,0.0
98256.0,212520,3030.9,11782859.52,20633.76,0.20969230770000002,108.88,27.07076923076924,0.0180021046153846,8.185714285714285,44.87075672344803,0.9446072796934866,40.92155143883603,323.34170111566004,0.2524367265584362,9,12,0.0,0.0,0.0,0.0,0.0,0.0,0.0,0.0,0.0,0.0,0.0,0.0,0.0,0.0,0.0,0.0,1.0,0.0,0.0,0.0,0.0,0.0,0.0,0.0,0.0,0.0,0.0,0.0,0.0,0.0,0.0,0.0,0.0
21857.0,59733,3030.9,2621091.44,4589.97,0.23457142860000002,108.88,27.07076923076924,0.0180021046153846,8.185714285714285,47.31879986509436,0.9446072796934866,14.832015871904868,203.71009536856508,0.6828246101621511,3,6,0.0,0.0,1.0,0.0,0.0,0.0,0.0,0.0,0.0,0.0,0.0,0.0,0.0,0.0,0.0,0.0,1.0,0.0,0.0,0.0,0.0,0.0,0.0,0.0,0.0,0.0,0.0,0.0,0.0,0.0,0.0,0.0,0.0
155629.0,357734,3030.9,18663029.68,32682.09,0.2189285714,231.39,27.065384615384616,0.0181587738461538,8.185714285714285,46.34541068970052,0.9446072796934866,20.043157763153307,230.2991562727874,0.3665888481144306,11,3,0.0,0.0,0.0,1.0,0.0,0.0,0.0,0.0,0.0,0.0,0.0,0.0,0.0,0.0,0.0,0.0,1.0,0.0,0.0,0.0,0.0,0.0,0.0,0.0,0.0,0.0,0.0,0.0,0.0,0.0,0.0,0.0,0.0
32678.0,43762,3374.4,3918745.76,6862.38,0.1597142857,99.1,19.024615384615384,0.0153677076923076,5.720000000000001,49.73179474652478,0.8400000000000001,23.201825021426597,256.31829697989343,0.399859485467687,9,12,0.0,0.0,0.0,0.0,0.0,0.0,0.0,0.0,0.0,0.0,0.0,0.0,0.0,0.0,0.0,0.0,0.0,0.0,0.0,0.0,1.0,0.0,0.0,0.0,0.0,0.0,0.0,0.0,0.0,0.0,0.0,0.0,0.0
9791.0,39910,3374.4,1174136.72,2056.11,0.22450000000000003,99.1,19.024615384615384,0.0153677076923076,5.720000000000001,44.42381406002905,0.8400000000000001,30.49722032731097,281.25740441243977,0.5709619633953589,3,6,0.0,0.0,1.0,0.0,0.0,0.0,0.0,0.0,0.0,0.0,0.0,0.0,0.0,0.0,0.0,0.0,0.0,0.0,0.0,0.0,1.0,0.0,0.0,0.0,0.0,0.0,0.0,0.0,0.0,0.0,0.0,0.0,0.0
63602.0,124605,3374.4,7627151.84,13356.42,0.1971428571,177.29,19.154230769230768,0.0155974569230769,5.720000000000001,49.23175256678252,0.8400000000000001,34.27441927881296,209.0340496789397,0.1711549212070539,11,3,0.0,0.0,0.0,1.0,0.0,0.0,0.0,0.0,0.0,0.0,0.0,0.0,0.0,0.0,0.0,0.0,0.0,0.0,0.0,0.0,1.0,0.0,0.0,0.0,0.0,0.0,0.0,0.0,0.0,0.0,0.0,0.0,0.0
2050455.0,5209433,1364.1,245890563.6,430595.55,0.2895517241,67.22,27.894615384615385,0.0190043169230769,6.609240608075417,45.52508644286592,1.15,11.618509928036309,203.53210761709005,0.647818302772442,6,10,1.0,0.0,0.0,0.0,0.0,0.0,0.0,0.0,0.0,0.0,0.0,0.0,0.0,0.0,0.0,0.0,0.0,0.0,0.0,0.0,0.0,0.0,0.0,0.0,0.0,0.0,0.0,1.0,0.0,0.0,0.0,0.0,0.0
288129.0,605612,1650.1,34552429.68,60507.09,0.2116111111,50.7,25.957692307692305,0.0167696861538461,5.720000000000001,49.69281644303534,0.8400000000000001,23.027188542302696,266.16239193119173,0.4381979714208973,9,12,0.0,0.0,0.0,0.0,0.0,0.0,0.0,0.0,0.0,0.0,0.0,0.0,0.0,0.0,0.0,0.0,0.0,0.0,0.0,0.0,0.0,0.0,0.0,0.0,0.0,0.0,0.0,0.0,0.0,0.0,0.0,0.0,1.0
1381957.0,4047038,1650.1,165724283.4,290210.97,0.27672222220000003,50.7,25.957692307692305,0.0167696861538461,5.720000000000001,47.85569512930836,0.8400000000000001,13.685277538479236,147.81023715490716,0.4920335522012117,3,6,0.0,0.0,1.0,0.0,0.0,0.0,0.0,0.0,0.0,0.0,0.0,0.0,0.0,0.0,0.0,0.0,0.0,0.0,0.0,0.0,0.0,0.0,0.0,0.0,0.0,0.0,0.0,0.0,0.0,0.0,0.0,0.0,1.0
4112863.0,9858092,1650.1,493214531.0,863701.23,0.2317222222,105.11,25.93230769230769,0.0167121138461538,5.720000000000001,45.54651336503131,0.8400000000000001,29.406802888616426,256.131113033877,0.7022796597352117,11,3,0.0,0.0,0.0,1.0,0.0,0.0,0.0,0.0,0.0,0.0,0.0,0.0,0.0,0.0,0.0,0.0,0.0,0.0,0.0,0.0,0.0,0.0,0.0,0.0,0.0,0.0,0.0,0.0,0.0,0.0,0.0,0.0,1.0
5010.0,13285,1434.5875,639827.1,1102.2,0.264,38.33,27.87307692307693,0.0195112246153846,6.609240608075417,46.4886412845042,1.15,16.458326710248222,230.4394466266824,0.7250066401782749,6,10,1.0,0.0,0.0,0.0,0.0,0.0,0.0,0.0,0.0,0.0,0.0,0.0,0.0,0.0,0.0,0.0,0.0,0.0,0.0,0.0,0.0,0.0,0.0,0.0,1.0,0.0,0.0,0.0,0.0,0.0,0.0,0.0,0.0
12061.0,33581,1434.5875,1540310.31,2653.42,0.405,79.01,27.83192307692308,0.0195590353846153,6.609240608075417,49.27710480690328,1.15,16.589058163874952,279.7427947360626,0.5750696245635738,10,4,0.0,1.0,0.0,0.0,0.0,0.0,0.0,0.0,0.0,0.0,0.0,0.0,0.0,0.0,0.0,0.0,0.0,0.0,0.0,0.0,0.0,0.0,0.0,0.0,1.0,0.0,0.0,0.0,0.0,0.0,0.0,0.0,0.0
4574.0,13942,1434.5875,584145.54,1006.28,0.305,38.33,27.87307692307693,0.0195112246153846,6.609240608075417,47.61503830537509,1.15,9.955462593590433,310.8022908912551,0.7336263718230603,3,6,0.0,0.0,1.0,0.0,0.0,0.0,0.0,0.0,0.0,0.0,0.0,0.0,0.0,0.0,0.0,0.0,0.0,0.0,0.0,0.0,0.0,0.0,0.0,0.0,1.0,0.0,0.0,0.0,0.0,0.0,0.0,0.0,0.0
32679.0,44736,2454.7,4173435.09,7189.38,0.1641428571,78.19,19.283846153846152,0.0158272061538461,5.720000000000001,44.92711323274313,0.8400000000000001,15.81875780773708,247.53548021598857,0.5294378306374632,9,12,0.0,0.0,0.0,0.0,0.0,0.0,0.0,0.0,0.0,0.0,0.0,0.0,0.0,0.0,0.0,0.0,0.0,0.0,0.0,0.0,1.0,0.0,0.0,0.0,0.0,0.0,0.0,0.0,0.0,0.0,0.0,0.0,0.0
9854.0,39940,2454.7,1258454.34,2167.88,0.20771428570000003,175.33,19.06192307692308,0.0155249169230769,5.720000000000001,45.1658834272533,0.8400000000000001,27.80900305015969,195.14379578328357,0.4863959337932256,10,4,0.0,1.0,0.0,0.0,0.0,0.0,0.0,0.0,0.0,0.0,0.0,0.0,0.0,0.0,0.0,0.0,0.0,0.0,0.0,0.0,1.0,0.0,0.0,0.0,0.0,0.0,0.0,0.0,0.0,0.0,0.0,0.0,0.0
61752.0,115533,2454.7,7886347.92,13585.44,0.18528571430000002,175.33,19.06192307692308,0.0155249169230769,5.720000000000001,47.93855117273287,0.8400000000000001,18.554427515687827,264.82756900130835,0.3624452035815392,11,3,0.0,0.0,0.0,1.0,0.0,0.0,0.0,0.0,0.0,0.0,0.0,0.0,0.0,0.0,0.0,0.0,0.0,0.0,0.0,0.0,1.0,0.0,0.0,0.0,0.0,0.0,0.0,0.0,0.0,0.0,0.0,0.0,0.0
2640870.0,6949186,845.2,337265507.7,580991.4,0.2689090909,47.51,27.64846153846154,0.01880208,5.933333333333334,47.456739706116736,0.9446072796934866,26.38806713615533,316.9730242659167,0.5014651848850391,6,10,1.0,0.0,0.0,0.0,0.0,0.0,0.0,0.0,0.0,0.0,0.0,0.0,0.0,0.0,0.0,0.0,0.0,0.0,0.0,0.0,0.0,0.0,0.0,0.0,0.0,0.0,0.0,0.0,0.0,0.0,0.0,0.0,0.0
1337020.0,4922944,845.2,170750824.2,294144.4,0.30368181820000006,85.42,27.543076923076924,0.0186807184615384,5.933333333333334,49.2306476264189,0.9446072796934866,51.64958498342091,273.7866433995676,0.7058274064173824,10,4,0.0,1.0,0.0,0.0,0.0,0.0,0.0,0.0,0.0,0.0,0.0,0.0,0.0,0.0,0.0,0.0,0.0,0.0,0.0,0.0,0.0,0.0,0.0,0.0,0.0,0.0,0.0,0.0,0.0,0.0,0.0,0.0,0.0
379441.0,335708,1774.9,48458410.11,83477.02,0.10281481480000002,54.34,22.89923076923077,0.016101,4.95,45.44445592229983,2.2666666666666666,32.37582659889785,171.32134794830972,0.3901059432588267,9,12,0.0,0.0,0.0,0.0,0.0,1.0,0.0,0.0,0.0,0.0,0.0,0.0,0.0,0.0,0.0,0.0,0.0,0.0,0.0,0.0,0.0,0.0,0.0,0.0,0.0,0.0,0.0,0.0,0.0,0.0,0.0,0.0,0.0
312471.0,630162,1774.9,39905671.41,68743.62,0.1837037037,54.34,22.89923076923077,0.016101,4.95,46.2521471723252,2.2666666666666666,39.38556694935061,293.8661102703652,0.4689581468907026,3,6,0.0,0.0,1.0,0.0,0.0,1.0,0.0,0.0,0.0,0.0,0.0,0.0,0.0,0.0,0.0,0.0,0.0,0.0,0.0,0.0,0.0,0.0,0.0,0.0,0.0,0.0,0.0,0.0,0.0,0.0,0.0,0.0,0.0
1504647.0,1950144,1774.9,192158468.4,331022.34,0.12692592590000001,123.33,22.69884615384615,0.0158654907692307,4.95,47.3996035789035,2.2666666666666666,13.938615488255216,210.15597673003265,0.6737808967037646,11,3,0.0,0.0,0.0,1.0,0.0,1.0,0.0,0.0,0.0,0.0,0.0,0.0,0.0,0.0,0.0,0.0,0.0,0.0,0.0,0.0,0.0,0.0,0.0,0.0,0.0,0.0,0.0,0.0,0.0,0.0,0.0,0.0,0.0
1066981.0,2723038,1146.3,136264143.5,234735.82,0.2428148148,23.54,23.24846153846154,0.0207405138461538,6.555555555555555,48.41346346202435,0.9446072796934866,41.08346409010748,262.1350502100581,0.281983299839412,6,10,1.0,0.0,0.0,0.0,0.0,0.0,0.0,0.0,0.0,0.0,0.0,0.0,0.0,0.0,0.0,1.0,0.0,0.0,0.0,0.0,0.0,0.0,0.0,0.0,0.0,0.0,0.0,0.0,0.0,0.0,0.0,0.0,0.0
44063.0,99796,1146.3,5627285.73,9693.86,0.2335333333,62.34,23.24923076923077,0.0205278507692307,6.555555555555555,46.68975356719162,0.9446072796934866,32.50756074092576,292.7241520487032,0.3906596034844322,10,4,0.0,1.0,0.0,0.0,0.0,0.0,0.0,0.0,0.0,0.0,0.0,0.0,0.0,0.0,0.0,1.0,0.0,0.0,0.0,0.0,0.0,0.0,0.0,0.0,0.0,0.0,0.0,0.0,0.0,0.0,0.0,0.0,0.0
284632.0,822692,1146.3,36350352.72,62619.04,0.26825000000000004,23.54,23.24846153846154,0.0207405138461538,6.555555555555555,50.30896003960181,0.9446072796934866,19.70012383985687,218.41802812215076,0.565850926640003,3,6,0.0,0.0,1.0,0.0,0.0,0.0,0.0,0.0,0.0,0.0,0.0,0.0,0.0,0.0,0.0,1.0,0.0,0.0,0.0,0.0,0.0,0.0,0.0,0.0,0.0,0.0,0.0,0.0,0.0,0.0,0.0,0.0,0.0
83859.0,191241,3429.7,10709632.89,18448.98,0.22707692310000002,122.51,27.06,0.018315443076923,8.185714285714285,49.40896068345341,0.9446072796934866,25.15555397792624,194.8596400879992,0.4305956998736113,9,12,0.0,0.0,0.0,0.0,0.0,0.0,0.0,0.0,0.0,0.0,0.0,0.0,0.0,0.0,0.0,0.0,1.0,0.0,0.0,0.0,0.0,0.0,0.0,0.0,0.0,0.0,0.0,0.0,0.0,0.0,0.0,0.0,0.0
35946.0,103571,3429.7,4590663.66,7908.12,0.24978571430000002,122.51,27.06,0.018315443076923,8.185714285714285,50.05454305967082,0.9446072796934866,30.88081771310624,205.4912963581285,0.4612318870054161,3,6,0.0,0.0,1.0,0.0,0.0,0.0,0.0,0.0,0.0,0.0,0.0,0.0,0.0,0.0,0.0,0.0,1.0,0.0,0.0,0.0,0.0,0.0,0.0,0.0,0.0,0.0,0.0,0.0,0.0,0.0,0.0,0.0,0.0
143724.0,346763,3429.7,18354992.04,31619.28,0.2286428571,235.23,27.10076923076923,0.0182959892307692,8.185714285714285,46.51885123681182,0.9446072796934866,26.451983126900128,214.81477008771947,0.2197808817414277,11,3,0.0,0.0,0.0,1.0,0.0,0.0,0.0,0.0,0.0,0.0,0.0,0.0,0.0,0.0,0.0,0.0,1.0,0.0,0.0,0.0,0.0,0.0,0.0,0.0,0.0,0.0,0.0,0.0,0.0,0.0,0.0,0.0,0.0
1931397.0,6610607,927.9,246658710.9,424907.34,0.3584827586,43.8,27.8,0.0196270615384615,6.609240608075417,48.65310073651042,1.15,14.834767579205526,220.9260712768531,0.4327776239661567,6,10,1.0,0.0,0.0,0.0,0.0,0.0,0.0,0.0,0.0,0.0,0.0,0.0,0.0,0.0,0.0,0.0,0.0,0.0,0.0,0.0,0.0,0.0,0.0,0.0,0.0,0.0,0.0,1.0,0.0,0.0,0.0,0.0,0.0
283859.0,575294,1631.4,36251632.89,62448.98,0.20011111110000002,54.41,25.90692307692308,0.0166545415384615,5.720000000000001,46.54629030430858,0.8400000000000001,13.25316615458765,268.035136175786,0.3713503861782631,9,12,0.0,0.0,0.0,0.0,0.0,0.0,0.0,0.0,0.0,0.0,0.0,0.0,0.0,0.0,0.0,0.0,0.0,0.0,0.0,0.0,0.0,0.0,0.0,0.0,0.0,0.0,0.0,0.0,0.0,0.0,0.0,0.0,1.0
1401233.0,4520656,1631.4,178951466.4,308271.26,0.30288888890000004,54.41,25.90692307692308,0.0166545415384615,5.720000000000001,44.50428568156477,0.8400000000000001,16.43036922313409,238.2835235031665,0.3017848578826907,3,6,0.0,0.0,1.0,0.0,0.0,0.0,0.0,0.0,0.0,0.0,0.0,0.0,0.0,0.0,0.0,0.0,0.0,0.0,0.0,0.0,0.0,0.0,0.0,0.0,0.0,0.0,0.0,0.0,0.0,0.0,0.0,0.0,1.0
4001936.0,9649942,1631.4,511087246.6,880425.92,0.2291666667,124.11,25.68653846153846,0.0166144569230769,5.720000000000001,50.59946679986341,0.8400000000000001,22.175917484425863,180.44544652584312,0.6426853812926601,11,3,0.0,0.0,0.0,1.0,0.0,0.0,0.0,0.0,0.0,0.0,0.0,0.0,0.0,0.0,0.0,0.0,0.0,0.0,0.0,0.0,0.0,0.0,0.0,0.0,0.0,0.0,0.0,0.0,0.0,0.0,0.0,0.0,1.0
4379.0,12878,1434.5875,584158.6,700.64,0.2986666667,40.68,27.79076923076923,0.0196068461538461,6.609240608075417,48.61298089940792,1.15,45.0068570830356,161.44372783872157,0.4880366419828753,6,10,1.0,0.0,0.0,0.0,0.0,0.0,0.0,0.0,0.0,0.0,0.0,0.0,0.0,0.0,0.0,0.0,0.0,0.0,0.0,0.0,0.0,0.0,0.0,0.0,1.0,0.0,0.0,0.0,0.0,0.0,0.0,0.0,0.0
11411.0,28051,1434.5875,1522227.4,1825.76,0.30200000000000005,89.59,27.767307692307693,0.019593803076923,6.609240608075417,44.84862694859274,1.15,12.532264783304356,286.9326280739226,0.5994625162792173,10,4,0.0,1.0,0.0,0.0,0.0,0.0,0.0,0.0,0.0,0.0,0.0,0.0,0.0,0.0,0.0,0.0,0.0,0.0,0.0,0.0,0.0,0.0,0.0,0.0,1.0,0.0,0.0,0.0,0.0,0.0,0.0,0.0,0.0
4647.0,12395,1434.5875,619909.8,743.52,0.221,40.68,27.79076923076923,0.0196068461538461,6.609240608075417,49.703624987259246,1.15,56.119609321214526,179.09377075460054,0.2943124286786722,3,6,0.0,0.0,1.0,0.0,0.0,0.0,0.0,0.0,0.0,0.0,0.0,0.0,0.0,0.0,0.0,0.0,0.0,0.0,0.0,0.0,0.0,0.0,0.0,0.0,1.0,0.0,0.0,0.0,0.0,0.0,0.0,0.0,0.0
354115.0,347992,2154.1,47238941.0,56658.4,0.10825925930000001,68.99,22.49846153846154,0.0156299815384615,4.95,50.635253769795824,2.2666666666666666,23.74210480597521,319.04825845992195,0.3852774145141657,9,12,0.0,0.0,0.0,0.0,0.0,1.0,0.0,0.0,0.0,0.0,0.0,0.0,0.0,0.0,0.0,0.0,0.0,0.0,0.0,0.0,0.0,0.0,0.0,0.0,0.0,0.0,0.0,0.0,0.0,0.0,0.0,0.0,0.0
322889.0,731851,2154.1,43073392.6,51662.24,0.2085925926,68.99,22.49846153846154,0.0156299815384615,4.95,48.7239593953968,2.2666666666666666,18.63920531777669,275.90561424473185,0.5772365043032667,3,6,0.0,0.0,1.0,0.0,0.0,1.0,0.0,0.0,0.0,0.0,0.0,0.0,0.0,0.0,0.0,0.0,0.0,0.0,0.0,0.0,0.0,0.0,0.0,0.0,0.0,0.0,0.0,0.0,0.0,0.0,0.0,0.0,0.0
1646992.0,2238765,2154.1,219708732.8,263518.72,0.136962963,127.7,22.52346153846154,0.0157689276923076,4.95,49.0018179191834,2.2666666666666666,29.468052837253417,186.2194478198925,0.4180029205409222,11,3,0.0,0.0,0.0,1.0,0.0,1.0,0.0,0.0,0.0,0.0,0.0,0.0,0.0,0.0,0.0,0.0,0.0,0.0,0.0,0.0,0.0,0.0,0.0,0.0,0.0,0.0,0.0,0.0,0.0,0.0,0.0,0.0,0.0
1051466.0,2791181,1323.3,140265564.4,168234.56,0.25675862070000005,38.8,23.25,0.0203151876923076,6.555555555555555,44.900373405712,0.9446072796934866,37.83642420365028,303.81247462863325,0.5878878231096305,6,10,1.0,0.0,0.0,0.0,0.0,0.0,0.0,0.0,0.0,0.0,0.0,0.0,0.0,0.0,0.0,1.0,0.0,0.0,0.0,0.0,0.0,0.0,0.0,0.0,0.0,0.0,0.0,0.0,0.0,0.0,0.0,0.0,0.0
40325.0,86756,1323.3,5379355.0,6452.0,0.2255333333,78.71,23.00346153846154,0.0203349184615384,6.555555555555555,47.55222155992247,0.9446072796934866,26.83972584503605,259.09437470799674,0.5881050264497762,10,4,0.0,1.0,0.0,0.0,0.0,0.0,0.0,0.0,0.0,0.0,0.0,0.0,0.0,0.0,0.0,1.0,0.0,0.0,0.0,0.0,0.0,0.0,0.0,0.0,0.0,0.0,0.0,0.0,0.0,0.0,0.0,0.0,0.0
324525.0,990578,1323.3,43291635.0,51924.0,0.28469230770000004,38.8,23.25,0.0203151876923076,6.555555555555555,45.81560734853044,0.9446072796934866,13.457512797854644,304.5412029470822,0.8560625542327847,3,6,0.0,0.0,1.0,0.0,0.0,0.0,0.0,0.0,0.0,0.0,0.0,0.0,0.0,0.0,0.0,1.0,0.0,0.0,0.0,0.0,0.0,0.0,0.0,0.0,0.0,0.0,0.0,0.0,0.0,0.0,0.0,0.0,0.0
77533.0,168108,3489.6,10342902.2,12405.28,0.207,112.72,27.14153846153846,0.0182765353846153,8.185714285714285,47.42402542659463,0.9446072796934866,20.413963170089275,294.6809750532889,0.59660075721484,9,12,0.0,0.0,0.0,0.0,0.0,0.0,0.0,0.0,0.0,0.0,0.0,0.0,0.0,0.0,0.0,0.0,1.0,0.0,0.0,0.0,0.0,0.0,0.0,0.0,0.0,0.0,0.0,0.0,0.0,0.0,0.0,0.0,0.0
45447.0,109277,3489.6,6062629.8,7271.52,0.23357142860000002,112.72,27.14153846153846,0.0182765353846153,8.185714285714285,48.2004030047288,0.9446072796934866,37.13579544109009,215.82676263499485,0.4175867443245323,3,6,0.0,0.0,1.0,0.0,0.0,0.0,0.0,0.0,0.0,0.0,0.0,0.0,0.0,0.0,0.0,0.0,1.0,0.0,0.0,0.0,0.0,0.0,0.0,0.0,0.0,0.0,0.0,0.0,0.0,0.0,0.0,0.0,0.0
105958.0,251103,3489.6,14134797.2,16953.28,0.2252857143,199.69,27.019615384615385,0.01836126,8.185714285714285,48.03777194017533,0.9446072796934866,22.14744064109049,287.30745694886326,0.6124187466859329,11,3,0.0,0.0,0.0,1.0,0.0,0.0,0.0,0.0,0.0,0.0,0.0,0.0,0.0,0.0,0.0,0.0,1.0,0.0,0.0,0.0,0.0,0.0,0.0,0.0,0.0,0.0,0.0,0.0,0.0,0.0,0.0,0.0,0.0
1789170.0,5039954,1067.2,238675278.0,286267.2,0.3213793103,44.36,27.62,0.0193954707692307,6.609240608075417,49.68429456446482,1.15,24.943151885368103,206.530325869808,0.4945818590967019,6,10,1.0,0.0,0.0,0.0,0.0,0.0,0.0,0.0,0.0,0.0,0.0,0.0,0.0,0.0,0.0,0.0,0.0,0.0,0.0,0.0,0.0,0.0,0.0,0.0,0.0,0.0,0.0,1.0,0.0,0.0,0.0,0.0,0.0
281618.0,565825,2007.5,37567841.2,45058.88,0.1956111111,69.7,25.466153846153848,0.0165743723076923,5.720000000000001,45.07942819812988,0.8400000000000001,19.060193143106435,309.0520241497657,0.7234216444380911,9,12,0.0,0.0,0.0,0.0,0.0,0.0,0.0,0.0,0.0,0.0,0.0,0.0,0.0,0.0,0.0,0.0,0.0,0.0,0.0,0.0,0.0,0.0,0.0,0.0,0.0,0.0,0.0,0.0,0.0,0.0,0.0,0.0,1.0
1511593.0,4926105,2007.5,201646506.2,241854.88,0.30488888890000004,69.7,25.466153846153848,0.0165743723076923,5.720000000000001,48.52086228225739,0.8400000000000001,29.51642109001132,102.45429325169808,0.4288125752113554,3,6,0.0,0.0,1.0,0.0,0.0,0.0,0.0,0.0,0.0,0.0,0.0,0.0,0.0,0.0,0.0,0.0,0.0,0.0,0.0,0.0,0.0,0.0,0.0,0.0,0.0,0.0,0.0,0.0,0.0,0.0,0.0,0.0,1.0
3926544.0,9227590,2007.5,523800969.6,628247.04,0.22616666670000002,125.13,25.385,0.0165675738461538,5.720000000000001,46.4811142139625,0.8400000000000001,16.618507599539118,207.8310360167809,0.3701219350686366,11,3,0.0,0.0,0.0,1.0,0.0,0.0,0.0,0.0,0.0,0.0,0.0,0.0,0.0,0.0,0.0,0.0,0.0,0.0,0.0,0.0,0.0,0.0,0.0,0.0,0.0,0.0,0.0,0.0,0.0,0.0,0.0,0.0,1.0
4493.0,12290,1434.5875,642678.72,404.37,0.30000000000000004,48.91,27.74384615384616,0.01958076,6.609240608075417,44.2526105819184,1.15,24.73854309731632,199.81544120507684,0.6154092948796812,6,10,1.0,0.0,0.0,0.0,0.0,0.0,0.0,0.0,0.0,0.0,0.0,0.0,0.0,0.0,0.0,0.0,0.0,0.0,0.0,0.0,0.0,0.0,0.0,0.0,1.0,0.0,0.0,0.0,0.0,0.0,0.0,0.0,0.0
11306.0,24163,1434.5875,1617210.24,1017.54,0.282,88.4,27.98346153846154,0.019674983076923,6.609240608075417,48.7422981492925,1.15,11.69055020022028,250.1367948442848,0.3589328629839629,10,4,0.0,1.0,0.0,0.0,0.0,0.0,0.0,0.0,0.0,0.0,0.0,0.0,0.0,0.0,0.0,0.0,0.0,0.0,0.0,0.0,0.0,0.0,0.0,0.0,1.0,0.0,0.0,0.0,0.0,0.0,0.0,0.0,0.0
4981.0,14263,1434.5875,712482.24,448.29,0.21250000000000002,48.91,27.74384615384616,0.01958076,6.609240608075417,50.526542217755605,1.15,28.853341848707306,220.56936404299967,0.3091270326991884,3,6,0.0,0.0,1.0,0.0,0.0,0.0,0.0,0.0,0.0,0.0,0.0,0.0,0.0,0.0,0.0,0.0,0.0,0.0,0.0,0.0,0.0,0.0,0.0,0.0,1.0,0.0,0.0,0.0,0.0,0.0,0.0,0.0,0.0
2803076.0,8379635,944.6,400951991.0,252276.84,0.2913636364,41.07,27.71307692307692,0.0185497476923076,5.933333333333334,50.44154261553877,0.9446072796934866,17.407894353255568,310.82095099997764,0.578385109290934,6,10,1.0,0.0,0.0,0.0,0.0,0.0,0.0,0.0,0.0,0.0,0.0,0.0,0.0,0.0,0.0,0.0,0.0,0.0,0.0,0.0,0.0,0.0,0.0,0.0,0.0,0.0,0.0,0.0,0.0,0.0,0.0,0.0,0.0
1584140.0,5861498,944.6,226595385.6,142572.6,0.3236818182,70.16,28.068846153846152,0.0187090753846153,5.933333333333334,49.74475315397095,0.9446072796934866,10.769825549067132,271.2072601182433,0.7090963600754996,10,4,0.0,1.0,0.0,0.0,0.0,0.0,0.0,0.0,0.0,0.0,0.0,0.0,0.0,0.0,0.0,0.0,0.0,0.0,0.0,0.0,0.0,0.0,0.0,0.0,0.0,0.0,0.0,0.0,0.0,0.0,0.0,0.0,0.0
350649.0,374010,2109.9,50156832.96,31558.41,0.1117777778,58.71,22.54846153846153,0.0159078738461538,6.5,44.67215879782065,0.7775,35.355707576463715,303.75099278003404,0.5980931778475949,9,12,0.0,0.0,0.0,0.0,0.0,1.0,0.0,0.0,0.0,0.0,0.0,0.0,0.0,0.0,0.0,0.0,0.0,0.0,0.0,0.0,0.0,0.0,0.0,0.0,0.0,0.0,0.0,0.0,0.0,0.0,0.0,0.0,0.0
360266.0,768582,2109.9,51532448.64,32423.94,0.1951153846,58.71,22.54846153846153,0.0159078738461538,6.5,50.18912639853407,0.7775,29.267256063910253,261.62341710817776,0.7817800040690959,3,6,0.0,0.0,1.0,0.0,0.0,1.0,0.0,0.0,0.0,0.0,0.0,0.0,0.0,0.0,0.0,0.0,0.0,0.0,0.0,0.0,0.0,0.0,0.0,0.0,0.0,0.0,0.0,0.0,0.0,0.0,0.0,0.0,0.0
1773211.0,2865843,2109.9,253640101.4,159588.99,0.1607407407,118.75,22.79076923076923,0.0158947615384615,6.5,49.22440271241543,0.7775,19.723582000723027,279.3382616581705,0.2052159844824148,11,3,0.0,0.0,0.0,1.0,0.0,1.0,0.0,0.0,0.0,0.0,0.0,0.0,0.0,0.0,0.0,0.0,0.0,0.0,0.0,0.0,0.0,0.0,0.0,0.0,0.0,0.0,0.0,0.0,0.0,0.0,0.0,0.0,0.0
1129883.0,2906761,1164.1,161618464.3,101689.47,0.25134482760000004,39.91,22.75692307692308,0.0203546492307692,6.555555555555555,46.68405771684781,0.9446072796934866,28.962108640917947,303.9702270430721,0.2805932808050878,6,10,1.0,0.0,0.0,0.0,0.0,0.0,0.0,0.0,0.0,0.0,0.0,0.0,0.0,0.0,0.0,1.0,0.0,0.0,0.0,0.0,0.0,0.0,0.0,0.0,0.0,0.0,0.0,0.0,0.0,0.0,0.0,0.0,0.0
40982.0,89072,1164.1,5862065.28,3688.38,0.2514166667,70.47,23.13,0.0203431292307692,6.555555555555555,45.27120040581009,0.9446072796934866,15.520702153580132,264.99271849459984,0.4945969559997917,10,4,0.0,1.0,0.0,0.0,0.0,0.0,0.0,0.0,0.0,0.0,0.0,0.0,0.0,0.0,0.0,1.0,0.0,0.0,0.0,0.0,0.0,0.0,0.0,0.0,0.0,0.0,0.0,0.0,0.0,0.0,0.0,0.0,0.0
343122.0,1035706,1164.1,49080170.88,30880.98,0.27869230770000003,39.91,22.75692307692308,0.0203546492307692,6.555555555555555,47.70721399061213,0.9446072796934866,37.91553528886544,254.5310361725077,0.5977637913863474,3,6,0.0,0.0,1.0,0.0,0.0,0.0,0.0,0.0,0.0,0.0,0.0,0.0,0.0,0.0,0.0,1.0,0.0,0.0,0.0,0.0,0.0,0.0,0.0,0.0,0.0,0.0,0.0,0.0,0.0,0.0,0.0,0.0,0.0
79381.0,192770,2524.8,11354658.24,7144.29,0.2295384615,86.97,26.89769230769231,0.0184459846153846,8.185714285714285,47.72427484444793,0.9446072796934866,33.933169257546815,286.39061431659854,0.4890662772373181,9,12,0.0,0.0,0.0,0.0,0.0,0.0,0.0,0.0,0.0,0.0,0.0,0.0,0.0,0.0,0.0,0.0,1.0,0.0,0.0,0.0,0.0,0.0,0.0,0.0,0.0,0.0,0.0,0.0,0.0,0.0,0.0,0.0,0.0
49762.0,148370,2524.8,7117956.48,4478.58,0.24464285710000003,86.97,26.89769230769231,0.0184459846153846,8.185714285714285,48.05220154913264,0.9446072796934866,19.39620080614064,204.845421504819,0.6223199334026611,3,6,0.0,0.0,1.0,0.0,0.0,0.0,0.0,0.0,0.0,0.0,0.0,0.0,0.0,0.0,0.0,0.0,1.0,0.0,0.0,0.0,0.0,0.0,0.0,0.0,0.0,0.0,0.0,0.0,0.0,0.0,0.0,0.0,0.0
105122.0,249101,2524.8,15036650.88,9460.98,0.22607142859999999,179.31,27.08192307692308,0.0184208538461538,8.185714285714285,47.45149773237785,0.9446072796934866,14.517751172130904,252.84589265697923,0.7179794722641075,11,3,0.0,0.0,0.0,1.0,0.0,0.0,0.0,0.0,0.0,0.0,0.0,0.0,0.0,0.0,0.0,0.0,1.0,0.0,0.0,0.0,0.0,0.0,0.0,0.0,0.0,0.0,0.0,0.0,0.0,0.0,0.0,0.0,0.0
32570.0,41908,3114.3,4658812.8,2931.3,0.15300000000000002,75.78,18.941538461538464,0.0153061476923076,6.5,47.71761749853649,0.7775,34.88236098225665,234.983242688519,0.2699518094507956,9,12,0.0,0.0,0.0,0.0,0.0,0.0,0.0,0.0,0.0,0.0,0.0,0.0,0.0,0.0,0.0,0.0,0.0,0.0,0.0,0.0,1.0,0.0,0.0,0.0,0.0,0.0,0.0,0.0,0.0,0.0,0.0,0.0,0.0
12752.0,46600,3114.3,1824046.08,1147.68,0.2154285714,75.78,18.941538461538464,0.0153061476923076,6.5,45.37057071168013,0.7775,24.496539124123984,256.550220814099,0.1424018797973175,3,6,0.0,0.0,1.0,0.0,0.0,0.0,0.0,0.0,0.0,0.0,0.0,0.0,0.0,0.0,0.0,0.0,0.0,0.0,0.0,0.0,1.0,0.0,0.0,0.0,0.0,0.0,0.0,0.0,0.0,0.0,0.0,0.0,0.0
62723.0,115354,3114.3,8971897.92,5645.07,0.1802857143,159.41,19.08346153846154,0.0155514461538461,6.5,47.923934034390825,0.7775,20.773849653002543,262.29427482092814,0.4688287116077156,11,3,0.0,0.0,0.0,1.0,0.0,0.0,0.0,0.0,0.0,0.0,0.0,0.0,0.0,0.0,0.0,0.0,0.0,0.0,0.0,0.0,1.0,0.0,0.0,0.0,0.0,0.0,0.0,0.0,0.0,0.0,0.0,0.0,0.0
1931603.0,5183385,1201.9,276296493.1,173844.27,0.3562580645,50.73,27.65230769230769,0.0195314399999999,6.609240608075417,47.1080437142072,1.15,32.5776251830989,240.8708847261116,0.6705746938790469,6,10,1.0,0.0,0.0,0.0,0.0,0.0,0.0,0.0,0.0,0.0,0.0,0.0,0.0,0.0,0.0,0.0,0.0,0.0,0.0,0.0,0.0,0.0,0.0,0.0,0.0,0.0,0.0,1.0,0.0,0.0,0.0,0.0,0.0
292444.0,604968,1560.1,41831189.76,26319.96,0.20400000000000001,55.43,25.303846153846152,0.0165607753846153,6.5,48.42724412199655,0.7775,14.160510435746822,296.58696026808354,0.5117394524028778,9,12,0.0,0.0,0.0,0.0,0.0,0.0,0.0,0.0,0.0,0.0,0.0,0.0,0.0,0.0,0.0,0.0,0.0,0.0,0.0,0.0,0.0,0.0,0.0,0.0,0.0,0.0,0.0,0.0,0.0,0.0,0.0,0.0,1.0
1556662.0,4358011,1560.1,222664932.5,140099.58,0.2646666667,55.43,25.303846153846152,0.0165607753846153,6.5,44.225867937679446,0.7775,19.94898165355094,201.32394531066657,0.4344492029390591,3,6,0.0,0.0,1.0,0.0,0.0,0.0,0.0,0.0,0.0,0.0,0.0,0.0,0.0,0.0,0.0,0.0,0.0,0.0,0.0,0.0,0.0,0.0,0.0,0.0,0.0,0.0,0.0,0.0,0.0,0.0,0.0,0.0,1.0
4086590.0,10074261,1560.1,584545833.6,367793.1,0.23938888889999999,110.3,25.67346153846153,0.0166513569230769,6.5,49.86896704923589,0.7775,51.20033748611083,293.9127335455394,0.3594703485430265,11,3,0.0,0.0,0.0,1.0,0.0,0.0,0.0,0.0,0.0,0.0,0.0,0.0,0.0,0.0,0.0,0.0,0.0,0.0,0.0,0.0,0.0,0.0,0.0,0.0,0.0,0.0,0.0,0.0,0.0,0.0,0.0,0.0,1.0
4650.0,13501,1434.5875,724563.0,790.5,0.28933333330000005,39.49,28.22307692307692,0.0197692061538461,6.609240608075417,45.393603743720256,1.15,22.261505026118712,303.1243339701148,0.6433149981726345,6,10,1.0,0.0,0.0,0.0,0.0,0.0,0.0,0.0,0.0,0.0,0.0,0.0,0.0,0.0,0.0,0.0,0.0,0.0,0.0,0.0,0.0,0.0,0.0,0.0,1.0,0.0,0.0,0.0,0.0,0.0,0.0,0.0,0.0
11178.0,25378,1434.5875,1741755.96,1900.26,0.2903333333,90.41,28.141153846153845,0.0192977861538461,6.609240608075417,48.70329333895297,1.15,10.066380000490147,240.8054026117087,0.6032945677413286,10,4,0.0,1.0,0.0,0.0,0.0,0.0,0.0,0.0,0.0,0.0,0.0,0.0,0.0,0.0,0.0,0.0,0.0,0.0,0.0,0.0,0.0,0.0,0.0,0.0,1.0,0.0,0.0,0.0,0.0,0.0,0.0,0.0,0.0
5098.0,13451,1434.5875,794370.36,866.66,0.1965,39.49,28.22307692307692,0.0197692061538461,6.609240608075417,48.21737671389636,1.15,19.037973366468,234.70334602531287,0.2778731919978787,3,6,0.0,0.0,1.0,0.0,0.0,0.0,0.0,0.0,0.0,0.0,0.0,0.0,0.0,0.0,0.0,0.0,0.0,0.0,0.0,0.0,0.0,0.0,0.0,0.0,1.0,0.0,0.0,0.0,0.0,0.0,0.0,0.0,0.0
2062870.0,5956396,711.0,321436403.4,350687.9,0.2790909091,29.09,28.424615384615382,0.018868403076923,5.933333333333334,48.606823387427646,0.9446072796934866,25.716376460958312,278.86068322563807,0.0873758321292909,6,10,1.0,0.0,0.0,0.0,0.0,0.0,0.0,0.0,0.0,0.0,0.0,0.0,0.0,0.0,0.0,0.0,0.0,0.0,0.0,0.0,0.0,0.0,0.0,0.0,0.0,0.0,0.0,0.0,0.0,0.0,0.0,0.0,0.0
1377866.0,4881871,711.0,214699080.1,234237.22,0.30986363640000003,84.19,28.16846153846154,0.0182974292307692,5.933333333333334,47.13257392959871,0.9446072796934866,34.2148320988523,187.81260839348232,0.6755154914943137,10,4,0.0,1.0,0.0,0.0,0.0,0.0,0.0,0.0,0.0,0.0,0.0,0.0,0.0,0.0,0.0,0.0,0.0,0.0,0.0,0.0,0.0,0.0,0.0,0.0,0.0,0.0,0.0,0.0,0.0,0.0,0.0,0.0,0.0
340830.0,334655,1727.1,53108130.6,57941.1,0.10707407410000001,60.04,23.033076923076923,0.0158816492307692,6.5,47.732440794718215,0.7775,17.12891541743714,208.73506391041323,0.7258671344379337,9,12,0.0,0.0,0.0,0.0,0.0,1.0,0.0,0.0,0.0,0.0,0.0,0.0,0.0,0.0,0.0,0.0,0.0,0.0,0.0,0.0,0.0,0.0,0.0,0.0,0.0,0.0,0.0,0.0,0.0,0.0,0.0,0.0,0.0
394442.0,859790,1727.1,61461952.44,67055.14,0.19037037040000002,60.04,23.033076923076923,0.0158816492307692,6.5,46.742794387968814,0.7775,15.899264753623058,205.70257722318,0.6622311613643923,3,6,0.0,0.0,1.0,0.0,0.0,1.0,0.0,0.0,0.0,0.0,0.0,0.0,0.0,0.0,0.0,0.0,0.0,0.0,0.0,0.0,0.0,0.0,0.0,0.0,0.0,0.0,0.0,0.0,0.0,0.0,0.0,0.0,0.0
1762324.0,3213979,1727.1,274605325.7,299595.08,0.1780740741,140.48,22.94884615384615,0.0157154815384615,6.5,49.21633990057899,0.7775,45.91836595600242,297.838181388344,0.1550520891593173,11,3,0.0,0.0,0.0,1.0,0.0,1.0,0.0,0.0,0.0,0.0,0.0,0.0,0.0,0.0,0.0,0.0,0.0,0.0,0.0,0.0,0.0,0.0,0.0,0.0,0.0,0.0,0.0,0.0,0.0,0.0,0.0,0.0,0.0
1102221.0,2734838,1321.0,171748076.2,187377.57,0.2397931034,30.56,23.503076923076925,0.0203316092307692,6.555555555555555,47.52203230059445,0.9446072796934866,26.80166470889881,218.06131295861263,0.4145856902142508,6,10,1.0,0.0,0.0,0.0,0.0,0.0,0.0,0.0,0.0,0.0,0.0,0.0,0.0,0.0,0.0,1.0,0.0,0.0,0.0,0.0,0.0,0.0,0.0,0.0,0.0,0.0,0.0,0.0,0.0,0.0,0.0,0.0,0.0
37747.0,84636,1321.0,5881737.54,6416.99,0.2416666667,64.97,23.638076923076923,0.0199142723076923,6.555555555555555,46.38858650147928,0.9446072796934866,33.7945514642953,294.9770709987347,0.6129109885783477,10,4,0.0,1.0,0.0,0.0,0.0,0.0,0.0,0.0,0.0,0.0,0.0,0.0,0.0,0.0,0.0,1.0,0.0,0.0,0.0,0.0,0.0,0.0,0.0,0.0,0.0,0.0,0.0,0.0,0.0,0.0,0.0,0.0,0.0
346510.0,1057933,1321.0,53993188.2,58906.7,0.28069230770000003,30.56,23.503076923076925,0.0203316092307692,6.555555555555555,49.90936920334162,0.9446072796934866,33.278446205443785,205.2494656928101,0.6893013154382219,3,6,0.0,0.0,1.0,0.0,0.0,0.0,0.0,0.0,0.0,0.0,0.0,0.0,0.0,0.0,0.0,1.0,0.0,0.0,0.0,0.0,0.0,0.0,0.0,0.0,0.0,0.0,0.0,0.0,0.0,0.0,0.0,0.0,0.0
77249.0,192050,2821.5,12036939.18,13132.33,0.2303076923,92.34,27.266153846153845,0.018395723076923,8.185714285714285,44.21005809352231,0.9446072796934866,44.04091184101064,216.48027559207415,0.4197948995877955,9,12,0.0,0.0,0.0,0.0,0.0,0.0,0.0,0.0,0.0,0.0,0.0,0.0,0.0,0.0,0.0,0.0,1.0,0.0,0.0,0.0,0.0,0.0,0.0,0.0,0.0,0.0,0.0,0.0,0.0,0.0,0.0,0.0,0.0
49279.0,134005,2821.5,7678653.78,8377.43,0.2385,92.34,27.266153846153845,0.018395723076923,8.185714285714285,49.68542884409482,0.9446072796934866,10.707454171402617,233.19327944682917,0.5257390663662111,3,6,0.0,0.0,1.0,0.0,0.0,0.0,0.0,0.0,0.0,0.0,0.0,0.0,0.0,0.0,0.0,0.0,1.0,0.0,0.0,0.0,0.0,0.0,0.0,0.0,0.0,0.0,0.0,0.0,0.0,0.0,0.0,0.0,0.0
107485.0,272284,2821.5,16748312.7,18272.45,0.2286428571,199.0,27.268846153846155,0.018081083076923,8.185714285714285,44.43133604799439,0.9446072796934866,24.28308979629538,243.84928657631892,0.5011629340291295,11,3,0.0,0.0,0.0,1.0,0.0,0.0,0.0,0.0,0.0,0.0,0.0,0.0,0.0,0.0,0.0,0.0,1.0,0.0,0.0,0.0,0.0,0.0,0.0,0.0,0.0,0.0,0.0,0.0,0.0,0.0,0.0,0.0,0.0
32560.0,41798,2995.9,5073499.2,5535.2,0.15428571430000002,83.63,19.225384615384616,0.0157967446153846,6.5,50.40787084825698,0.7775,25.11662473847529,192.5868401225003,0.5635024927107823,9,12,0.0,0.0,0.0,0.0,0.0,0.0,0.0,0.0,0.0,0.0,0.0,0.0,0.0,0.0,0.0,0.0,0.0,0.0,0.0,0.0,1.0,0.0,0.0,0.0,0.0,0.0,0.0,0.0,0.0,0.0,0.0,0.0,0.0
12777.0,46943,2995.9,1990912.14,2172.09,0.2171428571,83.63,19.225384615384616,0.0157967446153846,6.5,46.15031405339224,0.7775,18.81368973250298,254.54552120468625,0.5981753240914541,3,6,0.0,0.0,1.0,0.0,0.0,0.0,0.0,0.0,0.0,0.0,0.0,0.0,0.0,0.0,0.0,0.0,0.0,0.0,0.0,0.0,1.0,0.0,0.0,0.0,0.0,0.0,0.0,0.0,0.0,0.0,0.0,0.0,0.0
62825.0,115388,2995.9,9789391.5,10680.25,0.1802857143,190.88,19.23038461538461,0.0156058753846153,6.5,46.27226239043954,0.7775,22.881652499809384,222.41112575618072,0.7042097528441977,11,3,0.0,0.0,0.0,1.0,0.0,0.0,0.0,0.0,0.0,0.0,0.0,0.0,0.0,0.0,0.0,0.0,0.0,0.0,0.0,0.0,1.0,0.0,0.0,0.0,0.0,0.0,0.0,0.0,0.0,0.0,0.0,0.0,0.0
1845553.0,5665258,928.5,287574068.5,313744.01,0.3539677419,41.49,28.212307692307693,0.0196316584615384,6.609240608075417,47.45054825688533,1.15,13.970970429875514,214.0696973200101,0.5454616896018296,6,10,1.0,0.0,0.0,0.0,0.0,0.0,0.0,0.0,0.0,0.0,0.0,0.0,0.0,0.0,0.0,0.0,0.0,0.0,0.0,0.0,0.0,0.0,0.0,0.0,0.0,0.0,0.0,1.0,0.0,0.0,0.0,0.0,0.0
4384.0,12602,1434.5875,728226.24,1052.16,0.26733333330000003,50.92,28.05923076923077,0.0188263661538461,6.609240608075417,44.376373934117865,1.15,14.351912302093384,162.72126822994295,0.2825674421700686,6,10,1.0,0.0,0.0,0.0,0.0,0.0,0.0,0.0,0.0,0.0,0.0,0.0,0.0,0.0,0.0,0.0,0.0,0.0,0.0,0.0,0.0,0.0,0.0,0.0,1.0,0.0,0.0,0.0,0.0,0.0,0.0,0.0,0.0
10920.0,26585,1434.5875,1813921.2,2620.8,0.3446666667,95.83,27.99846153846154,0.0192789276923076,6.609240608075417,47.89835169731741,1.15,18.51140396571469,197.11853636508707,0.7769889085879833,10,4,0.0,1.0,0.0,0.0,0.0,0.0,0.0,0.0,0.0,0.0,0.0,0.0,0.0,0.0,0.0,0.0,0.0,0.0,0.0,0.0,0.0,0.0,0.0,0.0,1.0,0.0,0.0,0.0,0.0,0.0,0.0,0.0,0.0
4710.0,12773,1434.5875,782378.1,1130.4,0.27,50.92,28.05923076923077,0.0188263661538461,6.609240608075417,44.666658962697966,1.15,28.958137860368847,204.7032098042188,0.4672707881473958,3,6,0.0,0.0,1.0,0.0,0.0,0.0,0.0,0.0,0.0,0.0,0.0,0.0,0.0,0.0,0.0,0.0,0.0,0.0,0.0,0.0,0.0,0.0,0.0,0.0,1.0,0.0,0.0,0.0,0.0,0.0,0.0,0.0,0.0
307988.0,355825,2578.5,51159886.68,73917.12,0.1272592593,80.44,22.864615384615384,0.0155493138461538,6.5,46.76931798691668,0.7775,14.997240820153642,185.95096275133008,0.6493880833455711,9,12,0.0,0.0,0.0,0.0,0.0,1.0,0.0,0.0,0.0,0.0,0.0,0.0,0.0,0.0,0.0,0.0,0.0,0.0,0.0,0.0,0.0,0.0,0.0,0.0,0.0,0.0,0.0,0.0,0.0,0.0,0.0,0.0,0.0
398785.0,1027575,2578.5,66242176.35,95708.4,0.23422222220000002,80.44,22.864615384615384,0.0155493138461538,6.5,49.9159060322841,0.7775,10.77779920472983,255.86774719478333,0.6250621690918972,3,6,0.0,0.0,1.0,0.0,0.0,1.0,0.0,0.0,0.0,0.0,0.0,0.0,0.0,0.0,0.0,0.0,0.0,0.0,0.0,0.0,0.0,0.0,0.0,0.0,0.0,0.0,0.0,0.0,0.0,0.0,0.0,0.0,0.0
1830682.0,3649129,2578.5,304094587.0,439363.68,0.1958888889,140.73,22.719615384615388,0.0159127338461538,6.5,46.52909074285093,0.7775,29.465492367381728,247.9302426778733,0.5104285377406337,11,3,0.0,0.0,0.0,1.0,0.0,1.0,0.0,0.0,0.0,0.0,0.0,0.0,0.0,0.0,0.0,0.0,0.0,0.0,0.0,0.0,0.0,0.0,0.0,0.0,0.0,0.0,0.0,0.0,0.0,0.0,0.0,0.0,0.0
2921793.0,7509866,1297.0,485339035.2,701230.32,0.26668181820000003,55.1,27.91230769230769,0.0177264553846153,5.933333333333334,46.71050982837613,0.9446072796934866,13.162450368558297,305.85546693525737,0.4819967355990546,6,10,1.0,0.0,0.0,0.0,0.0,0.0,0.0,0.0,0.0,0.0,0.0,0.0,0.0,0.0,0.0,0.0,0.0,0.0,0.0,0.0,0.0,0.0,0.0,0.0,0.0,0.0,0.0,0.0,0.0,0.0,0.0,0.0,0.0
1829516.0,6909447,1297.0,303900902.8,439083.84,0.33259090910000005,80.96000000000001,27.927692307692308,0.018432803076923,5.933333333333334,48.60946528781555,0.9446072796934866,34.03753719093599,221.87744540517355,0.4474329725684692,10,4,0.0,1.0,0.0,0.0,0.0,0.0,0.0,0.0,0.0,0.0,0.0,0.0,0.0,0.0,0.0,0.0,0.0,0.0,0.0,0.0,0.0,0.0,0.0,0.0,0.0,0.0,0.0,0.0,0.0,0.0,0.0,0.0,0.0
1129304.0,3192746,1317.7,187588687.4,271032.96,0.2654,34.410000000000004,23.773076923076925,0.0194969353846153,6.555555555555555,50.28922203329003,0.9446072796934866,27.254435778342053,250.44835449890763,0.4922276246316773,6,10,1.0,0.0,0.0,0.0,0.0,0.0,0.0,0.0,0.0,0.0,0.0,0.0,0.0,0.0,0.0,1.0,0.0,0.0,0.0,0.0,0.0,0.0,0.0,0.0,0.0,0.0,0.0,0.0,0.0,0.0,0.0,0.0,0.0
49700.0,117501,1317.7,8255667.0,11928.0,0.26683333330000003,57.19,23.628076923076925,0.0199221369230769,6.555555555555555,48.15785831829248,0.9446072796934866,9.820306095073706,195.85113908264245,0.5492413061119914,10,4,0.0,1.0,0.0,0.0,0.0,0.0,0.0,0.0,0.0,0.0,0.0,0.0,0.0,0.0,0.0,1.0,0.0,0.0,0.0,0.0,0.0,0.0,0.0,0.0,0.0,0.0,0.0,0.0,0.0,0.0,0.0,0.0,0.0
360062.0,1163725,1317.7,59809898.82,86414.88,0.2935714286,34.410000000000004,23.773076923076925,0.0194969353846153,6.555555555555555,44.53708536837305,0.9446072796934866,31.83316334004452,204.45088087918765,0.6401106813805588,3,6,0.0,0.0,1.0,0.0,0.0,0.0,0.0,0.0,0.0,0.0,0.0,0.0,0.0,0.0,0.0,1.0,0.0,0.0,0.0,0.0,0.0,0.0,0.0,0.0,0.0,0.0,0.0,0.0,0.0,0.0,0.0,0.0,0.0
70498.28,170262,3131.8,11710469.29,16919.5872,0.22369230770000004,106.66,27.27153846153846,0.017766443076923,8.185714285714285,49.1542071483825,0.9446072796934866,11.38591010116302,218.56469823241,0.4779512447279292,9,12,0.0,0.0,0.0,0.0,0.0,0.0,0.0,0.0,0.0,0.0,0.0,0.0,0.0,0.0,0.0,0.0,1.0,0.0,0.0,0.0,0.0,0.0,0.0,0.0,0.0,0.0,0.0,0.0,0.0,0.0,0.0,0.0,0.0
51132.63,137465,3131.8,8493641.169,12271.8312,0.248,106.66,27.27153846153846,0.017766443076923,8.185714285714285,49.103137604503885,0.9446072796934866,30.008128114528983,171.5198623081444,0.2809363872331881,3,6,0.0,0.0,1.0,0.0,0.0,0.0,0.0,0.0,0.0,0.0,0.0,0.0,0.0,0.0,0.0,0.0,1.0,0.0,0.0,0.0,0.0,0.0,0.0,0.0,0.0,0.0,0.0,0.0,0.0,0.0,0.0,0.0,0.0
91555.59,215011,3131.8,15208299.05,21973.3416,0.2202142857,194.11,27.106153846153845,0.0180239538461538,8.185714285714285,48.65959041210528,0.9446072796934866,30.67935773117309,206.1952728133932,0.4211720875467226,11,3,0.0,0.0,0.0,1.0,0.0,0.0,0.0,0.0,0.0,0.0,0.0,0.0,0.0,0.0,0.0,0.0,1.0,0.0,0.0,0.0,0.0,0.0,0.0,0.0,0.0,0.0,0.0,0.0,0.0,0.0,0.0,0.0,0.0
32596.0,42492,3119.7,5414521.56,7823.04,0.15300000000000002,107.25,19.23538461538461,0.0154150061538461,6.5,44.8023730233766,0.7775,18.053613800995983,296.106914084237,0.520001429505019,9,12,0.0,0.0,0.0,0.0,0.0,0.0,0.0,0.0,0.0,0.0,0.0,0.0,0.0,0.0,0.0,0.0,0.0,0.0,0.0,0.0,1.0,0.0,0.0,0.0,0.0,0.0,0.0,0.0,0.0,0.0,0.0,0.0,0.0
12797.0,47413,3119.7,2125709.67,3071.28,0.20771428570000003,187.18,19.035,0.0156066923076923,6.5,49.70305241582483,0.7775,27.741356053031108,291.27583128069693,0.7517118702017485,10,4,0.0,1.0,0.0,0.0,0.0,0.0,0.0,0.0,0.0,0.0,0.0,0.0,0.0,0.0,0.0,0.0,0.0,0.0,0.0,0.0,1.0,0.0,0.0,0.0,0.0,0.0,0.0,0.0,0.0,0.0,0.0,0.0,0.0
62892.0,117116,3119.7,10446990.12,15094.08,0.1828571429,187.18,19.035,0.0156066923076923,6.5,45.36786120032848,0.7775,24.519726174920493,297.5703497851551,0.3123476884150643,11,3,0.0,0.0,0.0,1.0,0.0,0.0,0.0,0.0,0.0,0.0,0.0,0.0,0.0,0.0,0.0,0.0,0.0,0.0,0.0,0.0,1.0,0.0,0.0,0.0,0.0,0.0,0.0,0.0,0.0,0.0,0.0,0.0,0.0
4237.0,12794,1434.5875,709782.24,1398.21,0.30466666670000003,44.91,27.93769230769231,0.0197314892307692,6.609240608075417,44.77792900200089,1.15,8.754720663461919,153.35513798717147,0.6774906913819935,6,10,1.0,0.0,0.0,0.0,0.0,0.0,0.0,0.0,0.0,0.0,0.0,0.0,0.0,0.0,0.0,0.0,0.0,0.0,0.0,0.0,0.0,0.0,0.0,0.0,1.0,0.0,0.0,0.0,0.0,0.0,0.0,0.0,0.0
10324.0,23489,1434.5875,1729476.48,3406.92,0.2856666667,78.23,27.99230769230769,0.0198703938461538,6.609240608075417,44.30874780341205,1.15,35.35885804337521,274.63765857692465,0.2408464307090412,10,4,0.0,1.0,0.0,0.0,0.0,0.0,0.0,0.0,0.0,0.0,0.0,0.0,0.0,0.0,0.0,0.0,0.0,0.0,0.0,0.0,0.0,0.0,0.0,0.0,1.0,0.0,0.0,0.0,0.0,0.0,0.0,0.0,0.0
2015.0,5831,1434.5875,337552.8,664.95,0.24900000000000003,44.91,27.93769230769231,0.0197314892307692,6.609240608075417,46.625631213918254,1.15,24.330646054206717,311.0948790135705,0.2529001991370188,3,6,0.0,0.0,1.0,0.0,0.0,0.0,0.0,0.0,0.0,0.0,0.0,0.0,0.0,0.0,0.0,0.0,0.0,0.0,0.0,0.0,0.0,0.0,0.0,0.0,1.0,0.0,0.0,0.0,0.0,0.0,0.0,0.0,0.0
276486.0,338015,1743.4,46316934.72,91240.38,0.1268518519,60.29,22.574615384615388,0.0162761538461538,6.5,50.57214882041603,0.7775,36.26373059223447,182.1622822854842,0.4290369019769789,9,12,0.0,0.0,0.0,0.0,0.0,1.0,0.0,0.0,0.0,0.0,0.0,0.0,0.0,0.0,0.0,0.0,0.0,0.0,0.0,0.0,0.0,0.0,0.0,0.0,0.0,0.0,0.0,0.0,0.0,0.0,0.0,0.0,0.0
393619.0,1080072,1743.4,65939054.88,129894.27,0.24896153850000002,60.29,22.574615384615388,0.0162761538461538,6.5,45.38390752074936,0.7775,15.42189923940006,208.92173013853733,0.3837023093225517,3,6,0.0,0.0,1.0,0.0,0.0,1.0,0.0,0.0,0.0,0.0,0.0,0.0,0.0,0.0,0.0,0.0,0.0,0.0,0.0,0.0,0.0,0.0,0.0,0.0,0.0,0.0,0.0,0.0,0.0,0.0,0.0,0.0,0.0
1875601.0,3297591,1743.4,314200679.5,618948.33,0.1797037037,135.02,22.67115384615385,0.0161386892307692,6.5,45.52034416578331,0.7775,16.635389952771682,204.82292715413968,0.5429737211493206,11,3,0.0,0.0,0.0,1.0,0.0,1.0,0.0,0.0,0.0,0.0,0.0,0.0,0.0,0.0,0.0,0.0,0.0,0.0,0.0,0.0,0.0,0.0,0.0,0.0,0.0,0.0,0.0,0.0,0.0,0.0,0.0,0.0,0.0
2873949.0,8563334,861.9,481443936.5,948403.17,0.2909090909,25.86,27.943076923076923,0.0191391507692307,5.933333333333334,48.33135533803944,0.9446072796934866,40.619805049021664,206.95619708118303,0.5781034380371504,6,10,1.0,0.0,0.0,0.0,0.0,0.0,0.0,0.0,0.0,0.0,0.0,0.0,0.0,0.0,0.0,0.0,0.0,0.0,0.0,0.0,0.0,0.0,0.0,0.0,0.0,0.0,0.0,0.0,0.0,0.0,0.0,0.0,0.0
1221899.0,4328458,861.9,204692520.5,403226.67,0.3031818182,68.14,27.91038461538461,0.0188028415384615,5.933333333333334,44.88138827931437,0.9446072796934866,29.5021763051986,229.7484767167895,0.6875796496300528,10,4,0.0,1.0,0.0,0.0,0.0,0.0,0.0,0.0,0.0,0.0,0.0,0.0,0.0,0.0,0.0,0.0,0.0,0.0,0.0,0.0,0.0,0.0,0.0,0.0,0.0,0.0,0.0,0.0,0.0,0.0,0.0,0.0,0.0
1117720.0,3218289,1178.986364,187240454.4,368847.6,0.2702666667,22.78,23.48307692307692,0.0203473384615384,6.555555555555555,46.64818020165993,0.9446072796934866,18.299901125766112,245.41988340364745,0.5070436495270322,6,10,1.0,0.0,0.0,0.0,0.0,0.0,0.0,0.0,0.0,0.0,0.0,0.0,0.0,0.0,0.0,1.0,0.0,0.0,0.0,0.0,0.0,0.0,0.0,0.0,0.0,0.0,0.0,0.0,0.0,0.0,0.0,0.0,0.0
43192.0,94196,1178.986364,7235523.84,14253.36,0.2378181818,40.06,23.927692307692308,0.0205747476923076,6.555555555555555,45.07365462758162,0.9446072796934866,21.07732716534556,220.50958349625952,0.4364648984909119,10,4,0.0,1.0,0.0,0.0,0.0,0.0,0.0,0.0,0.0,0.0,0.0,0.0,0.0,0.0,0.0,1.0,0.0,0.0,0.0,0.0,0.0,0.0,0.0,0.0,0.0,0.0,0.0,0.0,0.0,0.0,0.0,0.0,0.0
255223.0,869134,1178.986364,42754956.96,84223.59,0.29314285710000004,22.78,23.48307692307692,0.0203473384615384,6.555555555555555,50.59411786044846,0.9446072796934866,23.152428935355864,225.0453629133929,0.5734823097620267,3,6,0.0,0.0,1.0,0.0,0.0,0.0,0.0,0.0,0.0,0.0,0.0,0.0,0.0,0.0,0.0,1.0,0.0,0.0,0.0,0.0,0.0,0.0,0.0,0.0,0.0,0.0,0.0,0.0,0.0,0.0,0.0,0.0,0.0
68134.83,171662,3035.1,11413946.72,22484.4939,0.2301538462,87.45,26.94076923076923,0.0182814646153846,8.185714285714285,50.5634191291082,0.9446072796934866,25.97251759488235,291.458165190836,0.479221853950688,9,12,0.0,0.0,0.0,0.0,0.0,0.0,0.0,0.0,0.0,0.0,0.0,0.0,0.0,0.0,0.0,0.0,1.0,0.0,0.0,0.0,0.0,0.0,0.0,0.0,0.0,0.0,0.0,0.0,0.0,0.0,0.0,0.0,0.0
47290.01,149217,3035.1,7922022.475,15605.7033,0.27,87.45,26.94076923076923,0.0182814646153846,8.185714285714285,50.39397172184815,0.9446072796934866,15.28357887492128,270.2031074688832,0.2987511967388512,3,6,0.0,0.0,1.0,0.0,0.0,0.0,0.0,0.0,0.0,0.0,0.0,0.0,0.0,0.0,0.0,0.0,1.0,0.0,0.0,0.0,0.0,0.0,0.0,0.0,0.0,0.0,0.0,0.0,0.0,0.0,0.0,0.0,0.0
92734.9,248114,3035.1,15534950.45,30602.517,0.24264285710000003,153.6,27.10076923076923,0.0184420107692307,8.185714285714285,44.32224677256362,0.9446072796934866,16.46047848397058,320.87767194685625,0.1431371052389565,11,3,0.0,0.0,0.0,1.0,0.0,0.0,0.0,0.0,0.0,0.0,0.0,0.0,0.0,0.0,0.0,0.0,1.0,0.0,0.0,0.0,0.0,0.0,0.0,0.0,0.0,0.0,0.0,0.0,0.0,0.0,0.0,0.0,0.0
32605.0,43401,4083.104545,5461989.6,10759.65,0.1511428571,79.93,18.834615384615383,0.0157983784615384,6.5,45.0904824142439,0.7775,23.57253387804309,136.12466516657366,0.4456469662261255,9,12,0.0,0.0,0.0,0.0,0.0,0.0,0.0,0.0,0.0,0.0,0.0,0.0,0.0,0.0,0.0,0.0,0.0,0.0,0.0,0.0,1.0,0.0,0.0,0.0,0.0,0.0,0.0,0.0,0.0,0.0,0.0,0.0,0.0
12836.0,54206,4083.104545,2150286.72,4235.88,0.207,178.13,18.911153846153844,0.0157193307692307,6.5,47.83017904212709,0.7775,22.874780223561377,290.8889079974196,0.3921288678162209,10,4,0.0,1.0,0.0,0.0,0.0,0.0,0.0,0.0,0.0,0.0,0.0,0.0,0.0,0.0,0.0,0.0,0.0,0.0,0.0,0.0,1.0,0.0,0.0,0.0,0.0,0.0,0.0,0.0,0.0,0.0,0.0,0.0,0.0
63434.0,125124,4083.104545,10626463.68,20933.22,0.191,178.13,18.911153846153844,0.0157193307692307,6.5,49.20918895805529,0.7775,14.991093307232338,207.66360917678085,0.547538152918039,11,3,0.0,0.0,0.0,1.0,0.0,0.0,0.0,0.0,0.0,0.0,0.0,0.0,0.0,0.0,0.0,0.0,0.0,0.0,0.0,0.0,1.0,0.0,0.0,0.0,0.0,0.0,0.0,0.0,0.0,0.0,0.0,0.0,0.0
1903772.0,7458657,926.5,318919885.4,628244.76,0.4226451613,48.68,27.71307692307692,0.019475003076923,6.609240608075417,47.2572629551206,1.15,32.21711822862541,301.33599294176025,0.4275370928761348,6,10,1.0,0.0,0.0,0.0,0.0,0.0,0.0,0.0,0.0,0.0,0.0,0.0,0.0,0.0,0.0,0.0,0.0,0.0,0.0,0.0,0.0,0.0,0.0,0.0,0.0,0.0,0.0,1.0,0.0,0.0,0.0,0.0,0.0
2487000.0,7167000,968.7,375039600.0,770970.0,0.2969545455,42.28,27.87769230769231,0.0184665323076923,5.933333333333334,48.69147389231152,0.9446072796934866,28.94985787058665,206.7743771358843,0.3715383182729037,6,10,1.0,0.0,0.0,0.0,0.0,0.0,0.0,0.0,0.0,0.0,0.0,0.0,0.0,0.0,0.0,0.0,0.0,0.0,0.0,0.0,0.0,0.0,0.0,0.0,0.0,0.0,0.0,0.0,0.0,0.0,0.0,0.0,0.0
1141000.0,4344000,968.7,172062800.0,353710.0,0.3243636364,87.74,27.66307692307692,0.0182944661538461,5.933333333333334,44.32616858173064,0.9446072796934866,16.12088459982886,275.21176837999894,0.4251305659829754,10,4,0.0,1.0,0.0,0.0,0.0,0.0,0.0,0.0,0.0,0.0,0.0,0.0,0.0,0.0,0.0,0.0,0.0,0.0,0.0,0.0,0.0,0.0,0.0,0.0,0.0,0.0,0.0,0.0,0.0,0.0,0.0,0.0,0.0
238178.0,308745,2167.5,35917242.4,73835.18,0.1291481481,74.73,22.767692307692307,0.0160012246153846,6.5,46.7831202244937,0.7775,13.619132586175038,179.5401750787432,0.375889832887627,9,12,0.0,0.0,0.0,0.0,0.0,1.0,0.0,0.0,0.0,0.0,0.0,0.0,0.0,0.0,0.0,0.0,0.0,0.0,0.0,0.0,0.0,0.0,0.0,0.0,0.0,0.0,0.0,0.0,0.0,0.0,0.0,0.0,0.0
389140.0,1155877,2167.5,58682312.0,120633.4,0.27724000000000004,74.73,22.767692307692307,0.0160012246153846,6.5,45.582498875738345,0.7775,21.89790966927435,203.4825351924408,0.4100500126253044,3,6,0.0,0.0,1.0,0.0,0.0,1.0,0.0,0.0,0.0,0.0,0.0,0.0,0.0,0.0,0.0,0.0,0.0,0.0,0.0,0.0,0.0,0.0,0.0,0.0,0.0,0.0,0.0,0.0,0.0,0.0,0.0,0.0,0.0
1857410.0,3655430,2167.5,280097428.0,575797.1,0.1968888889,139.74,22.97884615384616,0.0162673061538461,6.5,48.09352107053175,0.7775,26.17854582526213,311.2853293091244,0.7960847225177405,11,3,0.0,0.0,0.0,1.0,0.0,1.0,0.0,0.0,0.0,0.0,0.0,0.0,0.0,0.0,0.0,0.0,0.0,0.0,0.0,0.0,0.0,0.0,0.0,0.0,0.0,0.0,0.0,0.0,0.0,0.0,0.0,0.0,0.0
1048427.0,2667359,956.2,158102791.6,325012.37,0.2418333333,17.28,24.372307692307693,0.0208021569230769,6.555555555555555,46.11320373567659,0.9446072796934866,46.89830942108166,281.92124578199025,0.3202937301014771,6,10,1.0,0.0,0.0,0.0,0.0,0.0,0.0,0.0,0.0,0.0,0.0,0.0,0.0,0.0,0.0,1.0,0.0,0.0,0.0,0.0,0.0,0.0,0.0,0.0,0.0,0.0,0.0,0.0,0.0,0.0,0.0,0.0,0.0
45326.0,109309,956.2,6835160.8,14051.06,0.2394615385,48.52,23.989615384615384,0.0203474353846153,6.555555555555555,49.7289035214972,0.9446072796934866,16.709386874094665,272.4360758271913,0.6577330588630338,10,4,0.0,1.0,0.0,0.0,0.0,0.0,0.0,0.0,0.0,0.0,0.0,0.0,0.0,0.0,0.0,1.0,0.0,0.0,0.0,0.0,0.0,0.0,0.0,0.0,0.0,0.0,0.0,0.0,0.0,0.0,0.0,0.0,0.0
185162.0,587711,956.2,27922429.6,57400.22,0.2747777778,17.28,24.372307692307693,0.0208021569230769,6.555555555555555,49.407275683637366,0.9446072796934866,38.45911815596604,280.95170240008355,0.3956737868635124,3,6,0.0,0.0,1.0,0.0,0.0,0.0,0.0,0.0,0.0,0.0,0.0,0.0,0.0,0.0,0.0,1.0,0.0,0.0,0.0,0.0,0.0,0.0,0.0,0.0,0.0,0.0,0.0,0.0,0.0,0.0,0.0,0.0,0.0
63232.0,161083,2187.6,9535385.6,19601.92,0.24100000000000002,66.15,27.26076923076923,0.0186025569230769,8.185714285714285,46.31751379394522,0.9446072796934866,19.06678493378566,302.8322604321835,0.6291882065314776,9,12,0.0,0.0,0.0,0.0,0.0,0.0,0.0,0.0,0.0,0.0,0.0,0.0,0.0,0.0,0.0,0.0,1.0,0.0,0.0,0.0,0.0,0.0,0.0,0.0,0.0,0.0,0.0,0.0,0.0,0.0,0.0,0.0,0.0
47294.0,134609,2187.6,7131935.2,14661.14,0.2482142857,66.15,27.26076923076923,0.0186025569230769,8.185714285714285,48.51515361498361,0.9446072796934866,11.954175420256432,209.3352877442393,0.570160220287891,3,6,0.0,0.0,1.0,0.0,0.0,0.0,0.0,0.0,0.0,0.0,0.0,0.0,0.0,0.0,0.0,0.0,1.0,0.0,0.0,0.0,0.0,0.0,0.0,0.0,0.0,0.0,0.0,0.0,0.0,0.0,0.0,0.0,0.0
86751.0,212607,2187.6,13082050.8,26892.81,0.23550000000000001,164.77,27.28,0.0182452015384615,8.185714285714285,48.38083595486732,0.9446072796934866,18.06231840672597,202.7002756543781,0.390347630648082,11,3,0.0,0.0,0.0,1.0,0.0,0.0,0.0,0.0,0.0,0.0,0.0,0.0,0.0,0.0,0.0,0.0,1.0,0.0,0.0,0.0,0.0,0.0,0.0,0.0,0.0,0.0,0.0,0.0,0.0,0.0,0.0,0.0,0.0
33000.0,66000,2945.3,4976400.0,10230.0,0.2232857143,98.2,18.987692307692303,0.015640283076923,6.5,44.75535615656026,0.7775,13.851710641180604,125.56135545959116,0.1090719663577522,9,12,0.0,0.0,0.0,0.0,0.0,0.0,0.0,0.0,0.0,0.0,0.0,0.0,0.0,0.0,0.0,0.0,0.0,0.0,0.0,0.0,1.0,0.0,0.0,0.0,0.0,0.0,0.0,0.0,0.0,0.0,0.0,0.0,0.0
13267.0,56786,2945.3,2000663.6,4112.77,0.213,184.21,19.163846153846155,0.0158525446153846,6.5,46.29225547321072,0.7775,8.683971318383836,300.71052954770767,0.2498513249278519,10,4,0.0,1.0,0.0,0.0,0.0,0.0,0.0,0.0,0.0,0.0,0.0,0.0,0.0,0.0,0.0,0.0,0.0,0.0,0.0,0.0,1.0,0.0,0.0,0.0,0.0,0.0,0.0,0.0,0.0,0.0,0.0,0.0,0.0
63484.0,142867,2945.3,9573387.2,19680.04,0.21185714290000002,184.21,19.163846153846155,0.0158525446153846,6.5,45.23151517466287,0.7775,18.74833173771812,266.881065441651,0.5635574126004901,11,3,0.0,0.0,0.0,1.0,0.0,0.0,0.0,0.0,0.0,0.0,0.0,0.0,0.0,0.0,0.0,0.0,0.0,0.0,0.0,0.0,1.0,0.0,0.0,0.0,0.0,0.0,0.0,0.0,0.0,0.0,0.0,0.0,0.0
1705555.0,4356822,1062.3,246435642.0,460499.85,0.2715384615,45.46,27.448461538461537,0.0181224,5.933333333333334,49.5865371167317,0.9446072796934866,22.9571655229492,243.12286296886413,0.5156526249139093,6,10,1.0,0.0,0.0,0.0,0.0,0.0,0.0,0.0,0.0,0.0,0.0,0.0,0.0,0.0,0.0,0.0,0.0,0.0,0.0,0.0,0.0,0.0,0.0,0.0,0.0,0.0,0.0,0.0,0.0,0.0,0.0,0.0,0.0
877885.0,3636603,1062.3,126845603.7,237028.95,0.34084615380000005,71.9,27.810384615384613,0.0181165292307692,5.933333333333334,49.84539765405525,0.9446072796934866,40.87639383668128,200.67816221558783,0.8494047816111945,10,4,0.0,1.0,0.0,0.0,0.0,0.0,0.0,0.0,0.0,0.0,0.0,0.0,0.0,0.0,0.0,0.0,0.0,0.0,0.0,0.0,0.0,0.0,0.0,0.0,0.0,0.0,0.0,0.0,0.0,0.0,0.0,0.0,0.0
223332.0,294440,1797.7,32269240.68,60299.64,0.1386296296,65.01,23.19,0.0165333876923076,6.5,48.784672768896506,0.7775,16.084451506301885,287.5348766399013,0.3565071241139219,9,12,0.0,0.0,0.0,0.0,0.0,1.0,0.0,0.0,0.0,0.0,0.0,0.0,0.0,0.0,0.0,0.0,0.0,0.0,0.0,0.0,0.0,0.0,0.0,0.0,0.0,0.0,0.0,0.0,0.0,0.0,0.0,0.0,0.0
399132.0,1189858,1797.7,57670582.68,107765.64,0.2655925926,65.01,23.19,0.0165333876923076,6.5,50.06589416363418,0.7775,19.64306174900652,241.43308597830244,0.5295159404512585,3,6,0.0,0.0,1.0,0.0,0.0,1.0,0.0,0.0,0.0,0.0,0.0,0.0,0.0,0.0,0.0,0.0,0.0,0.0,0.0,0.0,0.0,0.0,0.0,0.0,0.0,0.0,0.0,0.0,0.0,0.0,0.0,0.0,0.0
1880737.0,3709081,1797.7,271747689.1,507798.99,0.1982592593,122.84,23.335,0.0163976676923076,6.5,45.89390525702173,0.7775,12.911267497222068,257.89865418533174,0.5566334866083134,11,3,0.0,0.0,0.0,1.0,0.0,1.0,0.0,0.0,0.0,0.0,0.0,0.0,0.0,0.0,0.0,0.0,0.0,0.0,0.0,0.0,0.0,0.0,0.0,0.0,0.0,0.0,0.0,0.0,0.0,0.0,0.0,0.0,0.0
28330.0,80114,3642.6,4093401.7,7649.1,0.282,8.370000000000001,27.40230769230769,0.0204322153846153,7.475,45.86237728169921,0.5666666666666667,13.42311750224702,264.2951079986929,0.4223991071695915,6,10,1.0,0.0,0.0,0.0,0.0,0.0,0.0,0.0,0.0,1.0,0.0,0.0,0.0,0.0,0.0,0.0,0.0,0.0,0.0,0.0,0.0,0.0,0.0,0.0,0.0,0.0,0.0,0.0,0.0,0.0,0.0,0.0,0.0
14490.0,46397,3642.6,2093660.1,3912.3,0.3205,14.31,27.341538461538462,0.0203999815384615,7.475,45.95063841742026,0.5666666666666667,29.0531529518586,275.9676721927903,0.7531875594933622,10,4,0.0,1.0,0.0,0.0,0.0,0.0,0.0,0.0,0.0,1.0,0.0,0.0,0.0,0.0,0.0,0.0,0.0,0.0,0.0,0.0,0.0,0.0,0.0,0.0,0.0,0.0,0.0,0.0,0.0,0.0,0.0,0.0,0.0
1035111.0,3057894,1235.6,149563188.4,279479.97,0.27926666670000005,31.24,23.606923076923074,0.0198927138461538,6.555555555555555,48.66082193945695,0.9446072796934866,27.137200213087723,231.54240673408864,0.5883095851351744,6,10,1.0,0.0,0.0,0.0,0.0,0.0,0.0,0.0,0.0,0.0,0.0,0.0,0.0,0.0,0.0,1.0,0.0,0.0,0.0,0.0,0.0,0.0,0.0,0.0,0.0,0.0,0.0,0.0,0.0,0.0,0.0,0.0,0.0
40896.0,102639,1235.6,5909063.04,11041.92,0.2545833333,52.73,23.835,0.0200071938461538,6.555555555555555,44.832020253148734,0.9446072796934866,11.283115607196097,218.71024357420737,0.4734852318664357,10,4,0.0,1.0,0.0,0.0,0.0,0.0,0.0,0.0,0.0,0.0,0.0,0.0,0.0,0.0,0.0,1.0,0.0,0.0,0.0,0.0,0.0,0.0,0.0,0.0,0.0,0.0,0.0,0.0,0.0,0.0,0.0,0.0,0.0
264028.0,892066,1235.6,38149405.72,71287.56,0.3022962963,31.24,23.606923076923074,0.0198927138461538,6.555555555555555,47.927488843071,0.9446072796934866,19.688392400400208,258.3191407878866,0.5727446805609493,3,6,0.0,0.0,1.0,0.0,0.0,0.0,0.0,0.0,0.0,0.0,0.0,0.0,0.0,0.0,0.0,1.0,0.0,0.0,0.0,0.0,0.0,0.0,0.0,0.0,0.0,0.0,0.0,0.0,0.0,0.0,0.0,0.0,0.0
51922.0,141234,3255.4,7502209.78,14018.94,0.2416923077,98.62,27.299230769230768,0.0178878461538461,8.185714285714285,44.77775656248217,0.9446072796934866,17.719478136478184,218.5988954443864,0.2712909445358121,9,12,0.0,0.0,0.0,0.0,0.0,0.0,0.0,0.0,0.0,0.0,0.0,0.0,0.0,0.0,0.0,0.0,1.0,0.0,0.0,0.0,0.0,0.0,0.0,0.0,0.0,0.0,0.0,0.0,0.0,0.0,0.0,0.0,0.0
46865.0,137477,3255.4,6771523.85,12653.55,0.2673571429,98.62,27.299230769230768,0.0178878461538461,8.185714285714285,44.90684218767085,0.9446072796934866,35.99389509123559,247.3977953628995,0.4224768878115439,3,6,0.0,0.0,1.0,0.0,0.0,0.0,0.0,0.0,0.0,0.0,0.0,0.0,0.0,0.0,0.0,0.0,1.0,0.0,0.0,0.0,0.0,0.0,0.0,0.0,0.0,0.0,0.0,0.0,0.0,0.0,0.0,0.0,0.0
100824.0,285614,3255.4,14568059.76,27222.48,0.2506428571,188.89,27.399615384615384,0.0179960399999999,8.185714285714285,47.10864106025506,0.9446072796934866,14.102223905775606,271.28539391240025,0.3289736647257435,11,3,0.0,0.0,0.0,1.0,0.0,0.0,0.0,0.0,0.0,0.0,0.0,0.0,0.0,0.0,0.0,0.0,1.0,0.0,0.0,0.0,0.0,0.0,0.0,0.0,0.0,0.0,0.0,0.0,0.0,0.0,0.0,0.0,0.0
22569.0,48727,2448.4,3260994.81,6093.63,0.2448571429,86.01,19.34,0.0160648061538461,6.5,47.7825483451148,0.7775,48.44079560913339,109.5257637067996,0.522769869263605,9,12,0.0,0.0,0.0,0.0,0.0,0.0,0.0,0.0,0.0,0.0,0.0,0.0,0.0,0.0,0.0,0.0,0.0,0.0,0.0,0.0,1.0,0.0,0.0,0.0,0.0,0.0,0.0,0.0,0.0,0.0,0.0,0.0,0.0
13444.0,58685,2448.4,1942523.56,3629.88,0.23963636359999999,168.12,19.37692307692308,0.0160561938461538,6.5,50.44033320219646,0.7775,13.11948726178346,206.24874364450903,0.2370646101413748,10,4,0.0,1.0,0.0,0.0,0.0,0.0,0.0,0.0,0.0,0.0,0.0,0.0,0.0,0.0,0.0,0.0,0.0,0.0,0.0,0.0,1.0,0.0,0.0,0.0,0.0,0.0,0.0,0.0,0.0,0.0,0.0,0.0,0.0
46424.0,111289,2448.4,6707803.76,12534.48,0.2238571429,168.12,19.37692307692308,0.0160561938461538,6.5,44.9778236097411,0.7775,29.16836581348497,221.2513579410057,0.4016891753920171,11,3,0.0,0.0,0.0,1.0,0.0,0.0,0.0,0.0,0.0,0.0,0.0,0.0,0.0,0.0,0.0,0.0,0.0,0.0,0.0,0.0,1.0,0.0,0.0,0.0,0.0,0.0,0.0,0.0,0.0,0.0,0.0,0.0,0.0
1725730.0,7115195,740.9,249350727.7,465947.1,0.44919354840000003,36.33,27.779230769230768,0.019119683076923,6.609240608075417,47.780057008832216,1.15,12.44123691591064,238.0735473043321,0.5349919605652683,6,10,1.0,0.0,0.0,0.0,0.0,0.0,0.0,0.0,0.0,0.0,0.0,0.0,0.0,0.0,0.0,0.0,0.0,0.0,0.0,0.0,0.0,0.0,0.0,0.0,0.0,0.0,0.0,1.0,0.0,0.0,0.0,0.0,0.0
1634921.0,5097447,687.6,246807674.2,539523.93,0.31846153850000003,26.44,28.17230769230769,0.0181106584615384,5.933333333333334,47.30258901063149,0.9446072796934866,21.07843799605336,230.0654588604934,0.5558114147474701,6,10,1.0,0.0,0.0,0.0,0.0,0.0,0.0,0.0,0.0,0.0,0.0,0.0,0.0,0.0,0.0,0.0,0.0,0.0,0.0,0.0,0.0,0.0,0.0,0.0,0.0,0.0,0.0,0.0,0.0,0.0,0.0,0.0,0.0
759034.0,3358137,687.6,114583772.6,250481.22,0.3541538462,55.78,28.186153846153847,0.0183866676923076,5.933333333333334,48.788901954814285,0.9446072796934866,35.136852806956,235.3919458527492,0.2681208792018803,10,4,0.0,1.0,0.0,0.0,0.0,0.0,0.0,0.0,0.0,0.0,0.0,0.0,0.0,0.0,0.0,0.0,0.0,0.0,0.0,0.0,0.0,0.0,0.0,0.0,0.0,0.0,0.0,0.0,0.0,0.0,0.0,0.0,0.0
196188.0,280693,1899.0,29616540.48,64742.04,0.1531481481,57.83,23.48,0.0162619476923076,6.5,44.96548009980955,0.7775,10.511346702619344,180.5039069202225,0.2386000674722204,9,12,0.0,0.0,0.0,0.0,0.0,1.0,0.0,0.0,0.0,0.0,0.0,0.0,0.0,0.0,0.0,0.0,0.0,0.0,0.0,0.0,0.0,0.0,0.0,0.0,0.0,0.0,0.0,0.0,0.0,0.0,0.0,0.0,0.0
416353.0,1224046,1899.0,62852648.88,137396.49,0.2613076923,57.83,23.48,0.0162619476923076,6.5,44.5628297077292,0.7775,20.187853696185403,189.81364673083908,0.501187650575601,3,6,0.0,0.0,1.0,0.0,0.0,1.0,0.0,0.0,0.0,0.0,0.0,0.0,0.0,0.0,0.0,0.0,0.0,0.0,0.0,0.0,0.0,0.0,0.0,0.0,0.0,0.0,0.0,0.0,0.0,0.0,0.0,0.0,0.0
1882756.0,3717906,1899.0,284220845.8,621309.48,0.19777777780000003,131.12,23.51153846153846,0.0159427523076923,6.5,47.52116167201668,0.7775,11.858820751307476,173.2333390260511,0.4145910163198414,11,3,0.0,0.0,0.0,1.0,0.0,1.0,0.0,0.0,0.0,0.0,0.0,0.0,0.0,0.0,0.0,0.0,0.0,0.0,0.0,0.0,0.0,0.0,0.0,0.0,0.0,0.0,0.0,0.0,0.0,0.0,0.0,0.0,0.0
27840.0,81269,3491.2,4202726.4,9187.2,0.2925,5.94,27.28076923076923,0.0203677476923076,7.475,45.16500417010592,0.5666666666666667,12.417498852842035,158.06495066517033,0.5678898748846053,6,10,1.0,0.0,0.0,0.0,0.0,0.0,0.0,0.0,0.0,1.0,0.0,0.0,0.0,0.0,0.0,0.0,0.0,0.0,0.0,0.0,0.0,0.0,0.0,0.0,0.0,0.0,0.0,0.0,0.0,0.0,0.0,0.0,0.0
14130.0,39236,3491.2,2133064.8,4662.9,0.2775,20.55,27.056538461538462,0.0201511384615384,7.475,48.02508613708294,0.5666666666666667,11.632743858189624,122.27537520001373,0.2711726340464855,10,4,0.0,1.0,0.0,0.0,0.0,0.0,0.0,0.0,0.0,1.0,0.0,0.0,0.0,0.0,0.0,0.0,0.0,0.0,0.0,0.0,0.0,0.0,0.0,0.0,0.0,0.0,0.0,0.0,0.0,0.0,0.0,0.0,0.0
1000025.0,3057611,1238.5,150963774.0,330008.25,0.28123333330000005,21.49,24.063076923076924,0.0201216738461538,6.555555555555555,50.2626085953408,0.9446072796934866,12.395418571617537,200.88566186369223,0.6118639467343496,6,10,1.0,0.0,0.0,0.0,0.0,0.0,0.0,0.0,0.0,0.0,0.0,0.0,0.0,0.0,0.0,1.0,0.0,0.0,0.0,0.0,0.0,0.0,0.0,0.0,0.0,0.0,0.0,0.0,0.0,0.0,0.0,0.0,0.0
48096.0,118479,1238.5,7260572.16,15871.68,0.2493846154,50.86,23.96423076923077,0.0202154261538461,6.555555555555555,49.89996780932984,0.9446072796934866,22.22401191028438,295.35820758758706,0.4668513524238318,10,4,0.0,1.0,0.0,0.0,0.0,0.0,0.0,0.0,0.0,0.0,0.0,0.0,0.0,0.0,0.0,1.0,0.0,0.0,0.0,0.0,0.0,0.0,0.0,0.0,0.0,0.0,0.0,0.0,0.0,0.0,0.0,0.0,0.0
278414.0,851657,1238.5,42029377.44,91876.62,0.2852,21.49,24.063076923076924,0.0201216738461538,6.555555555555555,48.53485491476372,0.9446072796934866,25.39382117857953,238.7626341524588,0.5191200625217689,3,6,0.0,0.0,1.0,0.0,0.0,0.0,0.0,0.0,0.0,0.0,0.0,0.0,0.0,0.0,0.0,1.0,0.0,0.0,0.0,0.0,0.0,0.0,0.0,0.0,0.0,0.0,0.0,0.0,0.0,0.0,0.0,0.0,0.0
63981.0,161477,3046.4,9658571.76,21113.73,0.2215384615,90.27,27.5,0.0181042338461538,8.185714285714285,44.708083139314695,0.9446072796934866,8.552153216624259,298.08110878859827,0.1929938674980474,9,12,0.0,0.0,0.0,0.0,0.0,0.0,0.0,0.0,0.0,0.0,0.0,0.0,0.0,0.0,0.0,0.0,1.0,0.0,0.0,0.0,0.0,0.0,0.0,0.0,0.0,0.0,0.0,0.0,0.0,0.0,0.0,0.0,0.0
45188.0,146165,3046.4,6821580.48,14912.04,0.28014285710000003,90.27,27.5,0.0181042338461538,8.185714285714285,47.949124358006415,0.9446072796934866,34.349915643522856,312.64625822471163,0.6021839462772606,3,6,0.0,0.0,1.0,0.0,0.0,0.0,0.0,0.0,0.0,0.0,0.0,0.0,0.0,0.0,0.0,0.0,1.0,0.0,0.0,0.0,0.0,0.0,0.0,0.0,0.0,0.0,0.0,0.0,0.0,0.0,0.0,0.0,0.0
88990.0,254450,3046.4,13433930.4,29366.7,0.25007142860000003,165.55,27.511923076923075,0.0182974153846153,8.185714285714285,49.105620360935845,0.9446072796934866,10.647877979745829,242.07809541606264,0.1200690885529711,11,3,0.0,0.0,0.0,1.0,0.0,0.0,0.0,0.0,0.0,0.0,0.0,0.0,0.0,0.0,0.0,0.0,1.0,0.0,0.0,0.0,0.0,0.0,0.0,0.0,0.0,0.0,0.0,0.0,0.0,0.0,0.0,0.0,0.0
33102.0,76631,3484.4,4997077.92,10923.66,0.2507272727,82.11,19.413846153846155,0.0160475815384615,6.5,47.44564955309715,0.7775,29.042167397207457,114.7361424899749,0.1707518982776162,9,12,0.0,0.0,0.0,0.0,0.0,0.0,0.0,0.0,0.0,0.0,0.0,0.0,0.0,0.0,0.0,0.0,0.0,0.0,0.0,0.0,1.0,0.0,0.0,0.0,0.0,0.0,0.0,0.0,0.0,0.0,0.0,0.0,0.0
13620.0,62687,3484.4,2056075.2,4494.6,0.25054545450000004,183.97,19.36923076923077,0.0155254292307692,6.5,44.30148596878249,0.7775,15.58009919833472,198.36134920345987,0.611539563643928,10,4,0.0,1.0,0.0,0.0,0.0,0.0,0.0,0.0,0.0,0.0,0.0,0.0,0.0,0.0,0.0,0.0,0.0,0.0,0.0,0.0,1.0,0.0,0.0,0.0,0.0,0.0,0.0,0.0,0.0,0.0,0.0,0.0,0.0
63601.0,158920,3484.4,9601206.96,20988.33,0.2319090909,183.97,19.36923076923077,0.0155254292307692,6.5,46.29327971672088,0.7775,20.411594218599543,275.336319219495,0.6711038627239054,11,3,0.0,0.0,0.0,1.0,0.0,0.0,0.0,0.0,0.0,0.0,0.0,0.0,0.0,0.0,0.0,0.0,0.0,0.0,0.0,0.0,1.0,0.0,0.0,0.0,0.0,0.0,0.0,0.0,0.0,0.0,0.0,0.0,0.0
1794991.0,7949437,911.3,270971841.4,592347.03,0.47303225810000005,38.78,27.96923076923077,0.0192118707692307,6.609240608075417,47.75560272246132,1.15,22.80070689526054,285.760937997428,0.67764932823971,6,10,1.0,0.0,0.0,0.0,0.0,0.0,0.0,0.0,0.0,0.0,0.0,0.0,0.0,0.0,0.0,0.0,0.0,0.0,0.0,0.0,0.0,0.0,0.0,0.0,0.0,0.0,0.0,1.0,0.0,0.0,0.0,0.0,0.0
1398884.0,4115558,940.7,220897772.4,461631.72,0.3091538462,29.34,28.200000000000003,0.0186626769230769,5.933333333333334,49.86091410341165,0.9446072796934866,21.45084393510584,183.8019393152681,0.1997032082394377,6,10,1.0,0.0,0.0,0.0,0.0,0.0,0.0,0.0,0.0,0.0,0.0,0.0,0.0,0.0,0.0,0.0,0.0,0.0,0.0,0.0,0.0,0.0,0.0,0.0,0.0,0.0,0.0,0.0,0.0,0.0,0.0,0.0,0.0
761911.0,3402713,940.7,120313366.0,251430.63,0.3671538462,62.59,28.12153846153846,0.0185079461538461,5.933333333333334,44.9206406239158,0.9446072796934866,32.81918504990798,259.7987498410432,0.5749570513349799,10,4,0.0,1.0,0.0,0.0,0.0,0.0,0.0,0.0,0.0,0.0,0.0,0.0,0.0,0.0,0.0,0.0,0.0,0.0,0.0,0.0,0.0,0.0,0.0,0.0,0.0,0.0,0.0,0.0,0.0,0.0,0.0,0.0,0.0
3817.0,12250,1980.6,602742.47,1259.61,0.22733333330000002,55.82,28.096153846153847,0.0192882738461538,6.609240608075417,48.16123005889676,1.15,26.80549961437724,306.4908682766411,0.4198935742941637,6,10,1.0,0.0,0.0,0.0,0.0,0.0,0.0,0.0,0.0,0.0,0.0,0.0,0.0,0.0,0.0,0.0,0.0,0.0,0.0,0.0,0.0,0.0,0.0,0.0,1.0,0.0,0.0,0.0,0.0,0.0,0.0,0.0,0.0
8505.0,19587,1980.6,1343024.55,2806.65,0.24700000000000003,82.84,28.16038461538461,0.01957536,6.609240608075417,50.592968146831424,1.15,20.17775123934474,300.69974425324654,0.4119394992913545,10,4,0.0,1.0,0.0,0.0,0.0,0.0,0.0,0.0,0.0,0.0,0.0,0.0,0.0,0.0,0.0,0.0,0.0,0.0,0.0,0.0,0.0,0.0,0.0,0.0,1.0,0.0,0.0,0.0,0.0,0.0,0.0,0.0,0.0
3941.0,12049,1980.6,622323.31,1300.53,0.22250000000000003,55.82,28.096153846153847,0.0192882738461538,6.609240608075417,46.800988363910285,1.15,28.079218501938406,277.7618637654463,0.6075321034440245,3,6,0.0,0.0,1.0,0.0,0.0,0.0,0.0,0.0,0.0,0.0,0.0,0.0,0.0,0.0,0.0,0.0,0.0,0.0,0.0,0.0,0.0,0.0,0.0,0.0,1.0,0.0,0.0,0.0,0.0,0.0,0.0,0.0,0.0
191322.0,256729,2155.3,30211657.02,63136.26,0.1398888889,73.29,23.543076923076924,0.0156235569230769,6.5,46.16638826337231,0.7775,25.79513954712249,219.42232187271895,0.5538400776287427,9,12,0.0,0.0,0.0,0.0,0.0,1.0,0.0,0.0,0.0,0.0,0.0,0.0,0.0,0.0,0.0,0.0,0.0,0.0,0.0,0.0,0.0,0.0,0.0,0.0,0.0,0.0,0.0,0.0,0.0,0.0,0.0,0.0,0.0
404982.0,1141336,2155.3,63950707.62,133644.06,0.2488076923,73.29,23.543076923076924,0.0156235569230769,6.5,49.52425285406515,0.7775,14.28920691562427,297.48560585490026,0.5822121011934441,3,6,0.0,0.0,1.0,0.0,0.0,1.0,0.0,0.0,0.0,0.0,0.0,0.0,0.0,0.0,0.0,0.0,0.0,0.0,0.0,0.0,0.0,0.0,0.0,0.0,0.0,0.0,0.0,0.0,0.0,0.0,0.0,0.0,0.0
1888683.0,3727039,2155.3,298241932.5,623265.39,0.1965925926,153.13,23.73923076923077,0.0156514707692307,6.5,49.21832476466501,0.7775,47.9747556542893,303.14489231631933,0.4315405336486781,11,3,0.0,0.0,0.0,1.0,0.0,1.0,0.0,0.0,0.0,0.0,0.0,0.0,0.0,0.0,0.0,0.0,0.0,0.0,0.0,0.0,0.0,0.0,0.0,0.0,0.0,0.0,0.0,0.0,0.0,0.0,0.0,0.0,0.0
33136.0,77453,3870.8,5232505.76,10934.88,0.2551818182,101.86,19.324615384615385,0.0150032769230769,6.5,47.48956318445951,0.7775,31.41223671050724,194.7013353190326,0.2921399777319013,9,12,0.0,0.0,0.0,0.0,0.0,0.0,0.0,0.0,0.0,0.0,0.0,0.0,0.0,0.0,0.0,0.0,0.0,0.0,0.0,0.0,1.0,0.0,0.0,0.0,0.0,0.0,0.0,0.0,0.0,0.0,0.0,0.0,0.0
13649.0,62901,3870.8,2155313.59,4504.17,0.2557272727,245.78,19.54,0.0151957384615384,6.5,46.07284054145331,0.7775,13.661409840332617,181.46034165814115,0.4934184630883522,10,4,0.0,1.0,0.0,0.0,0.0,0.0,0.0,0.0,0.0,0.0,0.0,0.0,0.0,0.0,0.0,0.0,0.0,0.0,0.0,0.0,1.0,0.0,0.0,0.0,0.0,0.0,0.0,0.0,0.0,0.0,0.0,0.0,0.0
63670.0,160722,3870.8,10054129.7,21011.1,0.23472727270000002,245.78,19.54,0.0151957384615384,6.5,45.41756188407101,0.7775,13.91604525263276,256.1831255051269,0.4811117974719252,11,3,0.0,0.0,0.0,1.0,0.0,0.0,0.0,0.0,0.0,0.0,0.0,0.0,0.0,0.0,0.0,0.0,0.0,0.0,0.0,0.0,1.0,0.0,0.0,0.0,0.0,0.0,0.0,0.0,0.0,0.0,0.0,0.0,0.0
27730.0,78489,2587.1,4378844.3,9150.9,0.28300000000000003,14.61,26.83230769230769,0.0199345292307692,7.475,45.131773246908985,0.5666666666666667,14.268614434737264,219.74675798048565,0.6070859582512268,6,10,1.0,0.0,0.0,0.0,0.0,0.0,0.0,0.0,0.0,1.0,0.0,0.0,0.0,0.0,0.0,0.0,0.0,0.0,0.0,0.0,0.0,0.0,0.0,0.0,0.0,0.0,0.0,0.0,0.0,0.0,0.0,0.0,0.0
13614.0,36579,2587.1,2149786.74,4492.62,0.27599999999999997,24.59,27.53846153846154,0.0201567046153846,7.475,46.80351022094767,0.5666666666666667,19.554797098194182,279.51326503567543,0.3798620978030784,10,4,0.0,1.0,0.0,0.0,0.0,0.0,0.0,0.0,0.0,1.0,0.0,0.0,0.0,0.0,0.0,0.0,0.0,0.0,0.0,0.0,0.0,0.0,0.0,0.0,0.0,0.0,0.0,0.0,0.0,0.0,0.0,0.0,0.0
977005.0,2641669,1024.9,154278859.5,322411.65,0.2525666667,29.37,23.865384615384617,0.0203091784615384,6.555555555555555,49.04449519149058,0.9446072796934866,20.07662448882976,286.4586483682657,0.4563931087033835,6,10,1.0,0.0,0.0,0.0,0.0,0.0,0.0,0.0,0.0,0.0,0.0,0.0,0.0,0.0,0.0,1.0,0.0,0.0,0.0,0.0,0.0,0.0,0.0,0.0,0.0,0.0,0.0,0.0,0.0,0.0,0.0,0.0,0.0
29329.0,71420,1024.9,4631342.39,9678.57,0.2456428571,50.08,24.18076923076924,0.0203242292307692,6.555555555555555,47.007130748148725,0.9446072796934866,10.885156490416634,253.328108365976,0.2538300062020396,10,4,0.0,1.0,0.0,0.0,0.0,0.0,0.0,0.0,0.0,0.0,0.0,0.0,0.0,0.0,0.0,1.0,0.0,0.0,0.0,0.0,0.0,0.0,0.0,0.0,0.0,0.0,0.0,0.0,0.0,0.0,0.0,0.0,0.0
103711.0,307524,1024.9,16377004.01,34224.63,0.27857692310000004,29.37,23.865384615384617,0.0203091784615384,6.555555555555555,48.80367247465188,0.9446072796934866,13.712024717537094,288.77782976933764,0.6717785397684913,3,6,0.0,0.0,1.0,0.0,0.0,0.0,0.0,0.0,0.0,0.0,0.0,0.0,0.0,0.0,0.0,1.0,0.0,0.0,0.0,0.0,0.0,0.0,0.0,0.0,0.0,0.0,0.0,0.0,0.0,0.0,0.0,0.0,0.0
60418.0,160894,2602.9,9540606.38,19937.94,0.2327692308,75.28,27.523846153846154,0.0184905969230769,8.185714285714285,46.08180877668125,0.9446072796934866,15.88509846720792,257.7760877914569,0.8578983797447788,9,12,0.0,0.0,0.0,0.0,0.0,0.0,0.0,0.0,0.0,0.0,0.0,0.0,0.0,0.0,0.0,0.0,1.0,0.0,0.0,0.0,0.0,0.0,0.0,0.0,0.0,0.0,0.0,0.0,0.0,0.0,0.0,0.0,0.0
47334.0,144706,2602.9,7474511.94,15620.22,0.267,75.28,27.523846153846154,0.0184905969230769,8.185714285714285,45.89948518282185,0.9446072796934866,34.880456197230615,136.48412975888192,0.59868214354123,3,6,0.0,0.0,1.0,0.0,0.0,0.0,0.0,0.0,0.0,0.0,0.0,0.0,0.0,0.0,0.0,0.0,1.0,0.0,0.0,0.0,0.0,0.0,0.0,0.0,0.0,0.0,0.0,0.0,0.0,0.0,0.0,0.0,0.0
89118.0,243675,2602.9,14072623.38,29408.94,0.23707142860000002,140.44,27.56692307692308,0.018406883076923,8.185714285714285,46.09732298858563,0.9446072796934866,34.46254109570468,321.2396558994425,0.5480176409932324,11,3,0.0,0.0,0.0,1.0,0.0,0.0,0.0,0.0,0.0,0.0,0.0,0.0,0.0,0.0,0.0,0.0,1.0,0.0,0.0,0.0,0.0,0.0,0.0,0.0,0.0,0.0,0.0,0.0,0.0,0.0,0.0,0.0,0.0
2000212.0,7374681,1201.9,315853476.9,660069.96,0.40612903229999997,69.98,27.85538461538461,0.0194445692307692,6.609240608075417,50.49430178386034,1.15,25.914978591317407,152.65250934721757,0.3993290881122865,6,10,1.0,0.0,0.0,0.0,0.0,0.0,0.0,0.0,0.0,0.0,0.0,0.0,0.0,0.0,0.0,0.0,0.0,0.0,0.0,0.0,0.0,0.0,0.0,0.0,0.0,0.0,0.0,1.0,0.0,0.0,0.0,0.0,0.0
1519656.0,5233690,890.0,232887282.0,531879.6,0.3361538462,33.25,28.043076923076924,0.0183532153846153,5.933333333333334,45.16454055031206,0.9446072796934866,30.71770157117695,172.2268051885572,0.512238325619594,6,10,1.0,0.0,0.0,0.0,0.0,0.0,0.0,0.0,0.0,0.0,0.0,0.0,0.0,0.0,0.0,0.0,0.0,0.0,0.0,0.0,0.0,0.0,0.0,0.0,0.0,0.0,0.0,0.0,0.0,0.0,0.0,0.0,0.0
585363.0,2768647,890.0,89706879.75,204877.05,0.3727692308,68.32000000000001,28.09307692307692,0.0182698753846153,5.933333333333334,48.26845725538822,0.9446072796934866,16.603784720953673,246.54820430979225,0.7700001081254321,10,4,0.0,1.0,0.0,0.0,0.0,0.0,0.0,0.0,0.0,0.0,0.0,0.0,0.0,0.0,0.0,0.0,0.0,0.0,0.0,0.0,0.0,0.0,0.0,0.0,0.0,0.0,0.0,0.0,0.0,0.0,0.0,0.0,0.0
3693.0,13151,1391.3,565952.25,1292.55,0.32400000000000007,27.02,28.224615384615387,0.0198624461538461,6.609240608075417,46.24223433544535,1.15,19.166039570381944,236.88580608915973,0.449733963256019,6,10,1.0,0.0,0.0,0.0,0.0,0.0,0.0,0.0,0.0,0.0,0.0,0.0,0.0,0.0,0.0,0.0,0.0,0.0,0.0,0.0,0.0,0.0,0.0,0.0,1.0,0.0,0.0,0.0,0.0,0.0,0.0,0.0,0.0
8412.0,23024,1391.3,1289139.0,2944.2,0.3436666667,71.31,28.249615384615385,0.0194854015384615,6.609240608075417,45.44992548369244,1.15,28.75366799082911,276.4823012291972,0.5846743044715417,10,4,0.0,1.0,0.0,0.0,0.0,0.0,0.0,0.0,0.0,0.0,0.0,0.0,0.0,0.0,0.0,0.0,0.0,0.0,0.0,0.0,0.0,0.0,0.0,0.0,1.0,0.0,0.0,0.0,0.0,0.0,0.0,0.0,0.0
4100.0,15989,1391.3,628325.0,1435.0,0.2535,27.02,28.224615384615387,0.0198624461538461,6.609240608075417,46.02251407564591,1.15,25.726441585212207,253.49533870527227,0.2385202551024089,3,6,0.0,0.0,1.0,0.0,0.0,0.0,0.0,0.0,0.0,0.0,0.0,0.0,0.0,0.0,0.0,0.0,0.0,0.0,0.0,0.0,0.0,0.0,0.0,0.0,1.0,0.0,0.0,0.0,0.0,0.0,0.0,0.0,0.0
168044.0,228206,2296.8,25752743.0,58815.4,0.1405185185,79.84,23.935384615384617,0.0156793846153846,6.5,50.595140082412016,0.7775,21.45926283438692,131.77046378049187,0.7700679924434212,9,12,0.0,0.0,0.0,0.0,0.0,1.0,0.0,0.0,0.0,0.0,0.0,0.0,0.0,0.0,0.0,0.0,0.0,0.0,0.0,0.0,0.0,0.0,0.0,0.0,0.0,0.0,0.0,0.0,0.0,0.0,0.0,0.0,0.0
408132.0,1131872,2296.8,62546229.0,142846.2,0.2412692308,79.84,23.935384615384617,0.0156793846153846,6.5,47.82568191396757,0.7775,22.47768040397039,269.65481393938813,0.4730222177781094,3,6,0.0,0.0,1.0,0.0,0.0,1.0,0.0,0.0,0.0,0.0,0.0,0.0,0.0,0.0,0.0,0.0,0.0,0.0,0.0,0.0,0.0,0.0,0.0,0.0,0.0,0.0,0.0,0.0,0.0,0.0,0.0,0.0,0.0
1890960.0,3767357,2296.8,289789620.0,661836.0,0.1996666667,172.99,23.70615384615385,0.0155799692307692,6.5,47.67207416008311,0.7775,15.252240504335482,113.24164791678211,0.6496172024243236,11,3,0.0,0.0,0.0,1.0,0.0,1.0,0.0,0.0,0.0,0.0,0.0,0.0,0.0,0.0,0.0,0.0,0.0,0.0,0.0,0.0,0.0,0.0,0.0,0.0,0.0,0.0,0.0,0.0,0.0,0.0,0.0,0.0,0.0
33646.0,78965,3837.1,5156249.5,11776.1,0.2552727273,143.92,19.755384615384614,0.0153882,6.5,48.074814529121056,0.7775,8.71920043612229,313.0017240470382,0.5175379651056593,9,12,0.0,0.0,0.0,0.0,0.0,0.0,0.0,0.0,0.0,0.0,0.0,0.0,0.0,0.0,0.0,0.0,0.0,0.0,0.0,0.0,1.0,0.0,0.0,0.0,0.0,0.0,0.0,0.0,0.0,0.0,0.0,0.0,0.0
13670.0,63373,3837.1,2094927.5,4784.5,0.2573636364,331.18,19.624615384615385,0.0151923461538461,6.5,49.764695637898136,0.7775,21.65883580394559,228.8370692270767,0.4933345739919065,10,4,0.0,1.0,0.0,0.0,0.0,0.0,0.0,0.0,0.0,0.0,0.0,0.0,0.0,0.0,0.0,0.0,0.0,0.0,0.0,0.0,1.0,0.0,0.0,0.0,0.0,0.0,0.0,0.0,0.0,0.0,0.0,0.0,0.0
63862.0,162180,3837.1,9786851.5,22351.7,0.2359090909,331.18,19.624615384615385,0.0151923461538461,6.5,45.60610441764922,0.7775,28.80698887190151,190.3354034620679,0.8135985222341717,11,3,0.0,0.0,0.0,1.0,0.0,0.0,0.0,0.0,0.0,0.0,0.0,0.0,0.0,0.0,0.0,0.0,0.0,0.0,0.0,0.0,1.0,0.0,0.0,0.0,0.0,0.0,0.0,0.0,0.0,0.0,0.0,0.0,0.0
27630.0,77109,3266.9,4234297.5,9670.5,0.2795,9.98,28.244615384615383,0.02037888,7.475,49.57662644720723,0.5666666666666667,44.6396759420842,232.74629164770545,0.3852966083515491,6,10,1.0,0.0,0.0,0.0,0.0,0.0,0.0,0.0,0.0,1.0,0.0,0.0,0.0,0.0,0.0,0.0,0.0,0.0,0.0,0.0,0.0,0.0,0.0,0.0,0.0,0.0,0.0,0.0,0.0,0.0,0.0,0.0,0.0
13193.0,36118,3266.9,2021827.25,4617.55,0.2745,18.6,28.035,0.0202603846153846,7.475,44.75753086653729,0.5666666666666667,34.21425426573383,307.8612148392758,0.5280353036458416,10,4,0.0,1.0,0.0,0.0,0.0,0.0,0.0,0.0,0.0,1.0,0.0,0.0,0.0,0.0,0.0,0.0,0.0,0.0,0.0,0.0,0.0,0.0,0.0,0.0,0.0,0.0,0.0,0.0,0.0,0.0,0.0,0.0,0.0
942025.0,2611754,1147.2,144365331.3,329708.75,0.2529666667,20.71,24.496153846153845,0.0203392799999999,6.555555555555555,44.76086292765814,0.9446072796934866,18.84707352146607,309.19601650739367,0.5091304290245429,6,10,1.0,0.0,0.0,0.0,0.0,0.0,0.0,0.0,0.0,0.0,0.0,0.0,0.0,0.0,0.0,1.0,0.0,0.0,0.0,0.0,0.0,0.0,0.0,0.0,0.0,0.0,0.0,0.0,0.0,0.0,0.0,0.0,0.0
18686.0,49615,1147.2,2863629.5,6540.1,0.2525333333,59.21,24.11807692307692,0.0200560846153846,6.555555555555555,44.85872693518297,0.9446072796934866,18.31109083959025,302.18085055999524,0.6357489695318623,10,4,0.0,1.0,0.0,0.0,0.0,0.0,0.0,0.0,0.0,0.0,0.0,0.0,0.0,0.0,0.0,1.0,0.0,0.0,0.0,0.0,0.0,0.0,0.0,0.0,0.0,0.0,0.0,0.0,0.0,0.0,0.0,0.0,0.0
73832.0,212837,1147.2,11314754.0,25841.2,0.2852692308,20.71,24.496153846153845,0.0203392799999999,6.555555555555555,46.47148081756708,0.9446072796934866,30.60816188282598,278.59500376568366,0.5495971329254058,3,6,0.0,0.0,1.0,0.0,0.0,0.0,0.0,0.0,0.0,0.0,0.0,0.0,0.0,0.0,0.0,1.0,0.0,0.0,0.0,0.0,0.0,0.0,0.0,0.0,0.0,0.0,0.0,0.0,0.0,0.0,0.0,0.0,0.0
56601.0,167181,2924.3,8674103.25,19810.35,0.2524615385,65.16,27.61,0.0183231692307692,8.185714285714285,45.68201248485538,0.9446072796934866,15.343017484370144,311.6413599934257,0.5591103690633754,9,12,0.0,0.0,0.0,0.0,0.0,0.0,0.0,0.0,0.0,0.0,0.0,0.0,0.0,0.0,0.0,0.0,1.0,0.0,0.0,0.0,0.0,0.0,0.0,0.0,0.0,0.0,0.0,0.0,0.0,0.0,0.0,0.0,0.0
42544.0,127905,2924.3,6519868.0,14890.4,0.2534285714,65.16,27.61,0.0183231692307692,8.185714285714285,49.3990583432273,0.9446072796934866,20.61511072080926,232.0560596809739,0.3777351146889939,3,6,0.0,0.0,1.0,0.0,0.0,0.0,0.0,0.0,0.0,0.0,0.0,0.0,0.0,0.0,0.0,0.0,1.0,0.0,0.0,0.0,0.0,0.0,0.0,0.0,0.0,0.0,0.0,0.0,0.0,0.0,0.0,0.0,0.0
72253.0,141397,2924.3,11072772.25,25288.55,0.2102142857,152.44,27.555,0.0183705507692307,8.185714285714285,48.64972436682968,0.9446072796934866,15.286830689515227,191.62461457618943,0.3465929446698776,11,3,0.0,0.0,0.0,1.0,0.0,0.0,0.0,0.0,0.0,0.0,0.0,0.0,0.0,0.0,0.0,0.0,1.0,0.0,0.0,0.0,0.0,0.0,0.0,0.0,0.0,0.0,0.0,0.0,0.0,0.0,0.0,0.0,0.0
1442841.0,3554113,912.4,221115383.3,504994.35,0.30683870970000005,28.69,28.10923076923077,0.0196614276923076,6.609240608075417,46.50823996513936,1.15,38.673770790514325,301.8176802816046,0.662872667524419,6,10,1.0,0.0,0.0,0.0,0.0,0.0,0.0,0.0,0.0,0.0,0.0,0.0,0.0,0.0,0.0,0.0,0.0,0.0,0.0,0.0,0.0,0.0,0.0,0.0,0.0,0.0,0.0,1.0,0.0,0.0,0.0,0.0,0.0
1476928.0,4941933,868.2,232527544.3,561232.64,0.325,35.07,28.14307692307693,0.0181865353846153,5.933333333333334,47.23044615631346,0.9446072796934866,17.160875057202503,242.71077387028575,0.4075639277246539,6,10,1.0,0.0,0.0,0.0,0.0,0.0,0.0,0.0,0.0,0.0,0.0,0.0,0.0,0.0,0.0,0.0,0.0,0.0,0.0,0.0,0.0,0.0,0.0,0.0,0.0,0.0,0.0,0.0,0.0,0.0,0.0,0.0,0.0
741258.0,3519409,868.2,116703659.5,281678.04,0.38876923080000003,67.83,28.16192307692308,0.0181296415384615,5.933333333333334,50.00016490264313,0.9446072796934866,16.307543314322338,316.0125880378349,0.5852556677160647,10,4,0.0,1.0,0.0,0.0,0.0,0.0,0.0,0.0,0.0,0.0,0.0,0.0,0.0,0.0,0.0,0.0,0.0,0.0,0.0,0.0,0.0,0.0,0.0,0.0,0.0,0.0,0.0,0.0,0.0,0.0,0.0,0.0,0.0
4325.0,15281,1582.4,680928.0,1643.5,0.32566666670000005,44.29,28.274615384615384,0.0191083569230769,6.609240608075417,44.78425659571808,1.15,15.297564599692109,215.64158301765184,0.3183957268917411,6,10,1.0,0.0,0.0,0.0,0.0,0.0,0.0,0.0,0.0,0.0,0.0,0.0,0.0,0.0,0.0,0.0,0.0,0.0,0.0,0.0,0.0,0.0,0.0,0.0,1.0,0.0,0.0,0.0,0.0,0.0,0.0,0.0,0.0
8749.0,25188,1582.4,1377442.56,3324.62,0.327,77.92,28.15115384615385,0.0190562123076923,6.609240608075417,50.1224673551961,1.15,20.799062984813308,253.6616835552101,0.3226723475735309,10,4,0.0,1.0,0.0,0.0,0.0,0.0,0.0,0.0,0.0,0.0,0.0,0.0,0.0,0.0,0.0,0.0,0.0,0.0,0.0,0.0,0.0,0.0,0.0,0.0,1.0,0.0,0.0,0.0,0.0,0.0,0.0,0.0,0.0
4297.0,15518,1582.4,676519.68,1632.86,0.28500000000000003,44.29,28.274615384615384,0.0191083569230769,6.609240608075417,48.24602323421387,1.15,25.750994905723186,214.88023910949985,0.5629489215697574,3,6,0.0,0.0,1.0,0.0,0.0,0.0,0.0,0.0,0.0,0.0,0.0,0.0,0.0,0.0,0.0,0.0,0.0,0.0,0.0,0.0,0.0,0.0,0.0,0.0,1.0,0.0,0.0,0.0,0.0,0.0,0.0,0.0,0.0
154511.0,209349,2098.563636,24326211.84,58714.18,0.1418148148,93.15,23.476923076923075,0.0154805538461538,6.5,47.907582774755454,0.7775,44.543741840403605,187.27637252917296,0.60954874790019,9,12,0.0,0.0,0.0,0.0,0.0,1.0,0.0,0.0,0.0,0.0,0.0,0.0,0.0,0.0,0.0,0.0,0.0,0.0,0.0,0.0,0.0,0.0,0.0,0.0,0.0,0.0,0.0,0.0,0.0,0.0,0.0,0.0,0.0
400402.0,1191244,2098.563636,63039290.88,152152.76,0.2704615385,93.15,23.476923076923075,0.0154805538461538,6.5,49.08028488958279,0.7775,25.609408789716177,241.8643602443691,0.452807699966319,3,6,0.0,0.0,1.0,0.0,0.0,1.0,0.0,0.0,0.0,0.0,0.0,0.0,0.0,0.0,0.0,0.0,0.0,0.0,0.0,0.0,0.0,0.0,0.0,0.0,0.0,0.0,0.0,0.0,0.0,0.0,0.0,0.0,0.0
1878798.0,3883120,2098.563636,295797957.1,713943.24,0.2063703704,157.98,23.25,0.0155046323076923,6.5,45.36230110366466,0.7775,20.193444146736063,251.57674915881915,0.7862479481525656,11,3,0.0,0.0,0.0,1.0,0.0,1.0,0.0,0.0,0.0,0.0,0.0,0.0,0.0,0.0,0.0,0.0,0.0,0.0,0.0,0.0,0.0,0.0,0.0,0.0,0.0,0.0,0.0,0.0,0.0,0.0,0.0,0.0,0.0
33575.0,78848,4472.3,5286048.0,12758.5,0.2551818182,187.26,19.49384615384616,0.0149964923076923,6.5,47.05809805521837,0.7775,14.33625143807081,309.33088139022766,0.6227571903212725,9,12,0.0,0.0,0.0,0.0,0.0,0.0,0.0,0.0,0.0,0.0,0.0,0.0,0.0,0.0,0.0,0.0,0.0,0.0,0.0,0.0,1.0,0.0,0.0,0.0,0.0,0.0,0.0,0.0,0.0,0.0,0.0,0.0,0.0
13683.0,63428,4472.3,2154251.52,5199.54,0.25763636360000003,308.72,19.228076923076923,0.0151068876923076,6.5,49.93113359164412,0.7775,19.445815634006696,236.5027876432614,0.6298593283544534,10,4,0.0,1.0,0.0,0.0,0.0,0.0,0.0,0.0,0.0,0.0,0.0,0.0,0.0,0.0,0.0,0.0,0.0,0.0,0.0,0.0,1.0,0.0,0.0,0.0,0.0,0.0,0.0,0.0,0.0,0.0,0.0,0.0,0.0
63883.0,162272,4472.3,10057739.52,24275.54,0.236,308.72,19.228076923076923,0.0151068876923076,6.5,46.49204880273516,0.7775,20.966892759563333,222.9868248155031,0.3170196651789067,11,3,0.0,0.0,0.0,1.0,0.0,0.0,0.0,0.0,0.0,0.0,0.0,0.0,0.0,0.0,0.0,0.0,0.0,0.0,0.0,0.0,1.0,0.0,0.0,0.0,0.0,0.0,0.0,0.0,0.0,0.0,0.0,0.0,0.0
27219.0,71279,2772.5,4285359.36,10343.22,0.2635,8.62,27.825384615384618,0.0201418892307692,7.475,45.26264885327595,0.5666666666666667,20.584404813277544,268.66284039464347,0.3133388835614883,6,10,1.0,0.0,0.0,0.0,0.0,0.0,0.0,0.0,0.0,1.0,0.0,0.0,0.0,0.0,0.0,0.0,0.0,0.0,0.0,0.0,0.0,0.0,0.0,0.0,0.0,0.0,0.0,0.0,0.0,0.0,0.0,0.0,0.0
11301.0,31718,2772.5,1779229.44,4294.38,0.28550000000000003,18.72,27.861153846153847,0.0200126215384615,7.475,48.13567457969727,0.5666666666666667,29.118466453220165,247.99739507087915,0.3701433675756859,10,4,0.0,1.0,0.0,0.0,0.0,0.0,0.0,0.0,0.0,1.0,0.0,0.0,0.0,0.0,0.0,0.0,0.0,0.0,0.0,0.0,0.0,0.0,0.0,0.0,0.0,0.0,0.0,0.0,0.0,0.0,0.0,0.0,0.0
737547.0,2123100,1111.7,116119399.7,280267.86,0.29,38.5,23.74,0.0197728892307692,6.555555555555555,49.38769038921023,0.9446072796934866,43.0296840744279,259.59025496768373,0.5359906203424402,6,10,1.0,0.0,0.0,0.0,0.0,0.0,0.0,0.0,0.0,0.0,0.0,0.0,0.0,0.0,0.0,1.0,0.0,0.0,0.0,0.0,0.0,0.0,0.0,0.0,0.0,0.0,0.0,0.0,0.0,0.0,0.0,0.0,0.0
30634.0,81726,1111.7,4823016.96,11640.92,0.2773076923,59.28,23.85384615384616,0.0197857107692307,6.555555555555555,45.52266964982494,0.9446072796934866,20.01932300051764,277.6154139100479,0.4092292241331251,10,4,0.0,1.0,0.0,0.0,0.0,0.0,0.0,0.0,0.0,0.0,0.0,0.0,0.0,0.0,0.0,1.0,0.0,0.0,0.0,0.0,0.0,0.0,0.0,0.0,0.0,0.0,0.0,0.0,0.0,0.0,0.0,0.0,0.0
224744.0,702645,1111.7,35383695.36,85402.72,0.30637037040000004,38.5,23.74,0.0197728892307692,6.555555555555555,45.59613323959034,0.9446072796934866,14.731824004142537,321.768813065924,0.4204477156035596,3,6,0.0,0.0,1.0,0.0,0.0,0.0,0.0,0.0,0.0,0.0,0.0,0.0,0.0,0.0,0.0,1.0,0.0,0.0,0.0,0.0,0.0,0.0,0.0,0.0,0.0,0.0,0.0,0.0,0.0,0.0,0.0,0.0,0.0
58278.0,148913,2664.8,9175288.32,22145.64,0.22176923080000002,87.28,27.5,0.0184179323076923,8.185714285714285,45.92161256714281,0.9446072796934866,22.92451584492677,193.38123924456488,0.38342720274763,9,12,0.0,0.0,0.0,0.0,0.0,0.0,0.0,0.0,0.0,0.0,0.0,0.0,0.0,0.0,0.0,0.0,1.0,0.0,0.0,0.0,0.0,0.0,0.0,0.0,0.0,0.0,0.0,0.0,0.0,0.0,0.0,0.0,0.0
49693.0,153463,2664.8,7823665.92,18883.34,0.2733571429,87.28,27.5,0.0184179323076923,8.185714285714285,48.70379356655984,0.9446072796934866,17.3984321070289,266.6272285197398,0.3343152525283079,3,6,0.0,0.0,1.0,0.0,0.0,0.0,0.0,0.0,0.0,0.0,0.0,0.0,0.0,0.0,0.0,0.0,1.0,0.0,0.0,0.0,0.0,0.0,0.0,0.0,0.0,0.0,0.0,0.0,0.0,0.0,0.0,0.0,0.0
81115.0,218934,2664.8,12770745.6,30823.7,0.2483571429,192.05,27.494615384615383,0.0183517061538461,8.185714285714285,45.55963382114005,0.9446072796934866,20.913730194042035,252.0988616331354,0.3957233432905012,11,3,0.0,0.0,0.0,1.0,0.0,0.0,0.0,0.0,0.0,0.0,0.0,0.0,0.0,0.0,0.0,0.0,1.0,0.0,0.0,0.0,0.0,0.0,0.0,0.0,0.0,0.0,0.0,0.0,0.0,0.0,0.0,0.0,0.0
235255.0,906616,970.9,37038547.2,89396.9,0.3967857143,45.83,28.12153846153846,0.0188687076923076,6.609240608075417,50.59124686882778,1.15,21.12872527232824,298.83676838550315,0.4342304077288456,9,12,0.0,0.0,0.0,0.0,0.0,0.0,0.0,0.0,0.0,0.0,0.0,0.0,0.0,0.0,0.0,0.0,0.0,0.0,0.0,0.0,0.0,0.0,0.0,0.0,0.0,0.0,0.0,1.0,0.0,0.0,0.0,0.0,0.0
276272.0,1234550,970.9,43496263.68,104983.36,0.4451428571,45.83,28.12153846153846,0.0188687076923076,6.609240608075417,49.23120917789327,1.15,30.459189194607124,219.9976379618373,0.5863711835952373,3,6,0.0,0.0,1.0,0.0,0.0,0.0,0.0,0.0,0.0,0.0,0.0,0.0,0.0,0.0,0.0,0.0,0.0,0.0,0.0,0.0,0.0,0.0,0.0,0.0,0.0,0.0,0.0,1.0,0.0,0.0,0.0,0.0,0.0
1317338.0,4497284,970.9,207401694.7,500588.44,0.41390000000000005,75.39,28.09384615384615,0.0190199353846153,6.609240608075417,47.02388814806172,1.15,11.34959698822042,253.95814931527767,0.3711673249669489,11,3,0.0,0.0,0.0,1.0,0.0,0.0,0.0,0.0,0.0,0.0,0.0,0.0,0.0,0.0,0.0,0.0,0.0,0.0,0.0,0.0,0.0,0.0,0.0,0.0,0.0,0.0,0.0,1.0,0.0,0.0,0.0,0.0,0.0
1563887.0,5243250,1220.5,253662471.4,547360.45,0.3263846154,32.76,28.18076923076924,0.0180727476923076,5.933333333333334,45.51363020943189,0.9446072796934866,26.65413283251538,242.92858772541985,0.6544118227662745,6,10,1.0,0.0,0.0,0.0,0.0,0.0,0.0,0.0,0.0,0.0,0.0,0.0,0.0,0.0,0.0,0.0,0.0,0.0,0.0,0.0,0.0,0.0,0.0,0.0,0.0,0.0,0.0,0.0,0.0,0.0,0.0,0.0,0.0
644417.0,2991289,1220.5,104524437.4,225545.95,0.36992307690000004,69.08,28.189615384615383,0.0180645784615384,5.933333333333334,44.53262114465568,0.9446072796934866,9.454915112511978,235.62155683139616,0.7678660538664012,10,4,0.0,1.0,0.0,0.0,0.0,0.0,0.0,0.0,0.0,0.0,0.0,0.0,0.0,0.0,0.0,0.0,0.0,0.0,0.0,0.0,0.0,0.0,0.0,0.0,0.0,0.0,0.0,0.0,0.0,0.0,0.0,0.0,0.0
4298.0,16082,1693.9,697135.6,1504.3,0.33733333330000004,33.63,28.02769230769231,0.0190040676923076,6.609240608075417,44.80122290960171,1.15,11.07374190513456,207.7958565989998,0.4621313104206552,6,10,1.0,0.0,0.0,0.0,0.0,0.0,0.0,0.0,0.0,0.0,0.0,0.0,0.0,0.0,0.0,0.0,0.0,0.0,0.0,0.0,0.0,0.0,0.0,0.0,1.0,0.0,0.0,0.0,0.0,0.0,0.0,0.0,0.0
9048.0,30635,1693.9,1467585.6,3166.8,0.3976666667,71.23,28.21923076923077,0.0192446169230769,6.609240608075417,44.50803399973539,1.15,21.46674757366186,268.64438692826434,0.3883629849020751,10,4,0.0,1.0,0.0,0.0,0.0,0.0,0.0,0.0,0.0,0.0,0.0,0.0,0.0,0.0,0.0,0.0,0.0,0.0,0.0,0.0,0.0,0.0,0.0,0.0,1.0,0.0,0.0,0.0,0.0,0.0,0.0,0.0,0.0
4515.0,16626,1693.9,732333.0,1580.25,0.2885,33.63,28.02769230769231,0.0190040676923076,6.609240608075417,47.600957426738894,1.15,20.935962893983664,186.43472014163743,0.4034613040417331,3,6,0.0,0.0,1.0,0.0,0.0,0.0,0.0,0.0,0.0,0.0,0.0,0.0,0.0,0.0,0.0,0.0,0.0,0.0,0.0,0.0,0.0,0.0,0.0,0.0,1.0,0.0,0.0,0.0,0.0,0.0,0.0,0.0,0.0
144766.0,209122,2372.9,23481045.2,50668.1,0.1492592593,64.83,23.023076923076925,0.0155287107692307,6.5,49.750532249455134,0.7775,12.187918400856788,262.0687703445028,0.3285234888644822,9,12,0.0,0.0,0.0,0.0,0.0,1.0,0.0,0.0,0.0,0.0,0.0,0.0,0.0,0.0,0.0,0.0,0.0,0.0,0.0,0.0,0.0,0.0,0.0,0.0,0.0,0.0,0.0,0.0,0.0,0.0,0.0,0.0,0.0
400873.0,1145512,2372.9,65021600.6,140305.55,0.2645,64.83,23.023076923076925,0.0155287107692307,6.5,46.98125544554832,0.7775,8.659944994978133,248.81167544221773,0.5044994471816943,3,6,0.0,0.0,1.0,0.0,0.0,1.0,0.0,0.0,0.0,0.0,0.0,0.0,0.0,0.0,0.0,0.0,0.0,0.0,0.0,0.0,0.0,0.0,0.0,0.0,0.0,0.0,0.0,0.0,0.0,0.0,0.0,0.0,0.0
1879539.0,4082738,2372.9,304861225.8,657838.65,0.215,148.83,23.04384615384616,0.0154093292307692,6.5,48.30160410890674,0.7775,21.35936044872212,252.45539480304532,0.8154911898736261,11,3,0.0,0.0,0.0,1.0,0.0,1.0,0.0,0.0,0.0,0.0,0.0,0.0,0.0,0.0,0.0,0.0,0.0,0.0,0.0,0.0,0.0,0.0,0.0,0.0,0.0,0.0,0.0,0.0,0.0,0.0,0.0,0.0,0.0
33494.0,78214,5649.1,5432726.8,11722.9,0.25454545450000005,121.46,18.962307692307693,0.015217283076923,6.5,49.29160138694122,0.7775,26.03799367498504,230.14918022377543,0.4763635336602411,9,12,0.0,0.0,0.0,0.0,0.0,0.0,0.0,0.0,0.0,0.0,0.0,0.0,0.0,0.0,0.0,0.0,0.0,0.0,0.0,0.0,1.0,0.0,0.0,0.0,0.0,0.0,0.0,0.0,0.0,0.0,0.0,0.0,0.0
13624.0,63050,5649.1,2209812.8,4768.4,0.25690909089999997,276.42,19.106923076923074,0.0153958569230769,6.5,49.60020728940677,0.7775,38.490028067695626,178.64232178228366,0.579105437306949,10,4,0.0,1.0,0.0,0.0,0.0,0.0,0.0,0.0,0.0,0.0,0.0,0.0,0.0,0.0,0.0,0.0,0.0,0.0,0.0,0.0,1.0,0.0,0.0,0.0,0.0,0.0,0.0,0.0,0.0,0.0,0.0,0.0,0.0
63814.0,161706,5649.1,10350630.8,22334.9,0.23527272730000004,276.42,19.106923076923074,0.0153958569230769,6.5,49.66901190850403,0.7775,23.75803378047509,291.9950022545186,0.5211390300146753,11,3,0.0,0.0,0.0,1.0,0.0,0.0,0.0,0.0,0.0,0.0,0.0,0.0,0.0,0.0,0.0,0.0,0.0,0.0,0.0,0.0,1.0,0.0,0.0,0.0,0.0,0.0,0.0,0.0,0.0,0.0,0.0,0.0,0.0
25841.0,70272,4406.0,4191410.2,9044.35,0.272,10.1,27.89692307692308,0.0198833538461538,7.475,50.11049877086297,0.5666666666666667,11.771567339834972,244.77921455853144,0.4341049082130237,6,10,1.0,0.0,0.0,0.0,0.0,0.0,0.0,0.0,0.0,1.0,0.0,0.0,0.0,0.0,0.0,0.0,0.0,0.0,0.0,0.0,0.0,0.0,0.0,0.0,0.0,0.0,0.0,0.0,0.0,0.0,0.0,0.0,0.0
10543.0,28582,4406.0,1710074.6,3690.05,0.272,21.78,27.61769230769231,0.0195659861538461,7.475,44.49022164620423,0.5666666666666667,54.056770137507584,158.7009177910642,0.6998810584663668,10,4,0.0,1.0,0.0,0.0,0.0,0.0,0.0,0.0,0.0,1.0,0.0,0.0,0.0,0.0,0.0,0.0,0.0,0.0,0.0,0.0,0.0,0.0,0.0,0.0,0.0,0.0,0.0,0.0,0.0,0.0,0.0,0.0,0.0
1037158.0,2949318,1419.1,168227027.6,363005.3,0.2637,20.78,23.967692307692307,0.0197985323076923,6.555555555555555,45.34795686590966,0.9446072796934866,45.26465180368034,200.2122487719692,0.601994513055605,6,10,1.0,0.0,0.0,0.0,0.0,0.0,0.0,0.0,0.0,0.0,0.0,0.0,0.0,0.0,0.0,1.0,0.0,0.0,0.0,0.0,0.0,0.0,0.0,0.0,0.0,0.0,0.0,0.0,0.0,0.0,0.0,0.0,0.0
11442.0,28334,1419.1,1855892.4,4004.7,0.24808333330000001,49.8,24.271153846153844,0.0198313615384615,6.555555555555555,46.03669598350444,0.9446072796934866,21.02881406461885,271.5406737787839,0.3504940857209457,10,4,0.0,1.0,0.0,0.0,0.0,0.0,0.0,0.0,0.0,0.0,0.0,0.0,0.0,0.0,0.0,1.0,0.0,0.0,0.0,0.0,0.0,0.0,0.0,0.0,0.0,0.0,0.0,0.0,0.0,0.0,0.0,0.0,0.0
150993.0,484330,1419.1,24491064.6,52847.55,0.29272000000000004,20.78,23.967692307692307,0.0197985323076923,6.555555555555555,44.90293507577941,0.9446072796934866,18.17365668259507,307.72612672362845,0.0991665032825852,3,6,0.0,0.0,1.0,0.0,0.0,0.0,0.0,0.0,0.0,0.0,0.0,0.0,0.0,0.0,0.0,1.0,0.0,0.0,0.0,0.0,0.0,0.0,0.0,0.0,0.0,0.0,0.0,0.0,0.0,0.0,0.0,0.0,0.0
60718.46,101943,2989.7,9848534.212,21251.461,0.1565384615,104.77,27.48923076923077,0.01828548,8.185714285714285,47.53622996763844,0.9446072796934866,23.07878358003655,322.6170199382207,0.5235518126166933,9,12,0.0,0.0,0.0,0.0,0.0,0.0,0.0,0.0,0.0,0.0,0.0,0.0,0.0,0.0,0.0,0.0,1.0,0.0,0.0,0.0,0.0,0.0,0.0,0.0,0.0,0.0,0.0,0.0,0.0,0.0,0.0,0.0,0.0
48858.28,196784,2989.7,7924813.016,17100.398,0.309,104.77,27.48923076923077,0.01828548,8.185714285714285,45.59149948776817,0.9446072796934866,14.051842299135927,315.18287218781944,0.5607639204016848,3,6,0.0,0.0,1.0,0.0,0.0,0.0,0.0,0.0,0.0,0.0,0.0,0.0,0.0,0.0,0.0,0.0,1.0,0.0,0.0,0.0,0.0,0.0,0.0,0.0,0.0,0.0,0.0,0.0,0.0,0.0,0.0,0.0,0.0
88449.47,279529,2989.7,14346504.03,30957.3145,0.26842857140000004,206.05,27.731923076923074,0.0184406123076923,8.185714285714285,50.171205204332885,0.9446072796934866,12.207441816872311,258.70511735844536,0.7460991620645788,11,3,0.0,0.0,0.0,1.0,0.0,0.0,0.0,0.0,0.0,0.0,0.0,0.0,0.0,0.0,0.0,0.0,1.0,0.0,0.0,0.0,0.0,0.0,0.0,0.0,0.0,0.0,0.0,0.0,0.0,0.0,0.0,0.0,0.0
279647.0,1198496,986.2,45358743.4,97876.45,0.4184827586,29.56,28.06615384615385,0.019171163076923,6.609240608075417,48.18788406527049,1.15,20.87009475784252,206.39526799459023,0.7569400596222265,9,12,0.0,0.0,0.0,0.0,0.0,0.0,0.0,0.0,0.0,0.0,0.0,0.0,0.0,0.0,0.0,0.0,0.0,0.0,0.0,0.0,0.0,0.0,0.0,0.0,0.0,0.0,0.0,1.0,0.0,0.0,0.0,0.0,0.0
236904.0,992095,986.2,38425828.8,82916.4,0.3997333333,29.56,28.06615384615385,0.019171163076923,6.609240608075417,46.54739806605426,1.15,27.298332277927702,274.1019302343186,0.7743063253197641,3,6,0.0,0.0,1.0,0.0,0.0,0.0,0.0,0.0,0.0,0.0,0.0,0.0,0.0,0.0,0.0,0.0,0.0,0.0,0.0,0.0,0.0,0.0,0.0,0.0,0.0,0.0,0.0,1.0,0.0,0.0,0.0,0.0,0.0
1204714.0,3940959,986.2,195404610.8,421649.9,0.3749032258,72.32,28.213461538461537,0.0192951,6.609240608075417,47.74239416977082,1.15,30.69364753841761,305.13610142478854,0.3391765502507424,11,3,0.0,0.0,0.0,1.0,0.0,0.0,0.0,0.0,0.0,0.0,0.0,0.0,0.0,0.0,0.0,0.0,0.0,0.0,0.0,0.0,0.0,0.0,0.0,0.0,0.0,0.0,0.0,1.0,0.0,0.0,0.0,0.0,0.0
1526425.0,5342033,899.2,262178758.0,564777.25,0.3517692308,36.32,28.198461538461537,0.0180564092307692,5.933333333333334,48.45287548851975,0.9446072796934866,17.584923756284944,247.9665189809798,0.5755637385715257,6,10,1.0,0.0,0.0,0.0,0.0,0.0,0.0,0.0,0.0,0.0,0.0,0.0,0.0,0.0,0.0,0.0,0.0,0.0,0.0,0.0,0.0,0.0,0.0,0.0,0.0,0.0,0.0,0.0,0.0,0.0,0.0,0.0,0.0
829557.0,3798058,899.2,142484710.3,306936.09,0.38730769230000006,87.77,28.03576923076923,0.0179071476923076,5.933333333333334,47.49962620897703,0.9446072796934866,17.92482972450784,222.0193354351492,0.3805955849043125,10,4,0.0,1.0,0.0,0.0,0.0,0.0,0.0,0.0,0.0,0.0,0.0,0.0,0.0,0.0,0.0,0.0,0.0,0.0,0.0,0.0,0.0,0.0,0.0,0.0,0.0,0.0,0.0,0.0,0.0,0.0,0.0,0.0,0.0
4323.0,15171,1317.0,742518.48,1599.51,0.32166666670000005,37.6,28.41076923076923,0.0194851661538461,6.609240608075417,44.62328243922381,1.15,24.63292736618741,140.4743475248781,0.3140874660505316,6,10,1.0,0.0,0.0,0.0,0.0,0.0,0.0,0.0,0.0,0.0,0.0,0.0,0.0,0.0,0.0,0.0,0.0,0.0,0.0,0.0,0.0,0.0,0.0,0.0,1.0,0.0,0.0,0.0,0.0,0.0,0.0,0.0,0.0
9397.0,28114,1317.0,1614028.72,3476.89,0.3883333333,88.15,28.329615384615387,0.0192080215384615,6.609240608075417,47.0302338418751,1.15,23.554068915943404,273.37039336054,0.798318488070937,10,4,0.0,1.0,0.0,0.0,0.0,0.0,0.0,0.0,0.0,0.0,0.0,0.0,0.0,0.0,0.0,0.0,0.0,0.0,0.0,0.0,0.0,0.0,0.0,0.0,1.0,0.0,0.0,0.0,0.0,0.0,0.0,0.0,0.0
4518.0,16060,1317.0,776011.68,1671.66,0.355,37.6,28.41076923076923,0.0194851661538461,6.609240608075417,49.19914298722132,1.15,18.49307713108623,267.2535505982217,0.6661519739720075,3,6,0.0,0.0,1.0,0.0,0.0,0.0,0.0,0.0,0.0,0.0,0.0,0.0,0.0,0.0,0.0,0.0,0.0,0.0,0.0,0.0,0.0,0.0,0.0,0.0,1.0,0.0,0.0,0.0,0.0,0.0,0.0,0.0,0.0
127223.0,193215,2084.7,21851822.48,47072.51,0.1464814815,84.0,23.064615384615383,0.0152899476923076,5.025,45.467699777134,1.3,34.154569496837354,311.27550412017433,0.2615436492684793,9,12,0.0,0.0,0.0,0.0,0.0,1.0,0.0,0.0,0.0,0.0,0.0,0.0,0.0,0.0,0.0,0.0,0.0,0.0,0.0,0.0,0.0,0.0,0.0,0.0,0.0,0.0,0.0,0.0,0.0,0.0,0.0,0.0,0.0
395518.0,1025571,2084.7,67934171.68,146341.66,0.24923076919999998,84.0,23.064615384615383,0.0152899476923076,5.025,49.83597263168748,1.3,21.18538813993912,195.18571886467183,0.3441334949621146,3,6,0.0,0.0,1.0,0.0,0.0,1.0,0.0,0.0,0.0,0.0,0.0,0.0,0.0,0.0,0.0,0.0,0.0,0.0,0.0,0.0,0.0,0.0,0.0,0.0,0.0,0.0,0.0,0.0,0.0,0.0,0.0,0.0,0.0
1878208.0,3996018,2084.7,322601006.1,694936.96,0.2137037037,182.14,22.950384615384618,0.0152325415384615,5.025,47.7591886278808,1.3,23.565676136490573,266.0820453012168,0.8260657450795955,11,3,0.0,0.0,0.0,1.0,0.0,1.0,0.0,0.0,0.0,0.0,0.0,0.0,0.0,0.0,0.0,0.0,0.0,0.0,0.0,0.0,0.0,0.0,0.0,0.0,0.0,0.0,0.0,0.0,0.0,0.0,0.0,0.0,0.0
33480.0,78074,3844.4,5750524.8,12387.6,0.2510909091,154.96,19.25153846153846,0.0155744307692307,5.025,49.66207183173931,1.3,32.759182881167995,224.6906543390681,0.5829241903498463,9,12,0.0,0.0,0.0,0.0,0.0,0.0,0.0,0.0,0.0,0.0,0.0,0.0,0.0,0.0,0.0,0.0,0.0,0.0,0.0,0.0,1.0,0.0,0.0,0.0,0.0,0.0,0.0,0.0,0.0,0.0,0.0,0.0,0.0
13628.0,63081,3844.4,2340745.28,5042.36,0.257,343.54,19.14038461538461,0.0151866692307692,5.025,46.96625173971877,1.3,10.536288019138768,196.2721547154389,0.6310656540372347,10,4,0.0,1.0,0.0,0.0,0.0,0.0,0.0,0.0,0.0,0.0,0.0,0.0,0.0,0.0,0.0,0.0,0.0,0.0,0.0,0.0,1.0,0.0,0.0,0.0,0.0,0.0,0.0,0.0,0.0,0.0,0.0,0.0,0.0
63889.0,162321,3844.4,10973574.64,23638.93,0.236,343.54,19.14038461538461,0.0151866692307692,5.025,45.70069041693485,1.3,23.36747341556496,269.510284143518,0.3309483953001939,11,3,0.0,0.0,0.0,1.0,0.0,0.0,0.0,0.0,0.0,0.0,0.0,0.0,0.0,0.0,0.0,0.0,0.0,0.0,0.0,0.0,1.0,0.0,0.0,0.0,0.0,0.0,0.0,0.0,0.0,0.0,0.0,0.0,0.0
24411.0,60556,4489.5,4192833.36,9032.07,0.24750000000000003,11.68,27.338461538461537,0.0192486184615384,7.475,49.436999715061816,0.9446072796934866,28.83629830110025,319.57403047450003,0.2204789106105613,6,10,1.0,0.0,0.0,0.0,0.0,0.0,0.0,0.0,0.0,1.0,0.0,0.0,0.0,0.0,0.0,0.0,0.0,0.0,0.0,0.0,0.0,0.0,0.0,0.0,0.0,0.0,0.0,0.0,0.0,0.0,0.0,0.0,0.0
10287.0,29819,4489.5,1766895.12,3806.19,0.29500000000000004,27.15,27.168076923076924,0.0195096323076923,7.475,46.92954081638048,0.9446072796934866,28.689563499622544,256.0960115782567,0.2491970385855366,10,4,0.0,1.0,0.0,0.0,0.0,0.0,0.0,0.0,0.0,1.0,0.0,0.0,0.0,0.0,0.0,0.0,0.0,0.0,0.0,0.0,0.0,0.0,0.0,0.0,0.0,0.0,0.0,0.0,0.0,0.0,0.0,0.0,0.0
964087.0,3088937,1422.3,165591583.1,356712.19,0.2924,29.02,24.574615384615388,0.0198641907692307,6.555555555555555,46.17644784212566,0.9446072796934866,22.527710730048515,242.1405149901707,0.7140490118727836,6,10,1.0,0.0,0.0,0.0,0.0,0.0,0.0,0.0,0.0,0.0,0.0,0.0,0.0,0.0,0.0,1.0,0.0,0.0,0.0,0.0,0.0,0.0,0.0,0.0,0.0,0.0,0.0,0.0,0.0,0.0,0.0,0.0,0.0
11266.0,31038,1422.3,1935048.16,4168.42,0.2881428571,66.86,24.23692307692308,0.0196421676923076,6.555555555555555,44.897786838471866,0.9446072796934866,51.86765109664484,225.31897110352796,0.5063565911896282,10,4,0.0,1.0,0.0,0.0,0.0,0.0,0.0,0.0,0.0,0.0,0.0,0.0,0.0,0.0,0.0,1.0,0.0,0.0,0.0,0.0,0.0,0.0,0.0,0.0,0.0,0.0,0.0,0.0,0.0,0.0,0.0,0.0,0.0
272701.0,827998,1422.3,46839123.76,100899.37,0.28686206900000005,29.02,24.574615384615388,0.0198641907692307,6.555555555555555,49.19693233288217,0.9446072796934866,24.77864692678652,198.7486305348436,0.4031591720641182,3,6,0.0,0.0,1.0,0.0,0.0,0.0,0.0,0.0,0.0,0.0,0.0,0.0,0.0,0.0,0.0,1.0,0.0,0.0,0.0,0.0,0.0,0.0,0.0,0.0,0.0,0.0,0.0,0.0,0.0,0.0,0.0,0.0,0.0
55895.0,145076,3119.2,9600525.2,20681.15,0.1949230769,101.28,27.974615384615387,0.0185957446153846,8.185714285714285,49.56230345534173,0.9446072796934866,19.225326869780723,161.3151342143118,0.2950227273086298,9,12,0.0,0.0,0.0,0.0,0.0,0.0,0.0,0.0,0.0,0.0,0.0,0.0,0.0,0.0,0.0,0.0,1.0,0.0,0.0,0.0,0.0,0.0,0.0,0.0,0.0,0.0,0.0,0.0,0.0,0.0,0.0,0.0,0.0
61006.0,212586,3119.2,10478390.56,22572.22,0.2815714286,101.28,27.974615384615387,0.0185957446153846,8.185714285714285,45.9252273934097,0.9446072796934866,24.27514305921985,291.02082178855136,0.5489829793654604,3,6,0.0,0.0,1.0,0.0,0.0,0.0,0.0,0.0,0.0,0.0,0.0,0.0,0.0,0.0,0.0,0.0,1.0,0.0,0.0,0.0,0.0,0.0,0.0,0.0,0.0,0.0,0.0,0.0,0.0,0.0,0.0,0.0,0.0
81279.0,247879,3119.2,13960481.04,30073.23,0.2503571429,200.69,27.904230769230768,0.018497423076923,8.185714285714285,45.816396023939696,0.9446072796934866,38.28435284547885,249.4219336691241,0.4285888657274764,11,3,0.0,0.0,0.0,1.0,0.0,0.0,0.0,0.0,0.0,0.0,0.0,0.0,0.0,0.0,0.0,0.0,1.0,0.0,0.0,0.0,0.0,0.0,0.0,0.0,0.0,0.0,0.0,0.0,0.0,0.0,0.0,0.0,0.0
206535.0,847692,910.1,35474451.6,76417.95,0.40772413790000006,42.76,28.36076923076923,0.0194190369230769,6.609240608075417,50.19492001930252,1.15,9.962815085209945,255.5536273012528,0.0684936987577346,9,12,0.0,0.0,0.0,0.0,0.0,0.0,0.0,0.0,0.0,0.0,0.0,0.0,0.0,0.0,0.0,0.0,0.0,0.0,0.0,0.0,0.0,0.0,0.0,0.0,0.0,0.0,0.0,1.0,0.0,0.0,0.0,0.0,0.0
339990.0,1463054,910.1,58396682.4,125796.3,0.4095,42.76,28.36076923076923,0.0194190369230769,6.609240608075417,46.24622685837959,1.15,14.13648879045362,312.8516033450352,0.5802970293459141,3,6,0.0,0.0,1.0,0.0,0.0,0.0,0.0,0.0,0.0,0.0,0.0,0.0,0.0,0.0,0.0,0.0,0.0,0.0,0.0,0.0,0.0,0.0,0.0,0.0,0.0,0.0,0.0,1.0,0.0,0.0,0.0,0.0,0.0
1360882.0,4954415,910.1,233745092.3,503526.34,0.3818387097,98.18,28.12923076923077,0.0190802769230769,6.609240608075417,48.07573033645892,1.15,8.609166984582732,203.0373346735896,0.3666254493093366,11,3,0.0,0.0,0.0,1.0,0.0,0.0,0.0,0.0,0.0,0.0,0.0,0.0,0.0,0.0,0.0,0.0,0.0,0.0,0.0,0.0,0.0,0.0,0.0,0.0,0.0,0.0,0.0,1.0,0.0,0.0,0.0,0.0,0.0
2382500.0,5218300,927.5,226742525.0,738575.0,0.199173913,42.34,28.205384615384617,0.0184727353846153,5.933333333333334,45.32561693008286,0.9446072796934866,15.964558222490924,282.3216622084362,0.4548343581197017,6,10,1.0,0.0,0.0,0.0,0.0,0.0,0.0,0.0,0.0,0.0,0.0,0.0,0.0,0.0,0.0,0.0,0.0,0.0,0.0,0.0,0.0,0.0,0.0,0.0,0.0,0.0,0.0,0.0,0.0,0.0,0.0,0.0,0.0
1117700.0,3291700,927.5,106371509.0,346487.0,0.264,81.32,28.20615384615385,0.018380243076923,5.933333333333334,46.10568588107116,0.9446072796934866,28.20933608085356,313.1179926776047,0.5432828812619691,10,4,0.0,1.0,0.0,0.0,0.0,0.0,0.0,0.0,0.0,0.0,0.0,0.0,0.0,0.0,0.0,0.0,0.0,0.0,0.0,0.0,0.0,0.0,0.0,0.0,0.0,0.0,0.0,0.0,0.0,0.0,0.0,0.0,0.0
749671.0,892725,1303.7,71346189.07,232398.01,0.11022448979999999,44.5,25.74,0.0176133599999999,5.720000000000001,44.508908107277485,0.8400000000000001,32.90835186912448,236.23920444650625,0.7406399264379677,9,12,0.0,0.0,0.0,0.0,0.0,0.0,1.0,0.0,0.0,0.0,0.0,0.0,0.0,0.0,0.0,0.0,0.0,0.0,0.0,0.0,0.0,0.0,0.0,0.0,0.0,0.0,0.0,0.0,0.0,0.0,0.0,0.0,0.0
124429.0,236446,1303.7,11841907.93,38572.99,0.16832653060000002,44.5,25.74,0.0176133599999999,5.720000000000001,49.82986689168185,0.8400000000000001,19.86626489368407,308.438456941085,0.5919580552664157,3,6,0.0,0.0,1.0,0.0,0.0,0.0,1.0,0.0,0.0,0.0,0.0,0.0,0.0,0.0,0.0,0.0,0.0,0.0,0.0,0.0,0.0,0.0,0.0,0.0,0.0,0.0,0.0,0.0,0.0,0.0,0.0,0.0,0.0
4238204.0,6004120,1303.7,403349874.7,1313843.24,0.1354363636,80.57000000000001,25.913846153846155,0.0176070876923076,5.720000000000001,48.86880602942638,0.8400000000000001,15.4600573232675,146.68680696533747,0.266727028389016,11,3,0.0,0.0,0.0,1.0,0.0,0.0,1.0,0.0,0.0,0.0,0.0,0.0,0.0,0.0,0.0,0.0,0.0,0.0,0.0,0.0,0.0,0.0,0.0,0.0,0.0,0.0,0.0,0.0,0.0,0.0,0.0,0.0,0.0
1339000.0,2330000,1156.1,127432630.0,415090.0,0.8778275862,72.73,26.35846153846154,0.0190417846153846,7.475,44.44763981889884,0.9446072796934866,21.110308264202285,216.22491876151605,0.7268069410508743,6,10,1.0,0.0,0.0,0.0,0.0,0.0,0.0,0.0,0.0,0.0,0.0,0.0,0.0,0.0,0.0,0.0,0.0,0.0,1.0,0.0,0.0,0.0,0.0,0.0,0.0,0.0,0.0,0.0,0.0,0.0,0.0,0.0,0.0
329.0,646,1156.1,31310.93,101.99,0.2018888889,72.73,26.35846153846154,0.0190417846153846,7.475,48.47737245735689,0.9446072796934866,9.877689987769752,297.50989450221886,0.6310213417699446,3,6,0.0,0.0,1.0,0.0,0.0,0.0,0.0,0.0,0.0,0.0,0.0,0.0,0.0,0.0,0.0,0.0,0.0,0.0,1.0,0.0,0.0,0.0,0.0,0.0,0.0,0.0,0.0,0.0,0.0,0.0,0.0,0.0,0.0
2281000.0,7904000,690.1,217082770.0,707110.0,0.3476470588,20.23,24.81,0.0174120369230769,8.8,46.56507243209837,5.65,35.13690209827184,310.0053610151941,0.5277674103663844,6,10,1.0,0.0,0.0,0.0,0.0,0.0,0.0,0.0,0.0,0.0,0.0,0.0,0.0,0.0,0.0,0.0,0.0,0.0,0.0,0.0,0.0,0.0,0.0,0.0,0.0,1.0,0.0,0.0,0.0,0.0,0.0,0.0,0.0
5726527.0,12262794,473.9,544993574.6,1775223.37,0.2037,21.32,25.344615384615388,0.0183791907692307,8.8,45.57781906773746,5.65,38.76204201807707,186.2830029882485,0.0862931650370312,6,10,1.0,0.0,0.0,0.0,0.0,0.0,0.0,0.0,0.0,0.0,0.0,0.0,0.0,0.0,0.0,0.0,0.0,0.0,0.0,0.0,0.0,0.0,0.0,0.0,0.0,0.0,0.0,0.0,0.0,0.0,1.0,0.0,0.0
6607.0,18281,473.9,628788.19,2048.17,0.22029032260000003,21.32,25.344615384615388,0.0183791907692307,8.8,45.6237062567844,5.65,12.103592625541896,291.0260813193306,0.3887749309861135,3,6,0.0,0.0,1.0,0.0,0.0,0.0,0.0,0.0,0.0,0.0,0.0,0.0,0.0,0.0,0.0,0.0,0.0,0.0,0.0,0.0,0.0,0.0,0.0,0.0,0.0,0.0,0.0,0.0,0.0,0.0,1.0,0.0,0.0
2812400.0,7005800,1048.3,277865120.0,815596.0,0.24700000000000003,38.98,28.20692307692308,0.0182877507692307,5.933333333333334,45.07826311346415,0.9446072796934866,38.78403679094262,272.8135619443537,0.545393880318964,6,10,1.0,0.0,0.0,0.0,0.0,0.0,0.0,0.0,0.0,0.0,0.0,0.0,0.0,0.0,0.0,0.0,0.0,0.0,0.0,0.0,0.0,0.0,0.0,0.0,0.0,0.0,0.0,0.0,0.0,0.0,0.0,0.0,0.0
1504200.0,4872200,1048.3,148614960.0,436218.0,0.2986086957,60.3,28.11807692307692,0.018897923076923,5.933333333333334,45.45387934839303,0.9446072796934866,15.88349489905179,206.42232017482564,0.4821269082110918,10,4,0.0,1.0,0.0,0.0,0.0,0.0,0.0,0.0,0.0,0.0,0.0,0.0,0.0,0.0,0.0,0.0,0.0,0.0,0.0,0.0,0.0,0.0,0.0,0.0,0.0,0.0,0.0,0.0,0.0,0.0,0.0,0.0,0.0
132836.0,270992,1332.5,13124196.8,38522.44,0.1765777778,36.07,26.087692307692308,0.0176008153846153,5.720000000000001,44.98673543734191,0.8400000000000001,33.03663291326441,245.33362877742252,0.0979553860366432,3,6,0.0,0.0,1.0,0.0,0.0,0.0,1.0,0.0,0.0,0.0,0.0,0.0,0.0,0.0,0.0,0.0,0.0,0.0,0.0,0.0,0.0,0.0,0.0,0.0,0.0,0.0,0.0,0.0,0.0,0.0,0.0,0.0,0.0
4234443.0,5722449,1332.5,418362968.4,1227988.47,0.12429090910000001,67.37,26.22230769230769,0.0178639061538461,5.720000000000001,45.54353407544822,0.8400000000000001,31.61884595802145,319.8712722463473,0.5023448070490352,11,3,0.0,0.0,0.0,1.0,0.0,0.0,1.0,0.0,0.0,0.0,0.0,0.0,0.0,0.0,0.0,0.0,0.0,0.0,0.0,0.0,0.0,0.0,0.0,0.0,0.0,0.0,0.0,0.0,0.0,0.0,0.0,0.0,0.0
622100.0,1015900,775.6,61463480.0,180409.0,0.16953846150000002,18.87,27.253076923076925,0.0195090092307692,7.475,47.946029036127314,0.9446072796934866,11.97175753340896,245.5179380598337,0.4185108276406379,6,10,1.0,0.0,0.0,0.0,0.0,0.0,0.0,0.0,0.0,0.0,1.0,0.0,0.0,0.0,0.0,0.0,0.0,0.0,0.0,0.0,0.0,0.0,0.0,0.0,0.0,0.0,0.0,0.0,0.0,0.0,0.0,0.0,0.0
1086694.0,2432000,687.6,107365367.2,315141.26,0.22866666670000002,29.46,25.166153846153843,0.018001163076923,7.475,44.79813365277352,0.5666666666666667,13.818871024169932,306.5562372712162,0.5923308368899599,6,10,1.0,0.0,0.0,0.0,0.0,0.0,0.0,0.0,0.0,0.0,0.0,1.0,0.0,0.0,0.0,0.0,0.0,0.0,0.0,0.0,0.0,0.0,0.0,0.0,0.0,0.0,0.0,0.0,0.0,0.0,0.0,0.0,0.0
82125.0,116997,1381.6,8113950.0,23816.25,0.1455454545,34.05,21.20384615384615,0.0173475415384615,6.5,45.01123283031899,0.7775,9.24994820026011,297.3281771720232,0.6568680333507987,6,10,1.0,0.0,0.0,0.0,0.0,0.0,0.0,0.0,0.0,0.0,0.0,0.0,1.0,0.0,0.0,0.0,0.0,0.0,0.0,0.0,0.0,0.0,0.0,0.0,0.0,0.0,0.0,0.0,0.0,0.0,0.0,0.0,0.0
5438800.0,3346300,962.7,537353440.0,1577252.0,0.058678571400000004,26.08,26.074615384615388,0.0193286215384615,7.475,45.985141662278416,0.5666666666666667,29.380006584192905,266.45664073371057,0.3932692500121845,6,10,1.0,0.0,0.0,0.0,0.0,0.0,0.0,0.0,0.0,0.0,0.0,0.0,0.0,0.0,0.0,0.0,0.0,1.0,0.0,0.0,0.0,0.0,0.0,0.0,0.0,0.0,0.0,0.0,0.0,0.0,0.0,0.0,0.0
1445700.0,2395100,1314.8,142835160.0,419253.0,0.1267241379,75.49,26.73923076923077,0.0185831169230769,7.475,47.38712352282416,0.9446072796934866,29.97474098201535,231.03183781024367,0.5638621730765534,6,10,1.0,0.0,0.0,0.0,0.0,0.0,0.0,0.0,0.0,0.0,0.0,0.0,0.0,0.0,0.0,0.0,0.0,0.0,1.0,0.0,0.0,0.0,0.0,0.0,0.0,0.0,0.0,0.0,0.0,0.0,0.0,0.0,0.0
37400.0,72500,1314.8,3695120.0,10846.0,0.2053333333,75.49,26.73923076923077,0.0185831169230769,7.475,44.34485190845235,0.9446072796934866,20.48779053916195,248.61881780215649,0.5420738730209335,3,6,0.0,0.0,1.0,0.0,0.0,0.0,0.0,0.0,0.0,0.0,0.0,0.0,0.0,0.0,0.0,0.0,0.0,0.0,1.0,0.0,0.0,0.0,0.0,0.0,0.0,0.0,0.0,0.0,0.0,0.0,0.0,0.0,0.0
2519000.0,7940000,588.6,248877200.0,730510.0,0.3099411765,9.28,26.49769230769231,0.0178083138461538,6.5,45.83521013119029,0.7775,32.821177748735444,245.53499024026692,0.854722162728242,6,10,1.0,0.0,0.0,0.0,0.0,0.0,0.0,0.0,0.0,0.0,0.0,0.0,0.0,0.0,0.0,0.0,0.0,0.0,0.0,0.0,0.0,0.0,0.0,0.0,0.0,1.0,0.0,0.0,0.0,0.0,0.0,0.0,0.0
2386399.0,8215286,1077.1,235776221.2,692055.71,0.34450000000000003,39.61,28.31692307692308,0.0181737692307692,6.609240608075417,47.689354589862894,0.5666666666666667,13.748907925409576,222.99050454513133,0.4781315844383808,6,10,1.0,0.0,0.0,0.0,0.0,0.0,0.0,0.0,0.0,0.0,0.0,0.0,0.0,0.0,0.0,0.0,0.0,0.0,0.0,0.0,0.0,0.0,0.0,0.0,0.0,0.0,0.0,1.0,0.0,0.0,0.0,0.0,0.0
255487.0,491430,2472.9,25242115.6,74091.23,0.18775,67.78999999999999,25.35846153846154,0.0168741138461538,5.720000000000001,48.49588441873361,0.8400000000000001,11.588425398619655,293.3539335007774,0.6310171250166401,6,10,1.0,0.0,0.0,0.0,0.0,0.0,0.0,0.0,0.0,0.0,0.0,0.0,0.0,0.0,0.0,0.0,0.0,0.0,0.0,0.0,0.0,0.0,0.0,0.0,0.0,0.0,0.0,0.0,0.0,1.0,0.0,0.0,0.0
5875153.0,11374070,743.4,580465116.4,1703794.37,0.1865060241,29.46,25.166153846153843,0.018001163076923,7.475,44.93609488726333,0.5666666666666667,14.356983581815625,196.33077390009163,0.7335957518848815,6,10,1.0,0.0,0.0,0.0,0.0,0.0,0.0,0.0,0.0,0.0,0.0,0.0,0.0,0.0,0.0,0.0,0.0,0.0,0.0,0.0,0.0,0.0,0.0,0.0,0.0,0.0,0.0,0.0,0.0,0.0,1.0,0.0,0.0
5629.0,12643,743.4,556145.2,1632.41,0.2015172414,29.46,25.166153846153843,0.018001163076923,7.475,46.7584656122848,0.5666666666666667,18.93351705094396,132.6899839355713,0.7062228696405799,3,6,0.0,0.0,1.0,0.0,0.0,0.0,0.0,0.0,0.0,0.0,0.0,0.0,0.0,0.0,0.0,0.0,0.0,0.0,0.0,0.0,0.0,0.0,0.0,0.0,0.0,0.0,0.0,0.0,0.0,0.0,1.0,0.0,0.0
744230.0,862282,1402.7,78985129.9,200942.1,0.1061666667,31.3,26.356923076923074,0.0181269969230769,5.720000000000001,45.65572014567259,0.8400000000000001,18.293811540767397,302.1697333823419,0.578063339437064,6,10,1.0,0.0,0.0,0.0,0.0,0.0,1.0,0.0,0.0,0.0,0.0,0.0,0.0,0.0,0.0,0.0,0.0,0.0,0.0,0.0,0.0,0.0,0.0,0.0,0.0,0.0,0.0,0.0,0.0,0.0,0.0,0.0,0.0
124874.0,246807,1402.7,13252877.62,33715.98,0.1700666667,31.3,26.356923076923074,0.0181269969230769,5.720000000000001,50.53921496455093,0.8400000000000001,11.578143969329645,288.99399133146886,0.6497111320078301,3,6,0.0,0.0,1.0,0.0,0.0,0.0,1.0,0.0,0.0,0.0,0.0,0.0,0.0,0.0,0.0,0.0,0.0,0.0,0.0,0.0,0.0,0.0,0.0,0.0,0.0,0.0,0.0,0.0,0.0,0.0,0.0,0.0,0.0
664400.0,984900,458.9,70512772.0,179388.0,0.1510714286,9.7,27.560769230769232,0.0199683692307692,7.475,48.33316259706559,0.9446072796934866,15.050072745211988,294.4961005251007,0.4151648263564462,6,10,1.0,0.0,0.0,0.0,0.0,0.0,0.0,0.0,0.0,0.0,1.0,0.0,0.0,0.0,0.0,0.0,0.0,0.0,0.0,0.0,0.0,0.0,0.0,0.0,0.0,0.0,0.0,0.0,0.0,0.0,0.0,0.0,0.0
1083052.0,2563000,344.0,114944308.8,292424.04,0.2235,16.61,26.71846153846154,0.0184992646153846,7.475,44.559881541846224,0.5666666666666667,50.38291645814169,300.73748582146624,0.2983877049703198,6,10,1.0,0.0,0.0,0.0,0.0,0.0,0.0,0.0,0.0,0.0,0.0,1.0,0.0,0.0,0.0,0.0,0.0,0.0,0.0,0.0,0.0,0.0,0.0,0.0,0.0,0.0,0.0,0.0,0.0,0.0,0.0,0.0,0.0
80222.0,120365,1144.9,8513960.86,21659.94,0.15500000000000003,20.28,22.27230769230769,0.0174681415384615,6.5,48.57667147494868,0.7775,9.318902560101543,190.95445466090587,0.7380500272175144,6,10,1.0,0.0,0.0,0.0,0.0,0.0,0.0,0.0,0.0,0.0,0.0,0.0,1.0,0.0,0.0,0.0,0.0,0.0,0.0,0.0,0.0,0.0,0.0,0.0,0.0,0.0,0.0,0.0,0.0,0.0,0.0,0.0,0.0
1096198.0,2678951,1203.8,116339493.7,295973.46,0.2292962963,30.41,22.943846153846152,0.020907083076923,6.555555555555555,46.58439250762084,0.9446072796934866,37.0614652119385,200.9710807534881,0.2199209425774922,6,10,1.0,0.0,0.0,0.0,0.0,0.0,0.0,0.0,0.0,0.0,0.0,0.0,0.0,0.0,0.0,1.0,0.0,0.0,0.0,0.0,0.0,0.0,0.0,0.0,0.0,0.0,0.0,0.0,0.0,0.0,0.0,0.0,0.0
52778.0,107289,1203.8,5601329.14,14250.06,0.2079285714,65.9,23.08115384615385,0.0206941846153846,6.555555555555555,49.78802291813589,0.9446072796934866,14.812715340950849,222.7624598292085,0.3261310227713732,10,4,0.0,1.0,0.0,0.0,0.0,0.0,0.0,0.0,0.0,0.0,0.0,0.0,0.0,0.0,0.0,1.0,0.0,0.0,0.0,0.0,0.0,0.0,0.0,0.0,0.0,0.0,0.0,0.0,0.0,0.0,0.0,0.0,0.0
300820.0,930490,1203.8,31926026.6,81221.4,0.27336,30.41,22.943846153846152,0.020907083076923,6.555555555555555,47.32759674377594,0.9446072796934866,29.108436520430782,310.96349678918443,0.4071116541234905,3,6,0.0,0.0,1.0,0.0,0.0,0.0,0.0,0.0,0.0,0.0,0.0,0.0,0.0,0.0,0.0,1.0,0.0,0.0,0.0,0.0,0.0,0.0,0.0,0.0,0.0,0.0,0.0,0.0,0.0,0.0,0.0,0.0,0.0
5514025.0,6663769,1222.9,585203473.3,1488786.75,0.11105084750000001,24.36,26.588461538461537,0.0191946461538461,7.475,47.36311015599715,0.5666666666666667,17.753398234944353,182.26183723302208,0.5047799413199602,6,10,1.0,0.0,0.0,0.0,0.0,0.0,0.0,0.0,0.0,0.0,0.0,0.0,0.0,0.0,0.0,0.0,0.0,1.0,0.0,0.0,0.0,0.0,0.0,0.0,0.0,0.0,0.0,0.0,0.0,0.0,0.0,0.0,0.0
1457100.0,2466400,1166.5,154642023.0,393417.0,0.12119354840000002,57.66,26.20230769230769,0.0190993292307692,7.475,47.21915509963922,0.9446072796934866,9.545747813945662,182.6397746077952,0.5808542921695168,6,10,1.0,0.0,0.0,0.0,0.0,0.0,0.0,0.0,0.0,0.0,0.0,0.0,0.0,0.0,0.0,0.0,0.0,0.0,1.0,0.0,0.0,0.0,0.0,0.0,0.0,0.0,0.0,0.0,0.0,0.0,0.0,0.0,0.0
41400.0,82900,1166.5,4393782.0,11178.0,0.2081,57.66,26.20230769230769,0.0190993292307692,7.475,44.38793407587828,0.9446072796934866,11.037469749488457,274.08832915905504,0.5737084263917069,3,6,0.0,0.0,1.0,0.0,0.0,0.0,0.0,0.0,0.0,0.0,0.0,0.0,0.0,0.0,0.0,0.0,0.0,0.0,1.0,0.0,0.0,0.0,0.0,0.0,0.0,0.0,0.0,0.0,0.0,0.0,0.0,0.0,0.0
148000.0,222000,1782.2,15707240.0,39960.0,0.14842857140000001,61.58,25.784615384615385,0.0173845661538461,5.720000000000001,45.70994894851125,0.8400000000000001,29.75252791260759,289.1813370749963,0.5571379995933161,6,10,1.0,0.0,0.0,0.0,0.0,0.0,0.0,0.0,0.0,0.0,0.0,0.0,0.0,0.0,0.0,0.0,0.0,0.0,0.0,0.0,0.0,0.0,1.0,0.0,0.0,0.0,0.0,0.0,0.0,0.0,0.0,0.0,0.0
797000.0,743000,1484.3,84585610.0,215190.0,0.09713333330000001,47.29,26.466153846153848,0.0179289415384615,6.609240608075417,50.61746533952981,1.14,10.083202390963796,163.87510875700195,0.7580502753064031,9,12,0.0,0.0,0.0,0.0,0.0,0.0,0.0,0.0,0.0,0.0,0.0,0.0,0.0,0.0,0.0,0.0,0.0,0.0,0.0,0.0,0.0,0.0,0.0,1.0,0.0,0.0,0.0,0.0,0.0,0.0,0.0,0.0,0.0
381810.0,912040,1484.3,40521495.3,103088.7,0.2073333333,47.29,26.466153846153848,0.0179289415384615,6.609240608075417,47.6371318779277,1.14,25.30803408883449,204.35355641391484,0.4253584561774403,3,6,0.0,0.0,1.0,0.0,0.0,0.0,0.0,0.0,0.0,0.0,0.0,0.0,0.0,0.0,0.0,0.0,0.0,0.0,0.0,0.0,0.0,0.0,0.0,1.0,0.0,0.0,0.0,0.0,0.0,0.0,0.0,0.0,0.0
3423000.0,3532000,1484.3,363282990.0,924210.0,0.11426666670000002,89.89,26.428846153846152,0.0181435569230769,6.609240608075417,45.204165439405095,1.14,22.851785310751566,307.28116802743074,0.445306779867046,11,3,0.0,0.0,0.0,1.0,0.0,0.0,0.0,0.0,0.0,0.0,0.0,0.0,0.0,0.0,0.0,0.0,0.0,0.0,0.0,0.0,0.0,0.0,0.0,1.0,0.0,0.0,0.0,0.0,0.0,0.0,0.0,0.0,0.0
2604000.0,8716000,364.4,276362520.0,703080.0,0.3332352941,11.78,27.02153846153846,0.0184764184615384,6.5,49.77213375289414,0.7775,27.85471535836952,310.0281835334891,0.2486922091544272,6,10,1.0,0.0,0.0,0.0,0.0,0.0,0.0,0.0,0.0,0.0,0.0,0.0,0.0,0.0,0.0,0.0,0.0,0.0,0.0,0.0,0.0,0.0,0.0,0.0,0.0,1.0,0.0,0.0,0.0,0.0,0.0,0.0,0.0
2204046.0,7225373,922.8,233915402.0,595092.42,0.34996428570000004,33.02,27.700000000000003,0.019674083076923,6.609240608075417,49.89051998848723,1.15,36.17850541819753,220.2667965313069,0.6542526069127622,6,10,1.0,0.0,0.0,0.0,0.0,0.0,0.0,0.0,0.0,0.0,0.0,0.0,0.0,0.0,0.0,0.0,0.0,0.0,0.0,0.0,0.0,0.0,0.0,0.0,0.0,0.0,0.0,1.0,0.0,0.0,0.0,0.0,0.0
6079822.0,13230539,883.4,645251508.9,1641551.94,0.1991707317,16.61,26.71846153846154,0.0184992646153846,7.475,46.54268731646475,0.5666666666666667,35.8472960276721,165.2049929026236,0.6127181979158787,6,10,1.0,0.0,0.0,0.0,0.0,0.0,0.0,0.0,0.0,0.0,0.0,0.0,0.0,0.0,0.0,0.0,0.0,0.0,0.0,0.0,0.0,0.0,0.0,0.0,0.0,0.0,0.0,0.0,0.0,0.0,1.0,0.0,0.0
6052.0,16186,883.4,642298.76,1634.04,0.21903846150000003,16.61,26.71846153846154,0.0184992646153846,7.475,49.56310436382383,0.5666666666666667,15.621053663884556,289.26896451371294,0.4912669963267935,3,6,0.0,0.0,1.0,0.0,0.0,0.0,0.0,0.0,0.0,0.0,0.0,0.0,0.0,0.0,0.0,0.0,0.0,0.0,0.0,0.0,0.0,0.0,0.0,0.0,0.0,0.0,0.0,0.0,0.0,0.0,1.0,0.0,0.0
2939790.0,4444354,1207.0,288599184.3,764345.4,0.13991891890000002,35.78,26.01538461538461,0.0177336276923076,5.720000000000001,48.20971378412776,0.8400000000000001,33.21714434626403,224.33518303616864,0.5073519650713354,9,12,0.0,0.0,0.0,0.0,0.0,0.0,1.0,0.0,0.0,0.0,0.0,0.0,0.0,0.0,0.0,0.0,0.0,0.0,0.0,0.0,0.0,0.0,0.0,0.0,0.0,0.0,0.0,0.0,0.0,0.0,0.0,0.0,0.0
591705.0,786858,1207.0,58087679.85,153843.3,0.1310645161,35.78,26.01538461538461,0.0177336276923076,5.720000000000001,46.83938926478471,0.8400000000000001,35.54378967737942,323.72027479905694,0.7164809723701517,6,10,1.0,0.0,0.0,0.0,0.0,0.0,1.0,0.0,0.0,0.0,0.0,0.0,0.0,0.0,0.0,0.0,0.0,0.0,0.0,0.0,0.0,0.0,0.0,0.0,0.0,0.0,0.0,0.0,0.0,0.0,0.0,0.0,0.0
125349.0,213158,1207.0,12305511.33,32590.74,0.15906451610000003,35.78,26.01538461538461,0.0177336276923076,5.720000000000001,45.323216857921565,0.8400000000000001,28.08602700845165,218.25553659258568,0.8495293409822208,3,6,0.0,0.0,1.0,0.0,0.0,0.0,1.0,0.0,0.0,0.0,0.0,0.0,0.0,0.0,0.0,0.0,0.0,0.0,0.0,0.0,0.0,0.0,0.0,0.0,0.0,0.0,0.0,0.0,0.0,0.0,0.0,0.0,0.0
3769746.0,2369295,896.4,370075964.8,980133.96,0.06575,33.37,26.077692307692303,0.0197509292307692,8.222222222222221,50.47870706808872,1.14,50.24425291039922,286.17966239819174,0.4350135718681128,6,10,1.0,0.0,0.0,0.0,0.0,0.0,0.0,1.0,0.0,0.0,0.0,0.0,0.0,0.0,0.0,0.0,0.0,0.0,0.0,0.0,0.0,0.0,0.0,0.0,0.0,0.0,0.0,0.0,0.0,0.0,0.0,0.0,0.0
583500.0,472600,379.7,57282195.0,151710.0,0.08725000000000001,10.37,27.47384615384616,0.0205702615384615,7.475,48.47368210569754,0.9446072796934866,16.452742947420443,266.2130954719252,0.5131294371224489,6,10,1.0,0.0,0.0,0.0,0.0,0.0,0.0,0.0,0.0,0.0,1.0,0.0,0.0,0.0,0.0,0.0,0.0,0.0,0.0,0.0,0.0,0.0,0.0,0.0,0.0,0.0,0.0,0.0,0.0,0.0,0.0,0.0,0.0
3900.0,10700,379.7,382863.0,1014.0,0.353,10.37,27.47384615384616,0.0205702615384615,7.475,45.61514203152143,0.9446072796934866,13.45112588903658,225.45403447687136,0.3362453131848262,3,6,0.0,0.0,1.0,0.0,0.0,0.0,0.0,0.0,0.0,0.0,1.0,0.0,0.0,0.0,0.0,0.0,0.0,0.0,0.0,0.0,0.0,0.0,0.0,0.0,0.0,0.0,0.0,0.0,0.0,0.0,0.0,0.0,0.0
1054282.0,2695000,383.7,103498863.9,274113.32,0.24431578950000002,22.68,26.01538461538461,0.0183652615384615,7.475,47.35281977972028,0.5666666666666667,14.46744447385096,246.8412686096042,0.543085553774387,6,10,1.0,0.0,0.0,0.0,0.0,0.0,0.0,0.0,0.0,0.0,0.0,1.0,0.0,0.0,0.0,0.0,0.0,0.0,0.0,0.0,0.0,0.0,0.0,0.0,0.0,0.0,0.0,0.0,0.0,0.0,0.0,0.0,0.0
81519.0,124893,1068.4,8002720.23,21194.94,0.15500000000000003,30.81,21.476923076923075,0.0170962892307692,6.5,48.35520158227375,0.7775,24.211152124981897,266.19222567872777,0.7523359935397772,6,10,1.0,0.0,0.0,0.0,0.0,0.0,0.0,0.0,0.0,0.0,0.0,0.0,1.0,0.0,0.0,0.0,0.0,0.0,0.0,0.0,0.0,0.0,0.0,0.0,0.0,0.0,0.0,0.0,0.0,0.0,0.0,0.0,0.0
1697346.0,975274,723.3,166628456.8,441309.96,0.0613555556,11.42,27.133076923076924,0.01935072,7.475,47.93505180608023,0.5666666666666667,21.077105929023126,275.01447176445754,0.6819880851695848,6,10,1.0,0.0,0.0,0.0,0.0,0.0,0.0,0.0,0.0,0.0,0.0,0.0,0.0,0.0,0.0,0.0,0.0,1.0,0.0,0.0,0.0,0.0,0.0,0.0,0.0,0.0,0.0,0.0,0.0,0.0,0.0,0.0,0.0
1486400.0,1879200,1057.8,145919888.0,386464.0,0.09865625,68.49,26.28153846153846,0.0193183476923076,7.475,46.31439091644775,0.9446072796934866,11.369643145749388,256.2665115473134,0.7142854156085892,6,10,1.0,0.0,0.0,0.0,0.0,0.0,0.0,0.0,0.0,0.0,0.0,0.0,0.0,0.0,0.0,0.0,0.0,0.0,1.0,0.0,0.0,0.0,0.0,0.0,0.0,0.0,0.0,0.0,0.0,0.0,0.0,0.0,0.0
25100.0,50500,1057.8,2464067.0,6526.0,0.19870000000000002,68.49,26.28153846153846,0.0193183476923076,7.475,47.09933045671637,0.9446072796934866,17.633905931046776,233.8570952032152,0.4267183054714098,3,6,0.0,0.0,1.0,0.0,0.0,0.0,0.0,0.0,0.0,0.0,0.0,0.0,0.0,0.0,0.0,0.0,0.0,0.0,1.0,0.0,0.0,0.0,0.0,0.0,0.0,0.0,0.0,0.0,0.0,0.0,0.0,0.0,0.0
51839.0,103673,2834.3,5089034.63,13478.14,0.18875,0.13,21.03846153846154,0.0238380646153846,5.5200000000000005,48.544334140935085,0.225,48.27886038200307,226.0810467998972,0.4546626064314318,6,10,1.0,0.0,0.0,0.0,0.0,0.0,0.0,0.0,0.0,0.0,0.0,0.0,0.0,0.0,0.0,0.0,0.0,0.0,0.0,0.0,0.0,1.0,0.0,0.0,0.0,0.0,0.0,0.0,0.0,0.0,0.0,0.0,0.0
150000.0,230000,1631.8,14725500.0,39000.0,0.15025,50.43,25.436153846153847,0.0169810615384615,5.720000000000001,49.077794153346446,0.8400000000000001,35.84358452901873,199.03223519335887,0.5431697612581095,6,10,1.0,0.0,0.0,0.0,0.0,0.0,0.0,0.0,0.0,0.0,0.0,0.0,0.0,0.0,0.0,0.0,0.0,0.0,0.0,0.0,0.0,0.0,1.0,0.0,0.0,0.0,0.0,0.0,0.0,0.0,0.0,0.0,0.0
1680.0,3330,1631.8,164925.6,436.8,0.198,107.09,25.58653846153846,0.0168586199999999,5.720000000000001,44.83499958847666,0.8400000000000001,9.138825807103627,203.52397335412343,0.6877568954076902,10,4,0.0,1.0,0.0,0.0,0.0,0.0,0.0,0.0,0.0,0.0,0.0,0.0,0.0,0.0,0.0,0.0,0.0,0.0,0.0,0.0,0.0,0.0,1.0,0.0,0.0,0.0,0.0,0.0,0.0,0.0,0.0,0.0,0.0
854570.0,464250,1066.0,83893136.9,222188.2,0.07336666670000001,42.6,26.39153846153846,0.0183581723076923,6.609240608075417,45.45192164636856,1.14,15.007440287503158,287.3349750385677,0.4015254477579265,9,12,0.0,0.0,0.0,0.0,0.0,0.0,0.0,0.0,0.0,0.0,0.0,0.0,0.0,0.0,0.0,0.0,0.0,0.0,0.0,0.0,0.0,0.0,0.0,1.0,0.0,0.0,0.0,0.0,0.0,0.0,0.0,0.0,0.0
206730.0,441540,1066.0,20294684.1,53749.8,0.1685333333,42.6,26.39153846153846,0.0183581723076923,6.609240608075417,47.7686609974408,1.14,14.08018049360688,229.0889642848225,0.4178133972097428,3,6,0.0,0.0,1.0,0.0,0.0,0.0,0.0,0.0,0.0,0.0,0.0,0.0,0.0,0.0,0.0,0.0,0.0,0.0,0.0,0.0,0.0,0.0,0.0,1.0,0.0,0.0,0.0,0.0,0.0,0.0,0.0,0.0,0.0
3372220.0,3707590,1066.0,331050837.4,876777.2,0.1020666667,111.56,26.49807692307693,0.0176933492307692,6.609240608075417,44.18755208604994,1.14,24.938314224490192,173.50787934564738,0.6672445959238417,11,3,0.0,0.0,0.0,1.0,0.0,0.0,0.0,0.0,0.0,0.0,0.0,0.0,0.0,0.0,0.0,0.0,0.0,0.0,0.0,0.0,0.0,0.0,0.0,1.0,0.0,0.0,0.0,0.0,0.0,0.0,0.0,0.0,0.0
2611000.0,9154000,405.3,256321870.0,678860.0,0.3501764706,13.13,26.383076923076924,0.0186157938461538,6.5,46.45258110328206,0.7775,11.317575392527663,307.6371588905864,0.1988180099013441,6,10,1.0,0.0,0.0,0.0,0.0,0.0,0.0,0.0,0.0,0.0,0.0,0.0,0.0,0.0,0.0,0.0,0.0,0.0,0.0,0.0,0.0,0.0,0.0,0.0,0.0,1.0,0.0,0.0,0.0,0.0,0.0,0.0,0.0
2113344.0,7217903,971.1,207466980.5,549469.44,0.3611785714,36.88,27.82230769230769,0.019463843076923,6.609240608075417,45.433056622083264,1.15,10.883908916652867,174.9093978909108,0.2135156601245444,6,10,1.0,0.0,0.0,0.0,0.0,0.0,0.0,0.0,0.0,0.0,0.0,0.0,0.0,0.0,0.0,0.0,0.0,0.0,0.0,0.0,0.0,0.0,0.0,0.0,0.0,0.0,0.0,1.0,0.0,0.0,0.0,0.0,0.0
5904128.0,11672250,874.4,579608245.8,1535073.28,0.1894782609,22.68,26.01538461538461,0.0183652615384615,7.475,44.22573521867268,0.5666666666666667,27.21714459439136,235.6273878795302,0.4149638937606352,6,10,1.0,0.0,0.0,0.0,0.0,0.0,0.0,0.0,0.0,0.0,0.0,0.0,0.0,0.0,0.0,0.0,0.0,0.0,0.0,0.0,0.0,0.0,0.0,0.0,0.0,0.0,0.0,0.0,0.0,0.0,1.0,0.0,0.0
3023.0,6899,874.4,296767.91,785.98,0.2083181818,22.68,26.01538461538461,0.0183652615384615,7.475,46.93669957869402,0.5666666666666667,27.85316741279988,248.005089370622,0.3688142416025234,3,6,0.0,0.0,1.0,0.0,0.0,0.0,0.0,0.0,0.0,0.0,0.0,0.0,0.0,0.0,0.0,0.0,0.0,0.0,0.0,0.0,0.0,0.0,0.0,0.0,0.0,0.0,0.0,0.0,0.0,0.0,1.0,0.0,0.0
285545.0,579074,1413.4,28031952.65,74241.7,0.16492307690000002,37.63,24.63769230769231,0.0173446061538461,5.720000000000001,48.96305748119979,0.8400000000000001,8.877538118475602,243.6584293984578,0.6320975296161554,6,10,1.0,0.0,0.0,0.0,0.0,0.0,0.0,0.0,0.0,0.0,0.0,0.0,0.0,0.0,0.0,0.0,0.0,0.0,0.0,0.0,0.0,0.0,0.0,0.0,0.0,0.0,0.0,0.0,0.0,0.0,0.0,1.0,0.0
3062.0,9578,1413.4,300596.54,796.12,0.3125,71.01,24.88653846153846,0.0177478061538461,5.720000000000001,44.97411242650264,0.8400000000000001,29.388821407622125,156.88412428258331,0.336577331266273,10,4,0.0,1.0,0.0,0.0,0.0,0.0,0.0,0.0,0.0,0.0,0.0,0.0,0.0,0.0,0.0,0.0,0.0,0.0,0.0,0.0,0.0,0.0,0.0,0.0,0.0,0.0,0.0,0.0,0.0,0.0,0.0,1.0,0.0
2844474.0,4354156,1247.0,290506129.6,739563.24,0.1409189189,38.93,25.93230769230769,0.0175942523076923,5.720000000000001,47.414640713720416,0.8400000000000001,42.49567381297453,208.53947329801716,0.5581503382602556,9,12,0.0,0.0,0.0,0.0,0.0,0.0,1.0,0.0,0.0,0.0,0.0,0.0,0.0,0.0,0.0,0.0,0.0,0.0,0.0,0.0,0.0,0.0,0.0,0.0,0.0,0.0,0.0,0.0,0.0,0.0,0.0,0.0,0.0
126106.0,243661,1247.0,12879205.78,32787.56,0.1792903226,38.93,25.93230769230769,0.0175942523076923,5.720000000000001,48.396800768545326,0.8400000000000001,25.840981531667907,291.90626463559545,0.8208279206995197,6,10,1.0,0.0,0.0,0.0,0.0,0.0,1.0,0.0,0.0,0.0,0.0,0.0,0.0,0.0,0.0,0.0,0.0,0.0,0.0,0.0,0.0,0.0,0.0,0.0,0.0,0.0,0.0,0.0,0.0,0.0,0.0,0.0,0.0
593959.0,703404,1247.0,60661032.67,154429.34,0.1098275862,38.93,25.93230769230769,0.0175942523076923,5.720000000000001,47.08753304494788,0.8400000000000001,38.97871913937298,168.90211688432797,0.4856303073027913,3,6,0.0,0.0,1.0,0.0,0.0,0.0,1.0,0.0,0.0,0.0,0.0,0.0,0.0,0.0,0.0,0.0,0.0,0.0,0.0,0.0,0.0,0.0,0.0,0.0,0.0,0.0,0.0,0.0,0.0,0.0,0.0,0.0,0.0
3810112.0,5073721,1550.0,389126738.6,990629.12,0.134375,43.27,26.067692307692308,0.0186744461538461,8.222222222222221,44.82924416633672,1.14,17.871667890600914,149.28518187970997,0.3686944374201866,6,10,1.0,0.0,0.0,0.0,0.0,0.0,0.0,1.0,0.0,0.0,0.0,0.0,0.0,0.0,0.0,0.0,0.0,0.0,0.0,0.0,0.0,0.0,0.0,0.0,0.0,0.0,0.0,0.0,0.0,0.0,0.0,0.0,0.0
664000.0,1028700,666.5,67814320.0,172640.0,0.15335714290000002,11.86,27.26923076923077,0.0199564892307692,7.475,44.72923525575445,0.9446072796934866,33.06890372908993,180.6110951914706,0.5434459408693267,6,10,1.0,0.0,0.0,0.0,0.0,0.0,0.0,0.0,0.0,0.0,1.0,0.0,0.0,0.0,0.0,0.0,0.0,0.0,0.0,0.0,0.0,0.0,0.0,0.0,0.0,0.0,0.0,0.0,0.0,0.0,0.0,0.0,0.0
3800.0,11500,666.5,388094.0,988.0,0.29350000000000004,11.86,27.26923076923077,0.0199564892307692,7.475,45.95974707654355,0.9446072796934866,52.88150864175327,212.94137561552876,0.4950972637807102,3,6,0.0,0.0,1.0,0.0,0.0,0.0,0.0,0.0,0.0,0.0,1.0,0.0,0.0,0.0,0.0,0.0,0.0,0.0,0.0,0.0,0.0,0.0,0.0,0.0,0.0,0.0,0.0,0.0,0.0,0.0,0.0,0.0,0.0
1027505.0,2726000,483.8,104939085.6,267151.3,0.26455555560000005,18.1,26.307692307692307,0.0182339999999999,7.475,47.34498997139455,0.5666666666666667,13.105070458819116,226.9297174307801,0.3014328971657241,6,10,1.0,0.0,0.0,0.0,0.0,0.0,0.0,0.0,0.0,0.0,0.0,1.0,0.0,0.0,0.0,0.0,0.0,0.0,0.0,0.0,0.0,0.0,0.0,0.0,0.0,0.0,0.0,0.0,0.0,0.0,0.0,0.0,0.0
80579.0,137418,918.1,8229533.27,20950.54,0.16545454550000002,32.49,21.36076923076923,0.01766016,6.5,45.04159733505834,0.7775,13.74740318565184,207.2224571010848,0.4264368878860797,6,10,1.0,0.0,0.0,0.0,0.0,0.0,0.0,0.0,0.0,0.0,0.0,0.0,1.0,0.0,0.0,0.0,0.0,0.0,0.0,0.0,0.0,0.0,0.0,0.0,0.0,0.0,0.0,0.0,0.0,0.0,0.0,0.0,0.0
1766150.0,1685799,955.0,180376899.5,459199.0,0.08493333330000001,27.48,26.32076923076924,0.0188728892307692,7.475,44.71446485335693,0.5666666666666667,41.98417794131503,186.410361161726,0.3694223590229595,6,10,1.0,0.0,0.0,0.0,0.0,0.0,0.0,0.0,0.0,0.0,0.0,0.0,0.0,0.0,0.0,0.0,0.0,1.0,0.0,0.0,0.0,0.0,0.0,0.0,0.0,0.0,0.0,0.0,0.0,0.0,0.0,0.0,0.0
1487200.0,2590400,1035.8,151887736.0,386672.0,0.1261875,66.35,26.516153846153845,0.018898643076923,7.475,46.567341969994686,0.9446072796934866,26.73229776646353,232.1560121514897,0.6496136826075336,6,10,1.0,0.0,0.0,0.0,0.0,0.0,0.0,0.0,0.0,0.0,0.0,0.0,0.0,0.0,0.0,0.0,0.0,0.0,1.0,0.0,0.0,0.0,0.0,0.0,0.0,0.0,0.0,0.0,0.0,0.0,0.0,0.0,0.0
26800.0,60800,1035.8,2737084.0,6968.0,0.21920000000000003,66.35,26.516153846153845,0.018898643076923,7.475,49.79984392539272,0.9446072796934866,10.58424869518728,188.60744684319852,0.7301103878607358,3,6,0.0,0.0,1.0,0.0,0.0,0.0,0.0,0.0,0.0,0.0,0.0,0.0,0.0,0.0,0.0,0.0,0.0,0.0,1.0,0.0,0.0,0.0,0.0,0.0,0.0,0.0,0.0,0.0,0.0,0.0,0.0,0.0,0.0
55880.0,105713,2406.4,5707024.4,14528.8,0.1825,0.03,22.136923076923075,0.0240872676923076,5.5200000000000005,45.409328526082405,0.225,38.2866836169141,192.88728651936276,0.5386359406429629,6,10,1.0,0.0,0.0,0.0,0.0,0.0,0.0,0.0,0.0,0.0,0.0,0.0,0.0,0.0,0.0,0.0,0.0,0.0,0.0,0.0,0.0,1.0,0.0,0.0,0.0,0.0,0.0,0.0,0.0,0.0,0.0,0.0,0.0
155000.0,235000,1532.0,15830150.0,40300.0,0.14850000000000002,56.66,25.73692307692308,0.0167361784615384,5.720000000000001,50.16201071007691,0.8400000000000001,28.04320683305224,201.49179772638544,0.5120546290127703,6,10,1.0,0.0,0.0,0.0,0.0,0.0,0.0,0.0,0.0,0.0,0.0,0.0,0.0,0.0,0.0,0.0,0.0,0.0,0.0,0.0,0.0,0.0,1.0,0.0,0.0,0.0,0.0,0.0,0.0,0.0,0.0,0.0,0.0
1500.0,2000,1532.0,153195.0,390.0,0.17600000000000002,105.98,25.77,0.0167399584615384,5.720000000000001,50.18551067611756,0.8400000000000001,13.71367034192592,188.63863553066705,0.3965380423263746,10,4,0.0,1.0,0.0,0.0,0.0,0.0,0.0,0.0,0.0,0.0,0.0,0.0,0.0,0.0,0.0,0.0,0.0,0.0,0.0,0.0,0.0,0.0,1.0,0.0,0.0,0.0,0.0,0.0,0.0,0.0,0.0,0.0,0.0
4500000.0,7220000,1672.5,459585000.0,1170000.0,0.1583666667,68.96,26.604615384615386,0.0170285261538461,6.609240608075417,47.54014258047994,1.14,16.358788873016344,278.1056057769162,0.234787051828328,6,10,1.0,0.0,0.0,0.0,0.0,0.0,0.0,0.0,0.0,0.0,0.0,0.0,0.0,0.0,0.0,0.0,0.0,0.0,0.0,0.0,0.0,0.0,0.0,1.0,0.0,0.0,0.0,0.0,0.0,0.0,0.0,0.0,0.0
2487000.0,8816000,479.3,253997310.0,646620.0,0.3517058824,17.69,26.04153846153845,0.0186022799999999,6.5,44.3597665549927,0.7775,17.164989169905915,202.09262616266585,0.641654359016325,6,10,1.0,0.0,0.0,0.0,0.0,0.0,0.0,0.0,0.0,0.0,0.0,0.0,0.0,0.0,0.0,0.0,0.0,0.0,0.0,0.0,0.0,0.0,0.0,0.0,0.0,1.0,0.0,0.0,0.0,0.0,0.0,0.0,0.0
2059878.0,6583630,481.3,210375340.1,535568.28,0.35328571430000005,44.41,28.14769230769231,0.01955412,6.609240608075417,44.66294316250812,1.15,14.70044337434514,200.0583758274784,0.4445340186292226,6,10,1.0,0.0,0.0,0.0,0.0,0.0,0.0,0.0,0.0,0.0,0.0,0.0,0.0,0.0,0.0,0.0,0.0,0.0,0.0,0.0,0.0,0.0,0.0,0.0,0.0,0.0,0.0,1.0,0.0,0.0,0.0,0.0,0.0
6068496.0,12849116,849.9,619775496.5,1577808.96,0.20160869570000003,18.1,26.307692307692307,0.0182339999999999,7.475,46.56180837641529,0.5666666666666667,21.539886436379867,188.721959683678,0.4896138631815926,6,10,1.0,0.0,0.0,0.0,0.0,0.0,0.0,0.0,0.0,0.0,0.0,0.0,0.0,0.0,0.0,0.0,0.0,0.0,0.0,0.0,0.0,0.0,0.0,0.0,0.0,0.0,0.0,0.0,0.0,0.0,1.0,0.0,0.0
2829.0,6741,849.9,288925.77,735.54,0.20977777780000004,18.1,26.307692307692307,0.0182339999999999,7.475,47.37570763874417,0.5666666666666667,9.519228187672798,324.19531703758264,0.7871702714923404,3,6,0.0,0.0,1.0,0.0,0.0,0.0,0.0,0.0,0.0,0.0,0.0,0.0,0.0,0.0,0.0,0.0,0.0,0.0,0.0,0.0,0.0,0.0,0.0,0.0,0.0,0.0,0.0,0.0,0.0,0.0,1.0,0.0,0.0
280816.0,567662,1541.3,28679738.08,73012.16,0.1608461538,33.379999999999995,25.135384615384616,0.0181510061538461,5.720000000000001,49.19611687999697,0.8400000000000001,19.054649159457405,231.23258179111733,0.7248471312380491,6,10,1.0,0.0,0.0,0.0,0.0,0.0,0.0,0.0,0.0,0.0,0.0,0.0,0.0,0.0,0.0,0.0,0.0,0.0,0.0,0.0,0.0,0.0,0.0,0.0,0.0,0.0,0.0,0.0,0.0,0.0,0.0,1.0,0.0
3761.0,11855,1541.3,384110.93,977.86,0.22625000000000003,67.17999999999999,25.398846153846154,0.0180863861538461,5.720000000000001,46.821408527764994,0.8400000000000001,12.133159274130616,271.47394634388723,0.7416508470725379,10,4,0.0,1.0,0.0,0.0,0.0,0.0,0.0,0.0,0.0,0.0,0.0,0.0,0.0,0.0,0.0,0.0,0.0,0.0,0.0,0.0,0.0,0.0,0.0,0.0,0.0,0.0,0.0,0.0,0.0,0.0,0.0,1.0,0.0
583274.0,682933,1105.8,55218549.58,145818.5,0.10607142860000002,31.54,26.27769230769231,0.0175312523076923,5.720000000000001,44.95436351693333,0.8400000000000001,21.58508167859033,277.4389069996129,0.4304285600054167,9,12,0.0,0.0,0.0,0.0,0.0,0.0,1.0,0.0,0.0,0.0,0.0,0.0,0.0,0.0,0.0,0.0,0.0,0.0,0.0,0.0,0.0,0.0,0.0,0.0,0.0,0.0,0.0,0.0,0.0,0.0,0.0,0.0,0.0
120354.0,197607,1105.8,11393913.18,30088.5,0.16255172410000002,31.54,26.27769230769231,0.0175312523076923,5.720000000000001,46.24209577286906,0.8400000000000001,12.887870032839183,262.23751640251515,0.5314821600430408,3,6,0.0,0.0,1.0,0.0,0.0,0.0,1.0,0.0,0.0,0.0,0.0,0.0,0.0,0.0,0.0,0.0,0.0,0.0,0.0,0.0,0.0,0.0,0.0,0.0,0.0,0.0,0.0,0.0,0.0,0.0,0.0,0.0,0.0
2881073.0,4205026,1105.8,272751180.9,720268.25,0.1345945946,68.6,26.05730769230769,0.0175287738461538,5.720000000000001,45.350525653918446,0.8400000000000001,23.01086103449304,221.04972603173195,0.410944134132131,11,3,0.0,0.0,0.0,1.0,0.0,0.0,1.0,0.0,0.0,0.0,0.0,0.0,0.0,0.0,0.0,0.0,0.0,0.0,0.0,0.0,0.0,0.0,0.0,0.0,0.0,0.0,0.0,0.0,0.0,0.0,0.0,0.0,0.0
3777661.0,2634853,1001.4,357631166.9,944415.25,0.0710625,28.72,26.697692307692307,0.0194025323076923,8.222222222222221,47.400522429011446,1.14,11.92696091787716,312.20103626711966,0.6084108857083746,6,10,1.0,0.0,0.0,0.0,0.0,0.0,0.0,1.0,0.0,0.0,0.0,0.0,0.0,0.0,0.0,0.0,0.0,0.0,0.0,0.0,0.0,0.0,0.0,0.0,0.0,0.0,0.0,0.0,0.0,0.0,0.0,0.0,0.0
469000.0,541700,458.4,44400230.0,117250.0,0.1209230769,9.98,27.56,0.0201636276923076,7.475,47.17693188846392,0.9446072796934866,22.198838150574066,227.7189973180244,0.4234774854388611,6,10,1.0,0.0,0.0,0.0,0.0,0.0,0.0,0.0,0.0,0.0,1.0,0.0,0.0,0.0,0.0,0.0,0.0,0.0,0.0,0.0,0.0,0.0,0.0,0.0,0.0,0.0,0.0,0.0,0.0,0.0,0.0,0.0,0.0
11800.0,54700,458.4,1117106.0,2950.0,0.45300000000000007,9.98,27.56,0.0201636276923076,7.475,44.62709914637026,0.9446072796934866,12.730880552962338,278.9457425613313,0.4875197774406904,3,6,0.0,0.0,1.0,0.0,0.0,0.0,0.0,0.0,0.0,0.0,1.0,0.0,0.0,0.0,0.0,0.0,0.0,0.0,0.0,0.0,0.0,0.0,0.0,0.0,0.0,0.0,0.0,0.0,0.0,0.0,0.0,0.0,0.0
905651.0,2468000,353.9,85737980.17,226412.75,0.24950000000000003,21.17,26.66923076923077,0.0180736338461538,7.475,45.78288883126266,0.5666666666666667,34.2527276681484,170.20552682501875,0.5969030395921524,6,10,1.0,0.0,0.0,0.0,0.0,0.0,0.0,0.0,0.0,0.0,0.0,1.0,0.0,0.0,0.0,0.0,0.0,0.0,0.0,0.0,0.0,0.0,0.0,0.0,0.0,0.0,0.0,0.0,0.0,0.0,0.0,0.0,0.0
83273.0,85653,890.8,7883454.91,20818.25,0.11336363640000001,25.77,22.164615384615384,0.0175863046153846,6.5,48.06005475326721,0.7775,22.960220822603283,275.3149010858869,0.6329857686207528,6,10,1.0,0.0,0.0,0.0,0.0,0.0,0.0,0.0,0.0,0.0,0.0,0.0,1.0,0.0,0.0,0.0,0.0,0.0,0.0,0.0,0.0,0.0,0.0,0.0,0.0,0.0,0.0,0.0,0.0,0.0,0.0,0.0,0.0
1030464.0,2103709,860.8,97554026.88,257616.0,0.20351851850000002,23.7,23.98538461538461,0.0208927661538461,6.555555555555555,47.49595185661977,0.9446072796934866,30.78288636519369,225.43558832927968,0.3905175639771606,6,10,1.0,0.0,0.0,0.0,0.0,0.0,0.0,0.0,0.0,0.0,0.0,0.0,0.0,0.0,0.0,1.0,0.0,0.0,0.0,0.0,0.0,0.0,0.0,0.0,0.0,0.0,0.0,0.0,0.0,0.0,0.0,0.0,0.0
50456.0,102312,860.8,4776669.52,12614.0,0.2000666667,46.0,24.181153846153848,0.0208043169230769,6.555555555555555,48.2557909730744,0.9446072796934866,22.861564487230684,299.61566738367094,0.6887663961663206,10,4,0.0,1.0,0.0,0.0,0.0,0.0,0.0,0.0,0.0,0.0,0.0,0.0,0.0,0.0,0.0,1.0,0.0,0.0,0.0,0.0,0.0,0.0,0.0,0.0,0.0,0.0,0.0,0.0,0.0,0.0,0.0,0.0,0.0
73863.0,184064,860.8,6992610.21,18465.75,0.2378,23.7,23.98538461538461,0.0208927661538461,6.555555555555555,47.90084916302833,0.9446072796934866,14.0659828523373,298.7654649457922,0.3195778197545378,3,6,0.0,0.0,1.0,0.0,0.0,0.0,0.0,0.0,0.0,0.0,0.0,0.0,0.0,0.0,0.0,1.0,0.0,0.0,0.0,0.0,0.0,0.0,0.0,0.0,0.0,0.0,0.0,0.0,0.0,0.0,0.0,0.0,0.0
1671107.0,1024930,800.8,158203699.7,417776.75,0.0608,18.42,27.28538461538461,0.0189297415384615,7.475,44.9239163498842,0.5666666666666667,9.013128801407047,193.23772943053277,0.5972363286140323,6,10,1.0,0.0,0.0,0.0,0.0,0.0,0.0,0.0,0.0,0.0,0.0,0.0,0.0,0.0,0.0,0.0,0.0,1.0,0.0,0.0,0.0,0.0,0.0,0.0,0.0,0.0,0.0,0.0,0.0,0.0,0.0,0.0,0.0
1496800.0,1793000,967.4,141702056.0,374200.0,0.08903125,47.05,27.122307692307693,0.0190532215384615,7.475,47.84816902813045,0.9446072796934866,23.27857268308008,203.6749984589451,0.5955944510161635,6,10,1.0,0.0,0.0,0.0,0.0,0.0,0.0,0.0,0.0,0.0,0.0,0.0,0.0,0.0,0.0,0.0,0.0,0.0,1.0,0.0,0.0,0.0,0.0,0.0,0.0,0.0,0.0,0.0,0.0,0.0,0.0,0.0,0.0
26500.0,61100,967.4,2508755.0,6625.0,0.2288,47.05,27.122307692307693,0.0190532215384615,7.475,49.91896084100672,0.9446072796934866,35.56827064777724,296.71089207093144,0.6341931835320486,3,6,0.0,0.0,1.0,0.0,0.0,0.0,0.0,0.0,0.0,0.0,0.0,0.0,0.0,0.0,0.0,0.0,0.0,0.0,1.0,0.0,0.0,0.0,0.0,0.0,0.0,0.0,0.0,0.0,0.0,0.0,0.0,0.0,0.0
107742.0,190937,4355.3,10199935.14,26935.5,0.17671428570000003,91.74,18.97,0.0149963261538461,5.720000000000001,44.29621374459273,0.8400000000000001,23.04284951362115,300.5399381660311,0.8110233092816599,6,10,1.0,0.0,0.0,0.0,0.0,0.0,0.0,0.0,0.0,0.0,0.0,0.0,0.0,0.0,0.0,0.0,0.0,0.0,0.0,0.0,1.0,0.0,0.0,0.0,0.0,0.0,0.0,0.0,0.0,0.0,0.0,0.0,0.0
57067.0,109205,2627.0,5402532.89,14266.75,0.189,0.08,22.26923076923077,0.0239658369230769,5.5200000000000005,46.7339213981733,0.225,18.865091117519604,223.67528169611575,0.5396448795769403,6,10,1.0,0.0,0.0,0.0,0.0,0.0,0.0,0.0,0.0,0.0,0.0,0.0,0.0,0.0,0.0,0.0,0.0,0.0,0.0,0.0,0.0,1.0,0.0,0.0,0.0,0.0,0.0,0.0,0.0,0.0,0.0,0.0,0.0
150000.0,223400,1536.6,14200500.0,37500.0,0.146375,49.32,25.80307692307692,0.0167437384615384,5.720000000000001,44.69798927489448,0.8400000000000001,33.68761001160806,319.3778943131873,0.4816904841285971,6,10,1.0,0.0,0.0,0.0,0.0,0.0,0.0,0.0,0.0,0.0,0.0,0.0,0.0,0.0,0.0,0.0,0.0,0.0,0.0,0.0,0.0,0.0,1.0,0.0,0.0,0.0,0.0,0.0,0.0,0.0,0.0,0.0,0.0
4273000.0,3278000,1102.8,404524910.0,1068250.0,0.07533333330000001,47.82,26.713846153846152,0.01768428,6.609240608075417,46.323923936912,1.14,10.428190533187102,315.95560251841806,0.318628623915419,6,10,1.0,0.0,0.0,0.0,0.0,0.0,0.0,0.0,0.0,0.0,0.0,0.0,0.0,0.0,0.0,0.0,0.0,0.0,0.0,0.0,0.0,0.0,0.0,1.0,0.0,0.0,0.0,0.0,0.0,0.0,0.0,0.0,0.0
2530000.0,8880000,301.8,239515100.0,632500.0,0.3438823529,13.78,26.863076923076925,0.0183019015384615,6.5,44.371700416399285,0.7775,19.578464693109552,152.67598711262627,0.3285238268283664,6,10,1.0,0.0,0.0,0.0,0.0,0.0,0.0,0.0,0.0,0.0,0.0,0.0,0.0,0.0,0.0,0.0,0.0,0.0,0.0,0.0,0.0,0.0,0.0,0.0,0.0,1.0,0.0,0.0,0.0,0.0,0.0,0.0,0.0
271219.0,511526,1610.3,25676302.73,67804.75,0.14615384620000002,33.8,25.66230769230769,0.0180217661538461,5.720000000000001,45.7093930328144,0.8400000000000001,18.75381171431325,303.7134237182962,0.3613088118363131,6,10,1.0,0.0,0.0,0.0,0.0,0.0,0.0,0.0,0.0,0.0,0.0,0.0,0.0,0.0,0.0,0.0,0.0,0.0,0.0,0.0,0.0,0.0,0.0,0.0,0.0,0.0,0.0,0.0,0.0,0.0,0.0,1.0,0.0
4090.0,11649,1610.3,387200.3,1022.5,0.27999999999999997,83.34,25.064230769230768,0.018035183076923,5.720000000000001,50.16437533368861,0.8400000000000001,16.072219171051362,283.48138548809334,0.1182101702148517,10,4,0.0,1.0,0.0,0.0,0.0,0.0,0.0,0.0,0.0,0.0,0.0,0.0,0.0,0.0,0.0,0.0,0.0,0.0,0.0,0.0,0.0,0.0,0.0,0.0,0.0,0.0,0.0,0.0,0.0,0.0,0.0,1.0,0.0
136359.61,89082,1041.2,12909164.28,34089.9025,0.1516666667,42.3,25.106923076923074,0.017548643076923,5.720000000000001,46.32004471705683,0.8400000000000001,12.723937993907466,287.5977720738011,0.6553550475839907,9,12,0.0,0.0,0.0,0.0,0.0,0.0,0.0,0.0,0.0,0.0,0.0,0.0,0.0,0.0,1.0,0.0,0.0,0.0,0.0,0.0,0.0,0.0,0.0,0.0,0.0,0.0,0.0,0.0,0.0,0.0,0.0,0.0,0.0
922658.68,974008,1041.2,87348097.24,230664.67,0.1062222222,88.75,25.049230769230768,0.0175786753846153,5.720000000000001,50.453343855239645,0.8400000000000001,22.395001068458843,301.8540302213176,0.8268983722283563,11,3,0.0,0.0,0.0,1.0,0.0,0.0,0.0,0.0,0.0,0.0,0.0,0.0,0.0,0.0,1.0,0.0,0.0,0.0,0.0,0.0,0.0,0.0,0.0,0.0,0.0,0.0,0.0,0.0,0.0,0.0,0.0,0.0,0.0
553904.0,688189,1353.9,54825417.92,132936.96,0.1141666667,37.06,25.83692307692308,0.0175262953846153,5.720000000000001,49.84121702564351,0.8400000000000001,29.202525933620496,302.6450042058031,0.304814282957811,9,12,0.0,0.0,0.0,0.0,0.0,0.0,1.0,0.0,0.0,0.0,0.0,0.0,0.0,0.0,0.0,0.0,0.0,0.0,0.0,0.0,0.0,0.0,0.0,0.0,0.0,0.0,0.0,0.0,0.0,0.0,0.0,0.0,0.0
190236.0,270831,1353.9,18829559.28,45656.64,0.142,37.06,25.83692307692308,0.0175262953846153,5.720000000000001,47.97319327715233,0.8400000000000001,16.41187202026669,163.75239373313502,0.664675396276939,6,10,1.0,0.0,0.0,0.0,0.0,0.0,1.0,0.0,0.0,0.0,0.0,0.0,0.0,0.0,0.0,0.0,0.0,0.0,0.0,0.0,0.0,0.0,0.0,0.0,0.0,0.0,0.0,0.0,0.0,0.0,0.0,0.0,0.0
116885.0,169902,1353.9,11569277.3,28052.4,0.1324642857,37.06,25.83692307692308,0.0175262953846153,5.720000000000001,48.421267125493685,0.8400000000000001,43.18954419856908,239.9529079258841,0.4748793333560076,3,6,0.0,0.0,1.0,0.0,0.0,0.0,1.0,0.0,0.0,0.0,0.0,0.0,0.0,0.0,0.0,0.0,0.0,0.0,0.0,0.0,0.0,0.0,0.0,0.0,0.0,0.0,0.0,0.0,0.0,0.0,0.0,0.0,0.0
2907199.0,4589705,1353.9,287754557.0,697727.76,0.1456315789,67.5,26.038846153846155,0.017545403076923,5.720000000000001,45.84705884548864,0.8400000000000001,15.877716068337646,243.26236641720035,0.2168188953149503,11,3,0.0,0.0,0.0,1.0,0.0,0.0,1.0,0.0,0.0,0.0,0.0,0.0,0.0,0.0,0.0,0.0,0.0,0.0,0.0,0.0,0.0,0.0,0.0,0.0,0.0,0.0,0.0,0.0,0.0,0.0,0.0,0.0,0.0
3828992.0,5567644,1643.7,378993628.2,918958.08,0.14375000000000002,52.93,26.513076923076923,0.0187431507692307,8.222222222222221,44.77360375375732,1.14,37.19863676191171,177.72354849157648,0.5926511506808169,6,10,1.0,0.0,0.0,0.0,0.0,0.0,0.0,1.0,0.0,0.0,0.0,0.0,0.0,0.0,0.0,0.0,0.0,0.0,0.0,0.0,0.0,0.0,0.0,0.0,0.0,0.0,0.0,0.0,0.0,0.0,0.0,0.0,0.0
6549.0,17909,962.3,648220.02,1571.76,0.273,36.25,25.068461538461538,0.0170869569230769,7.475,45.543099514915866,0.5666666666666667,25.76379419653514,217.1208981469833,0.576227151336304,6,10,1.0,0.0,0.0,0.0,0.0,0.0,0.0,0.0,1.0,0.0,0.0,0.0,0.0,0.0,0.0,0.0,0.0,0.0,0.0,0.0,0.0,0.0,0.0,0.0,0.0,0.0,0.0,0.0,0.0,0.0,0.0,0.0,0.0
651400.0,1193200,902.5,64475572.0,156336.0,0.17125,27.22,26.680000000000003,0.0199634676923076,7.475,47.21594179356442,0.9446072796934866,14.292331118266825,163.10323594068626,0.6171962613692958,6,10,1.0,0.0,0.0,0.0,0.0,0.0,0.0,0.0,0.0,0.0,1.0,0.0,0.0,0.0,0.0,0.0,0.0,0.0,0.0,0.0,0.0,0.0,0.0,0.0,0.0,0.0,0.0,0.0,0.0,0.0,0.0,0.0,0.0
23900.0,83800,902.5,2365622.0,5736.0,0.3565714286,27.22,26.680000000000003,0.0199634676923076,7.475,46.30477223076849,0.9446072796934866,34.43907261778093,226.3842648607242,0.4619239548553487,3,6,0.0,0.0,1.0,0.0,0.0,0.0,0.0,0.0,0.0,0.0,1.0,0.0,0.0,0.0,0.0,0.0,0.0,0.0,0.0,0.0,0.0,0.0,0.0,0.0,0.0,0.0,0.0,0.0,0.0,0.0,0.0,0.0,0.0
1015191.0,2790000,592.3,100483605.2,243645.84,0.27333333330000004,36.25,25.068461538461538,0.0170869569230769,7.475,46.08652736657119,0.5666666666666667,23.45695650494974,279.41361573198,0.308819904415166,6,10,1.0,0.0,0.0,0.0,0.0,0.0,0.0,0.0,0.0,0.0,0.0,1.0,0.0,0.0,0.0,0.0,0.0,0.0,0.0,0.0,0.0,0.0,0.0,0.0,0.0,0.0,0.0,0.0,0.0,0.0,0.0,0.0,0.0
614160.1,418254,1258.3,60789566.7,147398.424,0.074,46.45,24.99153846153846,0.0176087076923076,5.720000000000001,47.434942911683386,0.8400000000000001,10.45793125248078,226.1806744809173,0.5820567134631346,9,12,0.0,0.0,0.0,0.0,0.0,0.0,0.0,0.0,0.0,0.0,0.0,0.0,0.0,0.0,1.0,0.0,0.0,0.0,0.0,0.0,0.0,0.0,0.0,0.0,0.0,0.0,0.0,0.0,0.0,0.0,0.0,0.0,0.0
1437560.59,1525099,1258.3,142289747.2,345014.5416,0.09986363640000001,90.38,24.86230769230769,0.0177118476923076,5.720000000000001,45.35268437088116,0.8400000000000001,13.98605476929735,286.39877911833383,0.4147885577841853,11,3,0.0,0.0,0.0,1.0,0.0,0.0,0.0,0.0,0.0,0.0,0.0,0.0,0.0,0.0,1.0,0.0,0.0,0.0,0.0,0.0,0.0,0.0,0.0,0.0,0.0,0.0,0.0,0.0,0.0,0.0,0.0,0.0,0.0
1708583.0,1743430,1163.0,169115545.3,410059.92,0.0997916667,22.46,26.24,0.0179549446153846,7.475,49.521340858823606,0.5666666666666667,24.757527197244,305.5766429698625,0.3833585372689448,6,10,1.0,0.0,0.0,0.0,0.0,0.0,0.0,0.0,0.0,0.0,0.0,0.0,0.0,0.0,0.0,0.0,0.0,1.0,0.0,0.0,0.0,0.0,0.0,0.0,0.0,0.0,0.0,0.0,0.0,0.0,0.0,0.0,0.0
1500400.0,2768600,1037.4,148509592.0,360096.0,0.12322580649999999,70.01,27.078461538461536,0.0190965876923076,7.475,50.43715944588367,0.9446072796934866,27.234395457263066,181.27172090905944,0.7297074740196773,6,10,1.0,0.0,0.0,0.0,0.0,0.0,0.0,0.0,0.0,0.0,0.0,0.0,0.0,0.0,0.0,0.0,0.0,0.0,1.0,0.0,0.0,0.0,0.0,0.0,0.0,0.0,0.0,0.0,0.0,0.0,0.0,0.0,0.0
29500.0,65500,1037.4,2919910.0,7080.0,0.2217,70.01,27.078461538461536,0.0190965876923076,7.475,46.11602130987017,0.9446072796934866,13.875788658486725,171.04888772819208,0.6066814611193115,3,6,0.0,0.0,1.0,0.0,0.0,0.0,0.0,0.0,0.0,0.0,0.0,0.0,0.0,0.0,0.0,0.0,0.0,0.0,1.0,0.0,0.0,0.0,0.0,0.0,0.0,0.0,0.0,0.0,0.0,0.0,0.0,0.0,0.0
157830.0,381240,687.7,15622013.4,37879.2,0.2305555556,33.61,21.46153846153846,0.016754483076923,4.95,47.51047408700888,2.2666666666666666,16.99542175056479,301.05940686081146,0.5232822930763228,6,10,1.0,0.0,0.0,0.0,0.0,0.0,0.0,0.0,0.0,0.0,0.0,0.0,0.0,0.0,0.0,0.0,0.0,0.0,0.0,1.0,0.0,0.0,0.0,0.0,0.0,0.0,0.0,0.0,0.0,0.0,0.0,0.0,0.0
59196.0,114630,2499.5,5859220.08,14207.04,0.1925,0.07,22.48076923076923,0.0238198153846153,5.5200000000000005,46.23946804270628,0.225,14.266426900588954,310.07708732221,0.5390463937061675,6,10,1.0,0.0,0.0,0.0,0.0,0.0,0.0,0.0,0.0,0.0,0.0,0.0,0.0,0.0,0.0,0.0,0.0,0.0,0.0,0.0,0.0,1.0,0.0,0.0,0.0,0.0,0.0,0.0,0.0,0.0,0.0,0.0,0.0
155000.0,220990,1709.8,15341900.0,37200.0,0.136,50.33,25.837692307692308,0.0167521015384615,5.720000000000001,44.188617006799845,0.8400000000000001,18.866242757553145,228.48004002843675,0.5823958736373881,6,10,1.0,0.0,0.0,0.0,0.0,0.0,0.0,0.0,0.0,0.0,0.0,0.0,0.0,0.0,0.0,0.0,0.0,0.0,0.0,0.0,0.0,0.0,1.0,0.0,0.0,0.0,0.0,0.0,0.0,0.0,0.0,0.0,0.0
1000.0,2000,1709.8,98980.0,240.0,0.1945,99.78,25.753846153846155,0.016816943076923,5.720000000000001,48.77982946246634,0.8400000000000001,15.023868510834388,203.82154335389063,0.7800612116365726,10,4,0.0,1.0,0.0,0.0,0.0,0.0,0.0,0.0,0.0,0.0,0.0,0.0,0.0,0.0,0.0,0.0,0.0,0.0,0.0,0.0,0.0,0.0,1.0,0.0,0.0,0.0,0.0,0.0,0.0,0.0,0.0,0.0,0.0
4501000.0,6801000,1648.2,445508980.0,1080240.0,0.1516333333,63.84,26.753846153846155,0.0172228153846153,6.609240608075417,46.537939534579614,1.14,36.49819200430405,262.1078961697241,0.2363089492600766,6,10,1.0,0.0,0.0,0.0,0.0,0.0,0.0,0.0,0.0,0.0,0.0,0.0,0.0,0.0,0.0,0.0,0.0,0.0,0.0,0.0,0.0,0.0,0.0,1.0,0.0,0.0,0.0,0.0,0.0,0.0,0.0,0.0,0.0
2614000.0,9656000,451.7,258733720.0,627360.0,0.3678235294,20.1,25.512307692307694,0.0178087292307692,6.5,47.99363429412898,0.7775,25.86802729836866,262.8980961538674,0.691460823972121,6,10,1.0,0.0,0.0,0.0,0.0,0.0,0.0,0.0,0.0,0.0,0.0,0.0,0.0,0.0,0.0,0.0,0.0,0.0,0.0,0.0,0.0,0.0,0.0,0.0,0.0,1.0,0.0,0.0,0.0,0.0,0.0,0.0,0.0
5719933.0,12476923,1075.6,566158968.3,1372783.92,0.20662857140000002,36.25,25.068461538461538,0.0170869569230769,7.475,47.7615995448404,0.5666666666666667,37.51201610347249,237.68985527717484,0.5536884925820734,6,10,1.0,0.0,0.0,0.0,0.0,0.0,0.0,0.0,0.0,0.0,0.0,0.0,0.0,0.0,0.0,0.0,0.0,0.0,0.0,0.0,0.0,0.0,0.0,0.0,0.0,0.0,0.0,0.0,0.0,0.0,1.0,0.0,0.0
7839.0,18016,1075.6,775904.22,1881.36,0.21595,36.25,25.068461538461538,0.0170869569230769,7.475,44.36891149521301,0.5666666666666667,11.636540082844142,172.27359196555892,0.4860272097058722,3,6,0.0,0.0,1.0,0.0,0.0,0.0,0.0,0.0,0.0,0.0,0.0,0.0,0.0,0.0,0.0,0.0,0.0,0.0,0.0,0.0,0.0,0.0,0.0,0.0,0.0,0.0,0.0,0.0,0.0,0.0,1.0,0.0,0.0
271671.0,520831,1734.3,26889995.58,65201.04,0.1640769231,49.54,24.466153846153848,0.0180485999999999,5.720000000000001,48.02752031001284,0.8400000000000001,19.09293423612152,202.96580528490972,0.3024211405560728,6,10,1.0,0.0,0.0,0.0,0.0,0.0,0.0,0.0,0.0,0.0,0.0,0.0,0.0,0.0,0.0,0.0,0.0,0.0,0.0,0.0,0.0,0.0,0.0,0.0,0.0,0.0,0.0,0.0,0.0,0.0,0.0,1.0,0.0
5655.0,21126,1734.3,559731.9,1357.2,0.36600000000000005,49.54,24.466153846153848,0.0180485999999999,5.720000000000001,49.04225448442372,0.8400000000000001,17.046927282092483,164.3094659043914,0.4588117766852264,3,6,0.0,0.0,1.0,0.0,0.0,0.0,0.0,0.0,0.0,0.0,0.0,0.0,0.0,0.0,0.0,0.0,0.0,0.0,0.0,0.0,0.0,0.0,0.0,0.0,0.0,0.0,0.0,0.0,0.0,0.0,0.0,1.0,0.0
2215067.0,6392717,781.8,239980358.8,465164.07,0.2720454545,26.88,27.725384615384616,0.0191439969230769,5.933333333333334,45.17721231299991,0.9446072796934866,21.86090786699389,167.43742455548653,0.7933517279691367,6,10,1.0,0.0,0.0,0.0,0.0,0.0,0.0,0.0,0.0,0.0,0.0,0.0,0.0,0.0,0.0,0.0,0.0,0.0,0.0,0.0,0.0,0.0,0.0,0.0,0.0,0.0,0.0,0.0,0.0,0.0,0.0,0.0,0.0
871135.0,3208328,781.8,94378765.9,182938.35,0.28300000000000003,69.12,27.841538461538462,0.0187253446153846,5.933333333333334,49.4952079130764,0.9446072796934866,22.700211938178985,166.99500200989294,0.7260938157943438,10,4,0.0,1.0,0.0,0.0,0.0,0.0,0.0,0.0,0.0,0.0,0.0,0.0,0.0,0.0,0.0,0.0,0.0,0.0,0.0,0.0,0.0,0.0,0.0,0.0,0.0,0.0,0.0,0.0,0.0,0.0,0.0,0.0,0.0
436244.0,286330,2536.9,47262674.96,91611.24,0.0802173913,76.32000000000001,22.25769230769231,0.015558563076923,4.95,45.43850887439449,2.2666666666666666,18.024036170127246,128.47001958720736,0.3324945853175309,9,12,0.0,0.0,0.0,0.0,0.0,1.0,0.0,0.0,0.0,0.0,0.0,0.0,0.0,0.0,0.0,0.0,0.0,0.0,0.0,0.0,0.0,0.0,0.0,0.0,0.0,0.0,0.0,0.0,0.0,0.0,0.0,0.0,0.0
311437.0,610136,2536.9,33741084.58,65401.77,0.1764347826,76.32000000000001,22.25769230769231,0.015558563076923,4.95,45.91030668094592,2.2666666666666666,14.480092880571409,283.5213684124029,0.4479973048169979,3,6,0.0,0.0,1.0,0.0,0.0,1.0,0.0,0.0,0.0,0.0,0.0,0.0,0.0,0.0,0.0,0.0,0.0,0.0,0.0,0.0,0.0,0.0,0.0,0.0,0.0,0.0,0.0,0.0,0.0,0.0,0.0,0.0,0.0
1636050.0,2574284,2536.9,177249657.0,343570.5,0.1551304348,150.48,22.513076923076923,0.0156433846153846,4.95,50.48543868847936,2.2666666666666666,34.07099378600982,315.2265035828644,0.5661606421174586,11,3,0.0,0.0,0.0,1.0,0.0,1.0,0.0,0.0,0.0,0.0,0.0,0.0,0.0,0.0,0.0,0.0,0.0,0.0,0.0,0.0,0.0,0.0,0.0,0.0,0.0,0.0,0.0,0.0,0.0,0.0,0.0,0.0,0.0
534477.0,477325,1147.8,57905238.18,112240.17,0.07881481480000001,30.44,26.24076923076923,0.0175645107692307,5.720000000000001,48.08535704177692,0.8400000000000001,15.399020925598313,212.15775518812052,0.5882947236049407,9,12,0.0,0.0,0.0,0.0,0.0,0.0,1.0,0.0,0.0,0.0,0.0,0.0,0.0,0.0,0.0,0.0,0.0,0.0,0.0,0.0,0.0,0.0,0.0,0.0,0.0,0.0,0.0,0.0,0.0,0.0,0.0,0.0,0.0
116220.0,166198,1147.8,12591274.8,24406.2,0.1437407407,30.44,26.24076923076923,0.0175645107692307,5.720000000000001,49.573098051945976,0.8400000000000001,16.926121671458457,227.355187267288,0.3518502832774526,3,6,0.0,0.0,1.0,0.0,0.0,0.0,1.0,0.0,0.0,0.0,0.0,0.0,0.0,0.0,0.0,0.0,0.0,0.0,0.0,0.0,0.0,0.0,0.0,0.0,0.0,0.0,0.0,0.0,0.0,0.0,0.0,0.0,0.0
2489419.0,1828633,1147.8,269703654.5,522777.99,0.0647105263,58.75,26.509615384615383,0.0176796692307692,5.720000000000001,44.241941292817074,0.8400000000000001,13.94906274482202,214.95050502039064,0.5219430226363845,11,3,0.0,0.0,0.0,1.0,0.0,0.0,1.0,0.0,0.0,0.0,0.0,0.0,0.0,0.0,0.0,0.0,0.0,0.0,0.0,0.0,0.0,0.0,0.0,0.0,0.0,0.0,0.0,0.0,0.0,0.0,0.0,0.0,0.0
3843825.0,4586818,1122.8,416440000.5,807203.25,0.11606250000000001,37.8,25.48923076923077,0.0194734246153846,8.222222222222221,47.43985655820868,1.14,22.635472260330072,220.71321526629535,0.3633225211156863,6,10,1.0,0.0,0.0,0.0,0.0,0.0,0.0,1.0,0.0,0.0,0.0,0.0,0.0,0.0,0.0,0.0,0.0,0.0,0.0,0.0,0.0,0.0,0.0,0.0,0.0,0.0,0.0,0.0,0.0,0.0,0.0,0.0,0.0
8431.0,28216,651.9,913414.54,1770.51,0.335,22.19,26.06153846153846,0.0181315661538461,7.475,47.030441151306334,0.5666666666666667,47.17786732449935,181.27787033526545,0.4480744410404669,6,10,1.0,0.0,0.0,0.0,0.0,0.0,0.0,0.0,1.0,0.0,0.0,0.0,0.0,0.0,0.0,0.0,0.0,0.0,0.0,0.0,0.0,0.0,0.0,0.0,0.0,0.0,0.0,0.0,0.0,0.0,0.0,0.0,0.0
665600.0,1157300,719.8,72111104.0,139776.0,0.1730666667,21.0,26.99846153846154,0.0198718061538461,7.475,46.34046125046786,0.9446072796934866,16.154548692574895,175.70600229353886,0.2496485449996088,6,10,1.0,0.0,0.0,0.0,0.0,0.0,0.0,0.0,0.0,0.0,1.0,0.0,0.0,0.0,0.0,0.0,0.0,0.0,0.0,0.0,0.0,0.0,0.0,0.0,0.0,0.0,0.0,0.0,0.0,0.0,0.0,0.0,0.0
13800.0,39200,719.8,1495092.0,2898.0,0.268625,21.0,26.99846153846154,0.0198718061538461,7.475,46.64885227290283,0.9446072796934866,24.857706394676413,200.33692648253472,0.4264378853239529,3,6,0.0,0.0,1.0,0.0,0.0,0.0,0.0,0.0,0.0,0.0,1.0,0.0,0.0,0.0,0.0,0.0,0.0,0.0,0.0,0.0,0.0,0.0,0.0,0.0,0.0,0.0,0.0,0.0,0.0,0.0,0.0,0.0,0.0
1024236.0,3010000,484.6,110965728.2,215089.56,0.2832777778,22.19,26.06153846153846,0.0181315661538461,7.475,47.433300035308434,0.5666666666666667,28.28025203573921,319.8774370536558,0.2119743935075178,6,10,1.0,0.0,0.0,0.0,0.0,0.0,0.0,0.0,0.0,0.0,0.0,1.0,0.0,0.0,0.0,0.0,0.0,0.0,0.0,0.0,0.0,0.0,0.0,0.0,0.0,0.0,0.0,0.0,0.0,0.0,0.0,0.0,0.0
1675513.0,1302615,895.7,181525078.4,351857.73,0.08035416670000001,21.49,26.767692307692307,0.0186213323076923,7.475,45.933315435903054,0.5666666666666667,25.059371849938657,245.58936146649307,0.5272422078380773,6,10,1.0,0.0,0.0,0.0,0.0,0.0,0.0,0.0,0.0,0.0,0.0,0.0,0.0,0.0,0.0,0.0,0.0,1.0,0.0,0.0,0.0,0.0,0.0,0.0,0.0,0.0,0.0,0.0,0.0,0.0,0.0,0.0,0.0
1488200.0,2098200,1052.0,161231588.0,312522.0,0.1022903226,82.49,26.82230769230769,0.0188711169230769,7.475,47.53895539385846,0.9446072796934866,42.440003595734325,324.84860075952764,0.4669059092806747,6,10,1.0,0.0,0.0,0.0,0.0,0.0,0.0,0.0,0.0,0.0,0.0,0.0,0.0,0.0,0.0,0.0,0.0,0.0,1.0,0.0,0.0,0.0,0.0,0.0,0.0,0.0,0.0,0.0,0.0,0.0,0.0,0.0,0.0
20500.0,49000,1052.0,2220970.0,4305.0,0.24630000000000002,82.49,26.82230769230769,0.0188711169230769,7.475,47.065445625319775,0.9446072796934866,25.9119485069707,252.92748202372147,0.1919905943028271,3,6,0.0,0.0,1.0,0.0,0.0,0.0,0.0,0.0,0.0,0.0,0.0,0.0,0.0,0.0,0.0,0.0,0.0,0.0,1.0,0.0,0.0,0.0,0.0,0.0,0.0,0.0,0.0,0.0,0.0,0.0,0.0,0.0,0.0
153000.0,259750,1711.5,16576020.0,32130.0,0.16562500000000002,49.45,25.67,0.0168817846153846,5.720000000000001,49.78130728714615,0.8400000000000001,27.158131969124938,214.95055749475807,0.6240416621156033,6,10,1.0,0.0,0.0,0.0,0.0,0.0,0.0,0.0,0.0,0.0,0.0,0.0,0.0,0.0,0.0,0.0,0.0,0.0,0.0,0.0,0.0,0.0,1.0,0.0,0.0,0.0,0.0,0.0,0.0,0.0,0.0,0.0,0.0
1000.0,2000,1711.5,108340.0,210.0,0.199,100.15,25.81384615384616,0.0168257353846153,5.720000000000001,49.05711472128972,0.8400000000000001,36.22176368073736,291.78531526882915,0.5424780565754623,10,4,0.0,1.0,0.0,0.0,0.0,0.0,0.0,0.0,0.0,0.0,0.0,0.0,0.0,0.0,0.0,0.0,0.0,0.0,0.0,0.0,0.0,0.0,1.0,0.0,0.0,0.0,0.0,0.0,0.0,0.0,0.0,0.0,0.0
2800000.0,10437000,366.4,303352000.0,588000.0,0.37888235290000005,16.88,26.523076923076925,0.0182127876923076,6.5,49.755098122497614,0.7775,29.59551003292649,297.5881519604428,0.6605347943210205,6,10,1.0,0.0,0.0,0.0,0.0,0.0,0.0,0.0,0.0,0.0,0.0,0.0,0.0,0.0,0.0,0.0,0.0,0.0,0.0,0.0,0.0,0.0,0.0,0.0,0.0,1.0,0.0,0.0,0.0,0.0,0.0,0.0,0.0
256076.0,602221,2706.3,27743273.84,53775.96,0.22400000000000003,83.11,25.05,0.0168468092307692,5.720000000000001,44.49133600458531,0.8400000000000001,14.005620043774409,279.7095320890322,0.475337344559616,6,10,1.0,0.0,0.0,0.0,0.0,0.0,0.0,0.0,0.0,0.0,0.0,0.0,0.0,0.0,0.0,0.0,0.0,0.0,0.0,0.0,0.0,0.0,0.0,0.0,0.0,0.0,0.0,0.0,0.0,1.0,0.0,0.0,0.0
281464.0,537876,1219.6,30493809.76,59107.44,0.1592307692,38.1,24.56,0.0184295076923076,5.720000000000001,49.67342939979234,0.8400000000000001,22.596640063586,284.98380688522457,0.5337721460363514,6,10,1.0,0.0,0.0,0.0,0.0,0.0,0.0,0.0,0.0,0.0,0.0,0.0,0.0,0.0,0.0,0.0,0.0,0.0,0.0,0.0,0.0,0.0,0.0,0.0,0.0,0.0,0.0,0.0,0.0,0.0,0.0,1.0,0.0
7511.0,22367,1219.6,813741.74,1577.31,0.29750000000000004,38.1,24.56,0.0184295076923076,5.720000000000001,50.01574811399812,0.8400000000000001,17.21764214717889,269.81542954260993,0.5118957591779288,3,6,0.0,0.0,1.0,0.0,0.0,0.0,0.0,0.0,0.0,0.0,0.0,0.0,0.0,0.0,0.0,0.0,0.0,0.0,0.0,0.0,0.0,0.0,0.0,0.0,0.0,0.0,0.0,0.0,0.0,0.0,0.0,1.0,0.0
153608.9,105328,1149.2,16641988.23,32257.869,0.0714,43.93,24.73307692307692,0.0178149876923076,5.720000000000001,46.952082006179424,0.8400000000000001,22.717165055839388,309.57746260764986,0.4995328734282112,9,12,0.0,0.0,0.0,0.0,0.0,0.0,0.0,0.0,0.0,0.0,0.0,0.0,0.0,0.0,1.0,0.0,0.0,0.0,0.0,0.0,0.0,0.0,0.0,0.0,0.0,0.0,0.0,0.0,0.0,0.0,0.0,0.0,0.0
980642.41,901045,1149.2,106242798.7,205934.9061,0.085,78.42,25.11076923076923,0.0176813861538461,5.720000000000001,47.98097842397648,0.8400000000000001,37.79454528643542,276.66856247337506,0.1589075603192284,11,3,0.0,0.0,0.0,1.0,0.0,0.0,0.0,0.0,0.0,0.0,0.0,0.0,0.0,0.0,1.0,0.0,0.0,0.0,0.0,0.0,0.0,0.0,0.0,0.0,0.0,0.0,0.0,0.0,0.0,0.0,0.0,0.0,0.0
320822.0,653044,1612.9,34757855.48,67372.62,0.20372222220000002,49.45,25.67,0.0168817846153846,5.720000000000001,45.72417437858732,0.8400000000000001,37.82426051759237,233.4609461087193,0.470621042295468,9,12,0.0,0.0,0.0,0.0,0.0,0.0,0.0,0.0,0.0,0.0,0.0,0.0,0.0,0.0,0.0,0.0,0.0,0.0,0.0,0.0,0.0,0.0,0.0,0.0,0.0,0.0,0.0,0.0,0.0,0.0,0.0,0.0,1.0
1376387.0,4257111,1612.9,149117767.6,289041.27,0.2857777778,49.45,25.67,0.0168817846153846,5.720000000000001,48.83606508244711,0.8400000000000001,15.36544644219414,277.7857797422368,0.56395525304473,3,6,0.0,0.0,1.0,0.0,0.0,0.0,0.0,0.0,0.0,0.0,0.0,0.0,0.0,0.0,0.0,0.0,0.0,0.0,0.0,0.0,0.0,0.0,0.0,0.0,0.0,0.0,0.0,0.0,0.0,0.0,0.0,0.0,1.0
4086404.0,9974734,1612.9,442721009.4,858144.84,0.23361111110000002,100.15,25.81384615384616,0.0168257353846153,5.720000000000001,45.24737594792422,0.8400000000000001,11.801573285922665,242.2290981205527,0.3880321730121406,11,3,0.0,0.0,0.0,1.0,0.0,0.0,0.0,0.0,0.0,0.0,0.0,0.0,0.0,0.0,0.0,0.0,0.0,0.0,0.0,0.0,0.0,0.0,0.0,0.0,0.0,0.0,0.0,0.0,0.0,0.0,0.0,0.0,1.0
533233.0,503448,907.8,63945301.36,111978.93,0.0962666667,28.31,26.77846153846154,0.0177948276923076,5.720000000000001,45.68365988182322,0.8400000000000001,20.703224888823037,211.0474714784634,0.4975944480883513,9,12,0.0,0.0,0.0,0.0,0.0,0.0,1.0,0.0,0.0,0.0,0.0,0.0,0.0,0.0,0.0,0.0,0.0,0.0,0.0,0.0,0.0,0.0,0.0,0.0,0.0,0.0,0.0,0.0,0.0,0.0,0.0,0.0,0.0
113251.0,182827,907.8,13581059.92,23782.71,0.1304583333,28.31,26.77846153846154,0.0177948276923076,5.720000000000001,49.71914472550147,0.8400000000000001,14.189716995237983,261.9417165734094,0.611088674444765,3,6,0.0,0.0,1.0,0.0,0.0,0.0,1.0,0.0,0.0,0.0,0.0,0.0,0.0,0.0,0.0,0.0,0.0,0.0,0.0,0.0,0.0,0.0,0.0,0.0,0.0,0.0,0.0,0.0,0.0,0.0,0.0,0.0,0.0
2604752.0,3023010,907.8,312361859.8,546997.92,0.1035263158,65.41,26.573461538461537,0.0177229384615384,5.720000000000001,50.30406544809903,0.8400000000000001,17.783326667038946,279.257641339924,0.4142626428578534,11,3,0.0,0.0,0.0,1.0,0.0,0.0,1.0,0.0,0.0,0.0,0.0,0.0,0.0,0.0,0.0,0.0,0.0,0.0,0.0,0.0,0.0,0.0,0.0,0.0,0.0,0.0,0.0,0.0,0.0,0.0,0.0,0.0,0.0
3854352.0,5267537,1292.7,462213891.8,809413.92,0.130375,56.08,26.05307692307692,0.0187706769230769,8.222222222222221,44.43855898127453,1.14,13.338278402056428,286.1188061983606,0.5094995214584133,6,10,1.0,0.0,0.0,0.0,0.0,0.0,0.0,1.0,0.0,0.0,0.0,0.0,0.0,0.0,0.0,0.0,0.0,0.0,0.0,0.0,0.0,0.0,0.0,0.0,0.0,0.0,0.0,0.0,0.0,0.0,0.0,0.0,0.0
7506.0,21092,653.1,900119.52,1576.26,0.281,25.61,25.42538461538462,0.0182048123076923,7.475,49.42110848568042,0.5666666666666667,23.435934788924605,249.3700150224888,0.3239558090343917,6,10,1.0,0.0,0.0,0.0,0.0,0.0,0.0,0.0,1.0,0.0,0.0,0.0,0.0,0.0,0.0,0.0,0.0,0.0,0.0,0.0,0.0,0.0,0.0,0.0,0.0,0.0,0.0,0.0,0.0,0.0,0.0,0.0,0.0
648300.0,1209300,942.4,77744136.0,136143.0,0.1843125,24.27,26.28923076923077,0.019959203076923,7.475,49.95619178787109,0.9446072796934866,23.999567429438503,239.36823198042484,0.4104442966119047,6,10,1.0,0.0,0.0,0.0,0.0,0.0,0.0,0.0,0.0,0.0,1.0,0.0,0.0,0.0,0.0,0.0,0.0,0.0,0.0,0.0,0.0,0.0,0.0,0.0,0.0,0.0,0.0,0.0,0.0,0.0,0.0,0.0,0.0
24600.0,74300,942.4,2950032.0,5166.0,0.3054444444,24.27,26.28923076923077,0.019959203076923,7.475,47.44279947559941,0.9446072796934866,22.1629547892957,165.2598635983161,0.6169884392593209,3,6,0.0,0.0,1.0,0.0,0.0,0.0,0.0,0.0,0.0,0.0,1.0,0.0,0.0,0.0,0.0,0.0,0.0,0.0,0.0,0.0,0.0,0.0,0.0,0.0,0.0,0.0,0.0,0.0,0.0,0.0,0.0,0.0,0.0
1046588.0,3194000,516.9,125506833.0,219783.48,0.2940526316,25.61,25.42538461538462,0.0182048123076923,7.475,47.47894538003713,0.5666666666666667,18.713338594555225,309.0427006461971,0.4712385200636088,6,10,1.0,0.0,0.0,0.0,0.0,0.0,0.0,0.0,0.0,0.0,0.0,1.0,0.0,0.0,0.0,0.0,0.0,0.0,0.0,0.0,0.0,0.0,0.0,0.0,0.0,0.0,0.0,0.0,0.0,0.0,0.0,0.0,0.0
79366.0,112139,1248.1,9517570.72,16666.86,0.1396363636,32.63,20.954615384615387,0.0165415015384615,6.5,49.08344267529559,0.7775,18.24841672160046,238.0022419418972,0.4731700309122111,6,10,1.0,0.0,0.0,0.0,0.0,0.0,0.0,0.0,0.0,0.0,0.0,0.0,1.0,0.0,0.0,0.0,0.0,0.0,0.0,0.0,0.0,0.0,0.0,0.0,0.0,0.0,0.0,0.0,0.0,0.0,0.0,0.0,0.0
1700446.0,1687475,1032.7,203917484.3,357093.66,0.0881041667,21.46,26.179230769230767,0.0186863815384615,7.475,46.4132419583182,0.5666666666666667,25.75804106706953,222.97970462723737,0.4156490916386886,6,10,1.0,0.0,0.0,0.0,0.0,0.0,0.0,0.0,0.0,0.0,0.0,0.0,0.0,0.0,0.0,0.0,0.0,1.0,0.0,0.0,0.0,0.0,0.0,0.0,0.0,0.0,0.0,0.0,0.0,0.0,0.0,0.0,0.0
1473700.0,2596800,1387.2,176726104.0,309477.0,0.1215666667,114.09,26.39153846153846,0.0188821107692307,7.475,50.07255218739747,0.9446072796934866,16.80607881827178,290.414323318137,0.3666937022831799,6,10,1.0,0.0,0.0,0.0,0.0,0.0,0.0,0.0,0.0,0.0,0.0,0.0,0.0,0.0,0.0,0.0,0.0,0.0,1.0,0.0,0.0,0.0,0.0,0.0,0.0,0.0,0.0,0.0,0.0,0.0,0.0,0.0,0.0
38800.0,72200,1387.2,4652896.0,8148.0,0.20070000000000002,114.09,26.39153846153846,0.0188821107692307,7.475,44.63591207185926,0.9446072796934866,10.441199707128357,115.20747327873816,0.6844996411109066,3,6,0.0,0.0,1.0,0.0,0.0,0.0,0.0,0.0,0.0,0.0,0.0,0.0,0.0,0.0,0.0,0.0,0.0,0.0,1.0,0.0,0.0,0.0,0.0,0.0,0.0,0.0,0.0,0.0,0.0,0.0,0.0,0.0,0.0
155500.0,261300,1568.6,18647560.0,32655.0,0.16425,50.7,25.957692307692305,0.0167696861538461,5.720000000000001,48.71666495307919,0.8400000000000001,25.962704464705187,291.9749951815603,0.2919246877551434,6,10,1.0,0.0,0.0,0.0,0.0,0.0,0.0,0.0,0.0,0.0,0.0,0.0,0.0,0.0,0.0,0.0,0.0,0.0,0.0,0.0,0.0,0.0,1.0,0.0,0.0,0.0,0.0,0.0,0.0,0.0,0.0,0.0,0.0
900.0,1800,1568.6,107928.0,189.0,0.20600000000000002,105.11,25.93230769230769,0.0167121138461538,5.720000000000001,44.34012689840906,0.8400000000000001,15.167657064377911,319.55937721448106,0.4961154548710172,10,4,0.0,1.0,0.0,0.0,0.0,0.0,0.0,0.0,0.0,0.0,0.0,0.0,0.0,0.0,0.0,0.0,0.0,0.0,0.0,0.0,0.0,0.0,1.0,0.0,0.0,0.0,0.0,0.0,0.0,0.0,0.0,0.0,0.0
2642000.0,10193000,566.7,316828640.0,554820.0,0.38205882350000003,22.23,25.09846153846153,0.0179041846153846,6.5,45.836926486735145,0.7775,21.2994028496396,235.20838535243917,0.6985473080538176,6,10,1.0,0.0,0.0,0.0,0.0,0.0,0.0,0.0,0.0,0.0,0.0,0.0,0.0,0.0,0.0,0.0,0.0,0.0,0.0,0.0,0.0,0.0,0.0,0.0,0.0,1.0,0.0,0.0,0.0,0.0,0.0,0.0,0.0
253067.0,602947,1765.9,30347794.64,53144.07,0.23050000000000004,70.55,25.220769230769232,0.0171431999999999,5.720000000000001,47.71489806232988,0.8400000000000001,19.306635354749865,249.82697980080283,0.8197347110464628,6,10,1.0,0.0,0.0,0.0,0.0,0.0,0.0,0.0,0.0,0.0,0.0,0.0,0.0,0.0,0.0,0.0,0.0,0.0,0.0,0.0,0.0,0.0,0.0,0.0,0.0,0.0,0.0,0.0,0.0,1.0,0.0,0.0,0.0
275459.0,526520,1353.3,33033043.28,57846.39,0.16200000000000003,43.42,24.606923076923074,0.0180122953846153,5.720000000000001,48.20735950655568,0.8400000000000001,29.05792844662823,252.5745414836244,0.6865133466483451,6,10,1.0,0.0,0.0,0.0,0.0,0.0,0.0,0.0,0.0,0.0,0.0,0.0,0.0,0.0,0.0,0.0,0.0,0.0,0.0,0.0,0.0,0.0,0.0,0.0,0.0,0.0,0.0,0.0,0.0,0.0,0.0,1.0,0.0
8971.0,42646,1353.3,1075802.32,1883.91,0.389,43.42,24.606923076923074,0.0180122953846153,5.720000000000001,44.95728316576528,0.8400000000000001,24.96122710431105,288.0944143445938,0.7806579762461434,3,6,0.0,0.0,1.0,0.0,0.0,0.0,0.0,0.0,0.0,0.0,0.0,0.0,0.0,0.0,0.0,0.0,0.0,0.0,0.0,0.0,0.0,0.0,0.0,0.0,0.0,0.0,0.0,0.0,0.0,0.0,0.0,1.0,0.0
149362.86,77860,965.2,17911594.17,31366.2006,0.055785714300000004,34.49,25.48846153846154,0.0175477846153846,5.720000000000001,47.91313696957624,0.8400000000000001,36.85947184938779,202.9047393884808,0.5051592103971564,9,12,0.0,0.0,0.0,0.0,0.0,0.0,0.0,0.0,0.0,0.0,0.0,0.0,0.0,0.0,1.0,0.0,0.0,0.0,0.0,0.0,0.0,0.0,0.0,0.0,0.0,0.0,0.0,0.0,0.0,0.0,0.0,0.0,0.0
954735.25,536165,965.2,114491851.2,200494.4025,0.05313636360000001,91.61,25.336153846153845,0.0174900876923076,5.720000000000001,47.5376222153147,0.8400000000000001,27.364986173304967,266.0451487121821,0.465042540850759,11,3,0.0,0.0,0.0,1.0,0.0,0.0,0.0,0.0,0.0,0.0,0.0,0.0,0.0,0.0,1.0,0.0,0.0,0.0,0.0,0.0,0.0,0.0,0.0,0.0,0.0,0.0,0.0,0.0,0.0,0.0,0.0,0.0,0.0
517983.0,530242,1052.8,66151608.93,113956.26,0.0962413793,37.1,26.36846153846154,0.0176510492307692,5.720000000000001,46.35648726860807,0.8400000000000001,23.30866412928845,286.40342645592665,0.6320982851507567,9,12,0.0,0.0,0.0,0.0,0.0,0.0,1.0,0.0,0.0,0.0,0.0,0.0,0.0,0.0,0.0,0.0,0.0,0.0,0.0,0.0,0.0,0.0,0.0,0.0,0.0,0.0,0.0,0.0,0.0,0.0,0.0,0.0,0.0
109436.0,163989,1052.8,13976071.56,24075.92,0.14517391300000002,37.1,26.36846153846154,0.0176510492307692,5.720000000000001,48.91974034597538,0.8400000000000001,18.792277657847844,218.6755855690826,0.235160866703309,3,6,0.0,0.0,1.0,0.0,0.0,0.0,1.0,0.0,0.0,0.0,0.0,0.0,0.0,0.0,0.0,0.0,0.0,0.0,0.0,0.0,0.0,0.0,0.0,0.0,0.0,0.0,0.0,0.0,0.0,0.0,0.0,0.0,0.0
2736591.0,4333716,1052.8,349490036.6,602050.02,0.1482702703,85.82,25.93307692307692,0.0173964184615384,5.720000000000001,46.24002815548341,0.8400000000000001,17.281267724627014,210.74346806964215,0.7253869837041903,11,3,0.0,0.0,0.0,1.0,0.0,0.0,1.0,0.0,0.0,0.0,0.0,0.0,0.0,0.0,0.0,0.0,0.0,0.0,0.0,0.0,0.0,0.0,0.0,0.0,0.0,0.0,0.0,0.0,0.0,0.0,0.0,0.0,0.0
3905319.0,5441525,1317.2,498748289.5,859170.18,0.12472222220000001,42.3,25.84692307692308,0.0188958461538461,8.222222222222221,48.93592053210299,1.14,12.17711910059108,245.6869948512804,0.5415127555935438,6,10,1.0,0.0,0.0,0.0,0.0,0.0,0.0,1.0,0.0,0.0,0.0,0.0,0.0,0.0,0.0,0.0,0.0,0.0,0.0,0.0,0.0,0.0,0.0,0.0,0.0,0.0,0.0,0.0,0.0,0.0,0.0,0.0,0.0
7381.0,20815,462.7,942627.51,1623.82,0.282,23.0,26.35923076923077,0.0180833538461538,7.475,50.46292969884473,0.5666666666666667,44.75873796562757,212.09552685305607,0.3161946005336938,6,10,1.0,0.0,0.0,0.0,0.0,0.0,0.0,0.0,1.0,0.0,0.0,0.0,0.0,0.0,0.0,0.0,0.0,0.0,0.0,0.0,0.0,0.0,0.0,0.0,0.0,0.0,0.0,0.0,0.0,0.0,0.0,0.0,0.0
655600.0,1045200,1056.2,83726676.0,144232.0,0.1601875,27.7,26.606153846153845,0.0198714461538461,7.475,48.76609146583509,0.9446072796934866,29.076450507921344,322.26274640471195,0.6825032182471115,6,10,1.0,0.0,0.0,0.0,0.0,0.0,0.0,0.0,0.0,0.0,1.0,0.0,0.0,0.0,0.0,0.0,0.0,0.0,0.0,0.0,0.0,0.0,0.0,0.0,0.0,0.0,0.0,0.0,0.0,0.0,0.0,0.0,0.0
33700.0,96000,1056.2,4303827.0,7414.0,0.2855555556,27.7,26.606153846153845,0.0198714461538461,7.475,50.04640806035683,0.9446072796934866,41.83452712677092,261.67113963262204,0.5950107573186122,3,6,0.0,0.0,1.0,0.0,0.0,0.0,0.0,0.0,0.0,0.0,1.0,0.0,0.0,0.0,0.0,0.0,0.0,0.0,0.0,0.0,0.0,0.0,0.0,0.0,0.0,0.0,0.0,0.0,0.0,0.0,0.0,0.0,0.0
1042036.0,3371000,329.3,133078417.6,229247.92,0.28545,23.0,26.35923076923077,0.0180833538461538,7.475,47.30802963818213,0.5666666666666667,15.547204453113022,243.80671866675704,0.5468234436089616,6,10,1.0,0.0,0.0,0.0,0.0,0.0,0.0,0.0,0.0,0.0,0.0,1.0,0.0,0.0,0.0,0.0,0.0,0.0,0.0,0.0,0.0,0.0,0.0,0.0,0.0,0.0,0.0,0.0,0.0,0.0,0.0,0.0,0.0
79206.0,123485,1207.0,10115398.26,17425.32,0.17509090910000003,30.14,21.72307692307692,0.01650132,6.5,49.94829153677773,0.7775,20.620628843071422,310.47914672544306,0.5676819815335085,6,10,1.0,0.0,0.0,0.0,0.0,0.0,0.0,0.0,0.0,0.0,0.0,0.0,1.0,0.0,0.0,0.0,0.0,0.0,0.0,0.0,0.0,0.0,0.0,0.0,0.0,0.0,0.0,0.0,0.0,0.0,0.0,0.0,0.0
1674013.0,1389269,1072.3,213788200.2,368282.86,0.0856666667,18.86,27.24307692307692,0.0186407169230769,7.475,47.28119473563167,0.5666666666666667,11.158709283562574,311.09726415623504,0.4143781854138451,6,10,1.0,0.0,0.0,0.0,0.0,0.0,0.0,0.0,0.0,0.0,0.0,0.0,0.0,0.0,0.0,0.0,0.0,1.0,0.0,0.0,0.0,0.0,0.0,0.0,0.0,0.0,0.0,0.0,0.0,0.0,0.0,0.0,0.0
1491300.0,2488600,1439.4,190453923.0,328086.0,0.11663333330000002,118.85,26.65230769230769,0.0184672523076923,7.475,49.56730741478129,0.9446072796934866,17.095095025405666,175.28759360798125,0.5838002288558413,6,10,1.0,0.0,0.0,0.0,0.0,0.0,0.0,0.0,0.0,0.0,0.0,0.0,0.0,0.0,0.0,0.0,0.0,0.0,1.0,0.0,0.0,0.0,0.0,0.0,0.0,0.0,0.0,0.0,0.0,0.0,0.0,0.0,0.0
38000.0,81100,1439.4,4852980.0,8360.0,0.21760000000000002,118.85,26.65230769230769,0.0184672523076923,7.475,48.130154794462,0.9446072796934866,24.69411109531981,288.1701725288776,0.738281446285613,3,6,0.0,0.0,1.0,0.0,0.0,0.0,0.0,0.0,0.0,0.0,0.0,0.0,0.0,0.0,0.0,0.0,0.0,0.0,1.0,0.0,0.0,0.0,0.0,0.0,0.0,0.0,0.0,0.0,0.0,0.0,0.0,0.0,0.0
163680.0,261920,1362.5,20903572.8,36009.6,0.1595,54.41,25.90692307692308,0.0166545415384615,5.720000000000001,50.47044592290845,0.8400000000000001,29.8207478426844,261.63084057576737,0.417014996486011,6,10,1.0,0.0,0.0,0.0,0.0,0.0,0.0,0.0,0.0,0.0,0.0,0.0,0.0,0.0,0.0,0.0,0.0,0.0,0.0,0.0,0.0,0.0,1.0,0.0,0.0,0.0,0.0,0.0,0.0,0.0,0.0,0.0,0.0
1000.0,1600,1362.5,127710.0,220.0,0.1605,124.11,25.68653846153846,0.0166144569230769,5.720000000000001,48.08176426069625,0.8400000000000001,16.33890022935583,177.01310887964462,0.774895884085129,10,4,0.0,1.0,0.0,0.0,0.0,0.0,0.0,0.0,0.0,0.0,0.0,0.0,0.0,0.0,0.0,0.0,0.0,0.0,0.0,0.0,0.0,0.0,1.0,0.0,0.0,0.0,0.0,0.0,0.0,0.0,0.0,0.0,0.0
2621000.0,10138000,569.6,334727910.0,576620.0,0.375,28.47,25.51923076923077,0.0176666123076923,6.5,47.17397154197684,0.7775,9.078882927092408,249.28444900467383,0.4729163752261924,6,10,1.0,0.0,0.0,0.0,0.0,0.0,0.0,0.0,0.0,0.0,0.0,0.0,0.0,0.0,0.0,0.0,0.0,0.0,0.0,0.0,0.0,0.0,0.0,0.0,0.0,1.0,0.0,0.0,0.0,0.0,0.0,0.0,0.0
250939.0,628200,1764.3,32047419.69,55206.58,0.24225,64.25,25.524615384615384,0.0174174369230769,5.720000000000001,48.77979587459783,0.8400000000000001,33.00919942095693,261.83679223774067,0.4084974577750809,6,10,1.0,0.0,0.0,0.0,0.0,0.0,0.0,0.0,0.0,0.0,0.0,0.0,0.0,0.0,0.0,0.0,0.0,0.0,0.0,0.0,0.0,0.0,0.0,0.0,0.0,0.0,0.0,0.0,0.0,1.0,0.0,0.0,0.0
5902577.0,11082993,590.5,753818108.7,1298566.94,0.18460000000000001,23.0,26.35923076923077,0.0180833538461538,7.475,47.62116043581522,0.5666666666666667,12.586103776439474,182.33127766720423,0.6479777717002151,6,10,1.0,0.0,0.0,0.0,0.0,0.0,0.0,0.0,0.0,0.0,0.0,0.0,0.0,0.0,0.0,0.0,0.0,0.0,0.0,0.0,0.0,0.0,0.0,0.0,0.0,0.0,0.0,0.0,0.0,0.0,1.0,0.0,0.0
18175.0,40620,590.5,2321129.25,3998.5,0.1995,23.0,26.35923076923077,0.0180833538461538,7.475,46.844403543487765,0.5666666666666667,45.64036012339662,275.89205346525443,0.4614473485129394,3,6,0.0,0.0,1.0,0.0,0.0,0.0,0.0,0.0,0.0,0.0,0.0,0.0,0.0,0.0,0.0,0.0,0.0,0.0,0.0,0.0,0.0,0.0,0.0,0.0,0.0,0.0,0.0,0.0,0.0,0.0,1.0,0.0,0.0
273662.0,540128,1178.9,34949374.02,60205.64,0.1645384615,33.96,25.25769230769231,0.0181615846153846,5.720000000000001,44.57314282494151,0.8400000000000001,23.59443706279285,261.2285152898197,0.4969417483942125,6,10,1.0,0.0,0.0,0.0,0.0,0.0,0.0,0.0,0.0,0.0,0.0,0.0,0.0,0.0,0.0,0.0,0.0,0.0,0.0,0.0,0.0,0.0,0.0,0.0,0.0,0.0,0.0,0.0,0.0,0.0,0.0,1.0,0.0
9923.0,31208,1178.9,1267266.33,2183.06,0.3145,81.79,24.86730769230769,0.0178735153846153,5.720000000000001,44.306342832594176,0.8400000000000001,34.5427365595282,246.19069147334017,0.3312521560468253,10,4,0.0,1.0,0.0,0.0,0.0,0.0,0.0,0.0,0.0,0.0,0.0,0.0,0.0,0.0,0.0,0.0,0.0,0.0,0.0,0.0,0.0,0.0,0.0,0.0,0.0,0.0,0.0,0.0,0.0,0.0,0.0,1.0,0.0
183635.05,254351,1465.1,23452032.24,40399.711,0.1274545455,57.12,25.183846153846154,0.0174323907692307,5.720000000000001,44.65296722273035,0.8400000000000001,33.13754258818846,219.23158964971208,0.4042122378941873,9,12,0.0,0.0,0.0,0.0,0.0,0.0,0.0,0.0,0.0,0.0,0.0,0.0,0.0,0.0,1.0,0.0,0.0,0.0,0.0,0.0,0.0,0.0,0.0,0.0,0.0,0.0,0.0,0.0,0.0,0.0,0.0,0.0,0.0
995583.37,1175595,1465.1,127145952.2,219028.3414,0.1208181818,116.86,24.814615384615383,0.0173721738461538,5.720000000000001,46.284701361532704,0.8400000000000001,23.831206148811624,264.35446518578493,0.3897180448059427,11,3,0.0,0.0,0.0,1.0,0.0,0.0,0.0,0.0,0.0,0.0,0.0,0.0,0.0,0.0,1.0,0.0,0.0,0.0,0.0,0.0,0.0,0.0,0.0,0.0,0.0,0.0,0.0,0.0,0.0,0.0,0.0,0.0,0.0
2578000.0,8191000,1004.2,343905200.0,412480.0,0.3094545455,37.91,27.43769230769231,0.0185593569230769,5.933333333333334,45.31962054761487,0.9446072796934866,28.316298370252653,190.81785914160372,0.3552204355386186,6,10,1.0,0.0,0.0,0.0,0.0,0.0,0.0,0.0,0.0,0.0,0.0,0.0,0.0,0.0,0.0,0.0,0.0,0.0,0.0,0.0,0.0,0.0,0.0,0.0,0.0,0.0,0.0,0.0,0.0,0.0,0.0,0.0,0.0
1406000.0,5133000,1004.2,187560400.0,224960.0,0.3159090909,78.98,27.575384615384618,0.0185545523076923,5.933333333333334,45.45730649219007,0.9446072796934866,20.96953660843887,187.05032689444224,0.3700387287599868,10,4,0.0,1.0,0.0,0.0,0.0,0.0,0.0,0.0,0.0,0.0,0.0,0.0,0.0,0.0,0.0,0.0,0.0,0.0,0.0,0.0,0.0,0.0,0.0,0.0,0.0,0.0,0.0,0.0,0.0,0.0,0.0,0.0,0.0
524266.0,318517,1600.2,69937084.4,83882.56,0.061700000000000005,48.72,25.49769230769231,0.0171417876923076,5.720000000000001,46.758064689874445,0.8400000000000001,43.720999748465466,282.6714516968298,0.772102933856232,9,12,0.0,0.0,0.0,0.0,0.0,0.0,1.0,0.0,0.0,0.0,0.0,0.0,0.0,0.0,0.0,0.0,0.0,0.0,0.0,0.0,0.0,0.0,0.0,0.0,0.0,0.0,0.0,0.0,0.0,0.0,0.0,0.0,0.0
110440.0,172291,1600.2,14732696.0,17670.4,0.14166666670000003,48.72,25.49769230769231,0.0171417876923076,5.720000000000001,46.82150568660127,0.8400000000000001,24.65213581618878,172.34089195262536,0.1951668244280618,3,6,0.0,0.0,1.0,0.0,0.0,0.0,1.0,0.0,0.0,0.0,0.0,0.0,0.0,0.0,0.0,0.0,0.0,0.0,0.0,0.0,0.0,0.0,0.0,0.0,0.0,0.0,0.0,0.0,0.0,0.0,0.0,0.0,0.0
2842665.0,3967956,1600.2,379211511.0,454826.4,0.1260789474,104.57,25.32192307692308,0.0171745476923076,5.720000000000001,48.125725061696606,0.8400000000000001,19.08148357075613,277.5103321170833,0.5038770906525429,11,3,0.0,0.0,0.0,1.0,0.0,0.0,1.0,0.0,0.0,0.0,0.0,0.0,0.0,0.0,0.0,0.0,0.0,0.0,0.0,0.0,0.0,0.0,0.0,0.0,0.0,0.0,0.0,0.0,0.0,0.0,0.0,0.0,0.0
3902881.0,5634972,1246.2,520644325.4,624460.96,0.1393888889,53.26,26.013076923076923,0.0189941815384615,8.222222222222221,47.21765001441002,1.14,47.677134540206495,256.3344945248074,0.392313544035401,6,10,1.0,0.0,0.0,0.0,0.0,0.0,0.0,1.0,0.0,0.0,0.0,0.0,0.0,0.0,0.0,0.0,0.0,0.0,0.0,0.0,0.0,0.0,0.0,0.0,0.0,0.0,0.0,0.0,0.0,0.0,0.0,0.0,0.0
726000.0,1376300,1021.6,96848400.0,116160.0,0.18325000000000002,40.49,26.607692307692307,0.0198455815384615,7.475,45.26123459229874,0.9446072796934866,14.023184044275094,231.92699959002675,0.3135160173659477,6,10,1.0,0.0,0.0,0.0,0.0,0.0,0.0,0.0,0.0,0.0,1.0,0.0,0.0,0.0,0.0,0.0,0.0,0.0,0.0,0.0,0.0,0.0,0.0,0.0,0.0,0.0,0.0,0.0,0.0,0.0,0.0,0.0,0.0
32600.0,97900,1021.6,4348840.0,5216.0,0.3043333333,40.49,26.607692307692307,0.0198455815384615,7.475,44.88910232677825,0.9446072796934866,24.0760056712179,157.16213801699905,0.4503004687645192,3,6,0.0,0.0,1.0,0.0,0.0,0.0,0.0,0.0,0.0,0.0,1.0,0.0,0.0,0.0,0.0,0.0,0.0,0.0,0.0,0.0,0.0,0.0,0.0,0.0,0.0,0.0,0.0,0.0,0.0,0.0,0.0,0.0,0.0
1072545.0,3606000,443.8,143077503.0,171607.2,0.3191578947,28.87,25.70230769230769,0.0177806769230769,7.475,49.795596628948985,0.5666666666666667,22.403756732734703,209.2201732484193,0.4466136568116994,6,10,1.0,0.0,0.0,0.0,0.0,0.0,0.0,0.0,0.0,0.0,0.0,1.0,0.0,0.0,0.0,0.0,0.0,0.0,0.0,0.0,0.0,0.0,0.0,0.0,0.0,0.0,0.0,0.0,0.0,0.0,0.0,0.0,0.0
78571.0,121453,1095.4,10481371.4,12571.36,0.1686363636,33.11,21.365384615384617,0.0171016061538461,6.5,47.71542369473434,0.7775,20.616634362401516,226.7292887254744,0.3754496520264536,6,10,1.0,0.0,0.0,0.0,0.0,0.0,0.0,0.0,0.0,0.0,0.0,0.0,1.0,0.0,0.0,0.0,0.0,0.0,0.0,0.0,0.0,0.0,0.0,0.0,0.0,0.0,0.0,0.0,0.0,0.0,0.0,0.0,0.0
1634912.0,1325175,740.4,218097260.8,261585.92,0.08750000000000001,18.82,26.73692307692308,0.0184127538461538,7.475,48.11111363994272,0.5666666666666667,23.31782294411661,301.17603758569413,0.3549940686213774,6,10,1.0,0.0,0.0,0.0,0.0,0.0,0.0,0.0,0.0,0.0,0.0,0.0,0.0,0.0,0.0,0.0,0.0,1.0,0.0,0.0,0.0,0.0,0.0,0.0,0.0,0.0,0.0,0.0,0.0,0.0,0.0,0.0,0.0
1535300.0,2912800,1257.2,204809020.0,245648.0,0.13772413790000002,95.7,26.84846153846153,0.0187363661538461,7.475,46.72990722033348,0.9446072796934866,39.84203173164424,250.74186858645223,0.2712924740840246,6,10,1.0,0.0,0.0,0.0,0.0,0.0,0.0,0.0,0.0,0.0,0.0,0.0,0.0,0.0,0.0,0.0,0.0,0.0,1.0,0.0,0.0,0.0,0.0,0.0,0.0,0.0,0.0,0.0,0.0,0.0,0.0,0.0,0.0
41400.0,98700,1257.2,5522760.0,6624.0,0.24860000000000004,95.7,26.84846153846153,0.0187363661538461,7.475,47.5947015816119,0.9446072796934866,17.93834163888633,248.2607782778436,0.6056002081029392,3,6,0.0,0.0,1.0,0.0,0.0,0.0,0.0,0.0,0.0,0.0,0.0,0.0,0.0,0.0,0.0,0.0,0.0,0.0,1.0,0.0,0.0,0.0,0.0,0.0,0.0,0.0,0.0,0.0,0.0,0.0,0.0,0.0,0.0
32604.0,37918,4702.0,4349373.6,5216.64,0.14985714290000002,97.14,18.84,0.0152226276923076,5.720000000000001,45.81748680747491,0.8400000000000001,28.59981792954618,236.42117517232197,0.6447794084504901,9,12,0.0,0.0,0.0,0.0,0.0,0.0,0.0,0.0,0.0,0.0,0.0,0.0,0.0,0.0,0.0,0.0,0.0,0.0,0.0,0.0,1.0,0.0,0.0,0.0,0.0,0.0,0.0,0.0,0.0,0.0,0.0,0.0,0.0
11546.0,48132,4702.0,1540236.4,1847.36,0.2022857143,97.14,18.84,0.0152226276923076,5.720000000000001,48.82452672709359,0.8400000000000001,10.215148194251269,265.84056942563063,0.4274430993080418,3,6,0.0,0.0,1.0,0.0,0.0,0.0,0.0,0.0,0.0,0.0,0.0,0.0,0.0,0.0,0.0,0.0,0.0,0.0,0.0,0.0,1.0,0.0,0.0,0.0,0.0,0.0,0.0,0.0,0.0,0.0,0.0,0.0,0.0
62170.0,114027,4702.0,8293478.0,9947.2,0.1812857143,172.92000000000002,18.89076923076923,0.0152643876923076,5.720000000000001,44.259299844468494,0.8400000000000001,38.13514664305315,242.05527516771767,0.5552954434295054,11,3,0.0,0.0,0.0,1.0,0.0,0.0,0.0,0.0,0.0,0.0,0.0,0.0,0.0,0.0,0.0,0.0,0.0,0.0,0.0,0.0,1.0,0.0,0.0,0.0,0.0,0.0,0.0,0.0,0.0,0.0,0.0,0.0,0.0
166000.0,308800,1769.0,22144400.0,26560.0,0.18275,69.7,25.466153846153848,0.0165743723076923,5.720000000000001,46.95458422388397,0.8400000000000001,11.337735700706672,306.9604260880496,0.7118962654929276,6,10,1.0,0.0,0.0,0.0,0.0,0.0,0.0,0.0,0.0,0.0,0.0,0.0,0.0,0.0,0.0,0.0,0.0,0.0,0.0,0.0,0.0,0.0,1.0,0.0,0.0,0.0,0.0,0.0,0.0,0.0,0.0,0.0,0.0
1500.0,2500,1769.0,200100.0,240.0,0.166,125.13,25.385,0.0165675738461538,5.720000000000001,45.76098855050599,0.8400000000000001,32.50596901410611,167.68886316817714,0.3935519239505091,10,4,0.0,1.0,0.0,0.0,0.0,0.0,0.0,0.0,0.0,0.0,0.0,0.0,0.0,0.0,0.0,0.0,0.0,0.0,0.0,0.0,0.0,0.0,1.0,0.0,0.0,0.0,0.0,0.0,0.0,0.0,0.0,0.0,0.0
2610000.0,10489000,527.2,348174000.0,417600.0,0.39680000000000004,21.18,25.57230769230769,0.0181265538461538,6.5,46.019684477383336,0.7775,28.87601122705075,273.1792299876855,0.4226707173377651,6,10,1.0,0.0,0.0,0.0,0.0,0.0,0.0,0.0,0.0,0.0,0.0,0.0,0.0,0.0,0.0,0.0,0.0,0.0,0.0,0.0,0.0,0.0,0.0,0.0,0.0,1.0,0.0,0.0,0.0,0.0,0.0,0.0,0.0
252897.0,640424,2831.8,33736459.8,40463.52,0.24375000000000002,97.27,24.77230769230769,0.0167897353846153,5.720000000000001,48.87501332845543,0.8400000000000001,16.70448065695324,235.2492837377669,0.7324858079204338,6,10,1.0,0.0,0.0,0.0,0.0,0.0,0.0,0.0,0.0,0.0,0.0,0.0,0.0,0.0,0.0,0.0,0.0,0.0,0.0,0.0,0.0,0.0,0.0,0.0,0.0,0.0,0.0,0.0,0.0,1.0,0.0,0.0,0.0
5690539.0,11731754,672.9,759117902.6,910486.24,0.1962,28.87,25.70230769230769,0.0177806769230769,7.475,49.80455315567215,0.5666666666666667,13.07502387372424,324.2623996569212,0.5903371738569414,6,10,1.0,0.0,0.0,0.0,0.0,0.0,0.0,0.0,0.0,0.0,0.0,0.0,0.0,0.0,0.0,0.0,0.0,0.0,0.0,0.0,0.0,0.0,0.0,0.0,0.0,0.0,0.0,0.0,0.0,0.0,1.0,0.0,0.0
18849.0,48358,672.9,2514456.6,3015.84,0.2152142857,28.87,25.70230769230769,0.0177806769230769,7.475,48.669431317807465,0.5666666666666667,9.36866229326192,317.28666105265984,0.6607236002006509,3,6,0.0,0.0,1.0,0.0,0.0,0.0,0.0,0.0,0.0,0.0,0.0,0.0,0.0,0.0,0.0,0.0,0.0,0.0,0.0,0.0,0.0,0.0,0.0,0.0,0.0,0.0,0.0,0.0,0.0,0.0,1.0,0.0,0.0
259805.0,523203,1924.3,34657987.0,41568.8,0.1709230769,47.83,24.476923076923075,0.0175854461538461,5.720000000000001,45.88806088127404,0.8400000000000001,19.53910032085189,253.9213280186177,0.6101094965910584,6,10,1.0,0.0,0.0,0.0,0.0,0.0,0.0,0.0,0.0,0.0,0.0,0.0,0.0,0.0,0.0,0.0,0.0,0.0,0.0,0.0,0.0,0.0,0.0,0.0,0.0,0.0,0.0,0.0,0.0,0.0,0.0,1.0,0.0
12364.0,41864,1924.3,1649357.6,1978.24,0.34233333330000004,47.83,24.476923076923075,0.0175854461538461,5.720000000000001,47.1642999205628,0.8400000000000001,20.64254939419276,183.6190315402085,0.4792741474306666,3,6,0.0,0.0,1.0,0.0,0.0,0.0,0.0,0.0,0.0,0.0,0.0,0.0,0.0,0.0,0.0,0.0,0.0,0.0,0.0,0.0,0.0,0.0,0.0,0.0,0.0,0.0,0.0,0.0,0.0,0.0,0.0,1.0,0.0
183323.17,163692,1444.7,24455310.88,29331.7072,0.0899047619,59.74,24.44538461538462,0.0173119569230769,5.720000000000001,45.38308813912168,0.8400000000000001,28.52105270927781,206.61568448046475,0.1323258095917687,9,12,0.0,0.0,0.0,0.0,0.0,0.0,0.0,0.0,0.0,0.0,0.0,0.0,0.0,0.0,1.0,0.0,0.0,0.0,0.0,0.0,0.0,0.0,0.0,0.0,0.0,0.0,0.0,0.0,0.0,0.0,0.0,0.0,0.0
1014731.14,1306932,1444.7,135365134.1,162356.9824,0.1306363636,110.62,24.41538461538461,0.0171985707692307,5.720000000000001,45.00167989792444,0.8400000000000001,21.42057729579201,257.6293881109762,0.5941581683218836,11,3,0.0,0.0,0.0,1.0,0.0,0.0,0.0,0.0,0.0,0.0,0.0,0.0,0.0,0.0,1.0,0.0,0.0,0.0,0.0,0.0,0.0,0.0,0.0,0.0,0.0,0.0,0.0,0.0,0.0,0.0,0.0,0.0,0.0
546872.0,727414,1197.7,78224570.88,49218.48,0.12303448280000001,55.85,25.146153846153844,0.0172073076923076,6.5,46.443849017116285,0.7775,13.099379244996372,306.4464527081296,0.3062876615423249,9,12,0.0,0.0,0.0,0.0,0.0,0.0,1.0,0.0,0.0,0.0,0.0,0.0,0.0,0.0,0.0,0.0,0.0,0.0,0.0,0.0,0.0,0.0,0.0,0.0,0.0,0.0,0.0,0.0,0.0,0.0,0.0,0.0,0.0
105526.0,178240,1197.7,15094439.04,9497.34,0.16410000000000002,55.85,25.146153846153844,0.0172073076923076,6.5,45.8917067188102,0.7775,41.31827201776981,204.31653148344947,0.5153965329087047,3,6,0.0,0.0,1.0,0.0,0.0,0.0,1.0,0.0,0.0,0.0,0.0,0.0,0.0,0.0,0.0,0.0,0.0,0.0,0.0,0.0,0.0,0.0,0.0,0.0,0.0,0.0,0.0,0.0,0.0,0.0,0.0,0.0,0.0
2842875.0,4684328,1197.7,406644840.0,255858.75,0.1545789474,83.2,25.90192307692308,0.0175747015384615,6.5,45.43036436527321,0.7775,22.92453418113477,207.99000864815255,0.5318291582835161,11,3,0.0,0.0,0.0,1.0,0.0,0.0,1.0,0.0,0.0,0.0,0.0,0.0,0.0,0.0,0.0,0.0,0.0,0.0,0.0,0.0,0.0,0.0,0.0,0.0,0.0,0.0,0.0,0.0,0.0,0.0,0.0,0.0,0.0
3928815.0,4707499,1117.9,561977697.6,353593.35,0.1198333333,38.13,25.613076923076925,0.0186148246153846,8.222222222222221,45.61049002503734,1.14,36.38807889672296,257.33164453751687,0.3063697172994234,6,10,1.0,0.0,0.0,0.0,0.0,0.0,0.0,1.0,0.0,0.0,0.0,0.0,0.0,0.0,0.0,0.0,0.0,0.0,0.0,0.0,0.0,0.0,0.0,0.0,0.0,0.0,0.0,0.0,0.0,0.0,0.0,0.0,0.0
722100.0,1225500,746.1,103289184.0,64989.0,0.16152941180000002,23.04,26.386923076923075,0.0193910953846153,7.475,47.86226859492414,0.9446072796934866,16.854137687900877,275.6487817210087,0.0621932150619632,6,10,1.0,0.0,0.0,0.0,0.0,0.0,0.0,0.0,0.0,0.0,1.0,0.0,0.0,0.0,0.0,0.0,0.0,0.0,0.0,0.0,0.0,0.0,0.0,0.0,0.0,0.0,0.0,0.0,0.0,0.0,0.0,0.0,0.0
25200.0,77400,746.1,3604608.0,2268.0,0.29211111110000004,23.04,26.386923076923075,0.0193910953846153,7.475,48.85966073418519,0.9446072796934866,36.348324618296026,221.74690110886007,0.5255545460246013,3,6,0.0,0.0,1.0,0.0,0.0,0.0,0.0,0.0,0.0,0.0,1.0,0.0,0.0,0.0,0.0,0.0,0.0,0.0,0.0,0.0,0.0,0.0,0.0,0.0,0.0,0.0,0.0,0.0,0.0,0.0,0.0,0.0,0.0
1211149.0,3299000,715.6,173242753.0,109003.41,0.2569,32.73,24.957692307692305,0.0172231753846153,7.475,49.37863233259257,0.5666666666666667,29.9058211541482,276.29880011329726,0.2236257162411248,6,10,1.0,0.0,0.0,0.0,0.0,0.0,0.0,0.0,0.0,0.0,0.0,1.0,0.0,0.0,0.0,0.0,0.0,0.0,0.0,0.0,0.0,0.0,0.0,0.0,0.0,0.0,0.0,0.0,0.0,0.0,0.0,0.0,0.0
77709.0,118277,1357.1,11115495.36,6993.81,0.16000000000000003,53.93,20.443846153846152,0.0164235323076923,6.5,47.41172945685928,0.7775,18.36698127013725,298.61998016954107,0.4978466621651419,6,10,1.0,0.0,0.0,0.0,0.0,0.0,0.0,0.0,0.0,0.0,0.0,0.0,1.0,0.0,0.0,0.0,0.0,0.0,0.0,0.0,0.0,0.0,0.0,0.0,0.0,0.0,0.0,0.0,0.0,0.0,0.0,0.0,0.0
1706557.0,1571103,895.0,244105913.3,153590.13,0.0911020408,34.54,25.44,0.0177615692307692,7.475,44.34473025797158,0.5666666666666667,22.381826628440123,251.1422733911432,0.4795099833145015,6,10,1.0,0.0,0.0,0.0,0.0,0.0,0.0,0.0,0.0,0.0,0.0,0.0,0.0,0.0,0.0,0.0,0.0,1.0,0.0,0.0,0.0,0.0,0.0,0.0,0.0,0.0,0.0,0.0,0.0,0.0,0.0,0.0,0.0
1499500.0,2234300,1052.8,214488480.0,134955.0,0.1170740741,92.36,26.47615384615385,0.0186355384615384,7.475,48.17070348903743,0.9446072796934866,11.103578557402606,280.733473393941,0.7245912649905273,6,10,1.0,0.0,0.0,0.0,0.0,0.0,0.0,0.0,0.0,0.0,0.0,0.0,0.0,0.0,0.0,0.0,0.0,0.0,1.0,0.0,0.0,0.0,0.0,0.0,0.0,0.0,0.0,0.0,0.0,0.0,0.0,0.0,0.0
22000.0,53200,1052.8,3146880.0,1980.0,0.24211111110000003,92.36,26.47615384615385,0.0186355384615384,7.475,47.92335086379371,0.9446072796934866,27.801297721281017,209.15689014250185,0.6790245821182247,3,6,0.0,0.0,1.0,0.0,0.0,0.0,0.0,0.0,0.0,0.0,0.0,0.0,0.0,0.0,0.0,0.0,0.0,0.0,1.0,0.0,0.0,0.0,0.0,0.0,0.0,0.0,0.0,0.0,0.0,0.0,0.0,0.0,0.0
210990.0,518250,1134.8,30180009.6,18989.1,0.21344444440000002,40.42,20.995384615384616,0.0162480184615384,6.5,48.8616318745167,0.7775,43.46369682809438,269.5680721489807,0.3173116704511441,6,10,1.0,0.0,0.0,0.0,0.0,0.0,0.0,0.0,0.0,0.0,0.0,0.0,0.0,0.0,0.0,0.0,0.0,0.0,0.0,1.0,0.0,0.0,0.0,0.0,0.0,0.0,0.0,0.0,0.0,0.0,0.0,0.0,0.0
173100.0,345090,1540.9,24760224.0,15579.0,0.19645454550000002,55.43,25.303846153846152,0.0165607753846153,6.5,44.86732514926376,0.7775,28.986326321644373,247.470849548436,0.7854584121115196,6,10,1.0,0.0,0.0,0.0,0.0,0.0,0.0,0.0,0.0,0.0,0.0,0.0,0.0,0.0,0.0,0.0,0.0,0.0,0.0,0.0,0.0,0.0,1.0,0.0,0.0,0.0,0.0,0.0,0.0,0.0,0.0,0.0,0.0
2735000.0,11000000,691.3,391214400.0,246150.0,0.39855,33.410000000000004,24.795384615384613,0.0176725107692307,6.5,49.92583329196565,0.7775,29.38143865307283,253.31789097913483,0.7646223959110932,6,10,1.0,0.0,0.0,0.0,0.0,0.0,0.0,0.0,0.0,0.0,0.0,0.0,0.0,0.0,0.0,0.0,0.0,0.0,0.0,0.0,0.0,0.0,0.0,0.0,0.0,1.0,0.0,0.0,0.0,0.0,0.0,0.0,0.0
242966.0,627175,1827.8,34753856.64,21866.94,0.2525,54.11,25.17615384615385,0.0170988923076923,6.5,49.2971457599227,0.7775,28.589988786349124,291.60799806293613,0.8503419916681985,6,10,1.0,0.0,0.0,0.0,0.0,0.0,0.0,0.0,0.0,0.0,0.0,0.0,0.0,0.0,0.0,0.0,0.0,0.0,0.0,0.0,0.0,0.0,0.0,0.0,0.0,0.0,0.0,0.0,0.0,1.0,0.0,0.0,0.0
6011761.0,13051365,891.6,859922293.4,541058.49,0.21244285710000002,32.73,24.957692307692305,0.0172231753846153,7.475,44.632281935141805,0.5666666666666667,29.478231296490435,286.15334246279286,0.4611821433016788,6,10,1.0,0.0,0.0,0.0,0.0,0.0,0.0,0.0,0.0,0.0,0.0,0.0,0.0,0.0,0.0,0.0,0.0,0.0,0.0,0.0,0.0,0.0,0.0,0.0,0.0,0.0,0.0,0.0,0.0,0.0,1.0,0.0,0.0
21621.0,45666,891.6,3092667.84,1945.89,0.20950000000000002,32.73,24.957692307692305,0.0172231753846153,7.475,49.622425480073886,0.5666666666666667,16.38114121884489,282.9883142792365,0.2466015540189275,3,6,0.0,0.0,1.0,0.0,0.0,0.0,0.0,0.0,0.0,0.0,0.0,0.0,0.0,0.0,0.0,0.0,0.0,0.0,0.0,0.0,0.0,0.0,0.0,0.0,0.0,0.0,0.0,0.0,0.0,0.0,1.0,0.0,0.0
275711.0,528524,1363.7,39437701.44,24813.99,0.16276923080000003,55.17,24.05923076923077,0.016902083076923,6.5,50.59838163301599,0.7775,27.69518174941212,302.22114728489225,0.177002373291486,6,10,1.0,0.0,0.0,0.0,0.0,0.0,0.0,0.0,0.0,0.0,0.0,0.0,0.0,0.0,0.0,0.0,0.0,0.0,0.0,0.0,0.0,0.0,0.0,0.0,0.0,0.0,0.0,0.0,0.0,0.0,0.0,1.0,0.0
12654.0,39797,1363.7,1810028.16,1138.86,0.31000000000000005,55.17,24.05923076923077,0.016902083076923,6.5,47.63583731481493,0.7775,27.73355770555955,274.63350419478246,0.4467403555403759,3,6,0.0,0.0,1.0,0.0,0.0,0.0,0.0,0.0,0.0,0.0,0.0,0.0,0.0,0.0,0.0,0.0,0.0,0.0,0.0,0.0,0.0,0.0,0.0,0.0,0.0,0.0,0.0,0.0,0.0,0.0,0.0,1.0,0.0
188422.33,162674,1295.2,26951930.08,16958.0097,0.0868695652,50.88,24.385384615384616,0.0170851846153846,6.5,48.83736511273213,0.7775,17.177284343544862,203.43764291410315,0.5450266700394985,9,12,0.0,0.0,0.0,0.0,0.0,0.0,0.0,0.0,0.0,0.0,0.0,0.0,0.0,0.0,1.0,0.0,0.0,0.0,0.0,0.0,0.0,0.0,0.0,0.0,0.0,0.0,0.0,0.0,0.0,0.0,0.0,0.0,0.0
1008437.16,1333906,1295.2,144246851.4,90759.3444,0.13912500000000003,95.47,24.809615384615384,0.0174281538461538,6.5,46.40971557673727,0.7775,21.624310156532825,270.3178534743942,0.3264430365502434,11,3,0.0,0.0,0.0,1.0,0.0,0.0,0.0,0.0,0.0,0.0,0.0,0.0,0.0,0.0,1.0,0.0,0.0,0.0,0.0,0.0,0.0,0.0,0.0,0.0,0.0,0.0,0.0,0.0,0.0,0.0,0.0,0.0,0.0
525890.0,471321,889.3,81944179.8,89401.3,0.0905666667,27.35,26.657692307692308,0.0179420953846153,6.5,47.48755751178577,0.7775,36.67357367846124,247.43963022592092,0.5036292038148505,9,12,0.0,0.0,0.0,0.0,0.0,0.0,1.0,0.0,0.0,0.0,0.0,0.0,0.0,0.0,0.0,0.0,0.0,0.0,0.0,0.0,0.0,0.0,0.0,0.0,0.0,0.0,0.0,0.0,0.0,0.0,0.0,0.0,0.0
95682.0,176656,889.3,14909169.24,16265.94,0.14920833330000002,27.35,26.657692307692308,0.0179420953846153,6.5,44.53116876490682,0.7775,10.29156437251358,243.2500688264682,0.8246886236554758,3,6,0.0,0.0,1.0,0.0,0.0,0.0,1.0,0.0,0.0,0.0,0.0,0.0,0.0,0.0,0.0,0.0,0.0,0.0,0.0,0.0,0.0,0.0,0.0,0.0,0.0,0.0,0.0,0.0,0.0,0.0,0.0,0.0,0.0
2502458.0,2992233,889.3,389933005.6,425417.86,0.1105526316,54.87,26.871923076923075,0.01772136,6.5,46.66773560307546,0.7775,28.74347035913344,261.208326972346,0.5415974450916369,11,3,0.0,0.0,0.0,1.0,0.0,0.0,1.0,0.0,0.0,0.0,0.0,0.0,0.0,0.0,0.0,0.0,0.0,0.0,0.0,0.0,0.0,0.0,0.0,0.0,0.0,0.0,0.0,0.0,0.0,0.0,0.0,0.0,0.0
3837610.0,4347316,956.9,597976390.2,652393.7,0.11066666670000001,40.37,26.86692307692308,0.0193557323076923,8.222222222222221,46.06427391337997,1.14,16.80147071736909,295.1181230583249,0.787768779896131,6,10,1.0,0.0,0.0,0.0,0.0,0.0,0.0,1.0,0.0,0.0,0.0,0.0,0.0,0.0,0.0,0.0,0.0,0.0,0.0,0.0,0.0,0.0,0.0,0.0,0.0,0.0,0.0,0.0,0.0,0.0,0.0,0.0,0.0
658500.0,1228400,618.0,102607470.0,111945.0,0.1693529412,20.51,27.36076923076923,0.0202088215384615,7.475,45.001588546036,0.9446072796934866,15.90894399420263,202.61497713559072,0.4271513844927341,6,10,1.0,0.0,0.0,0.0,0.0,0.0,0.0,0.0,0.0,0.0,1.0,0.0,0.0,0.0,0.0,0.0,0.0,0.0,0.0,0.0,0.0,0.0,0.0,0.0,0.0,0.0,0.0,0.0,0.0,0.0,0.0,0.0,0.0
21000.0,64600,618.0,3272220.0,3570.0,0.3034444444,20.51,27.36076923076923,0.0202088215384615,7.475,49.15219228126029,0.9446072796934866,25.752602945793903,313.79152083433735,0.414632972189157,3,6,0.0,0.0,1.0,0.0,0.0,0.0,0.0,0.0,0.0,0.0,1.0,0.0,0.0,0.0,0.0,0.0,0.0,0.0,0.0,0.0,0.0,0.0,0.0,0.0,0.0,0.0,0.0,0.0,0.0,0.0,0.0,0.0,0.0
1206435.0,3628000,393.0,187986701.7,205093.95,0.26738095240000004,24.69,26.164615384615384,0.0183556523076923,7.475,47.93628309794937,0.5666666666666667,16.363865611199273,184.5551100733201,0.5225540668623261,6,10,1.0,0.0,0.0,0.0,0.0,0.0,0.0,0.0,0.0,0.0,0.0,1.0,0.0,0.0,0.0,0.0,0.0,0.0,0.0,0.0,0.0,0.0,0.0,0.0,0.0,0.0,0.0,0.0,0.0,0.0,0.0,0.0,0.0
76186.0,105787,969.9,11871302.52,12951.62,0.1484545455,30.56,21.63615384615385,0.01740276,6.5,44.44567451812657,0.7775,36.442150506122594,265.8651653990843,0.4246071136303309,6,10,1.0,0.0,0.0,0.0,0.0,0.0,0.0,0.0,0.0,0.0,0.0,0.0,1.0,0.0,0.0,0.0,0.0,0.0,0.0,0.0,0.0,0.0,0.0,0.0,0.0,0.0,0.0,0.0,0.0,0.0,0.0,0.0,0.0
1450000.0,2138100,1002.4,225939000.0,246500.0,0.11060714290000001,80.35,27.21692307692308,0.01889352,7.475,46.03758850921741,0.9446072796934866,22.43682602570636,308.9552723517498,0.4372086916015323,6,10,1.0,0.0,0.0,0.0,0.0,0.0,0.0,0.0,0.0,0.0,0.0,0.0,0.0,0.0,0.0,0.0,0.0,0.0,1.0,0.0,0.0,0.0,0.0,0.0,0.0,0.0,0.0,0.0,0.0,0.0,0.0,0.0,0.0
20600.0,47700,1002.4,3209892.0,3502.0,0.22511111110000004,80.35,27.21692307692308,0.01889352,7.475,45.13312941412451,0.9446072796934866,23.574913981157668,279.3621589011739,0.7943303229051527,3,6,0.0,0.0,1.0,0.0,0.0,0.0,0.0,0.0,0.0,0.0,0.0,0.0,0.0,0.0,0.0,0.0,0.0,0.0,1.0,0.0,0.0,0.0,0.0,0.0,0.0,0.0,0.0,0.0,0.0,0.0,0.0,0.0,0.0
113890.0,265090,992.5,17746339.8,19361.3,0.19233333330000002,39.9,21.54692307692308,0.0169390523076923,6.5,46.52834540649963,0.7775,16.895422221343573,272.38202922621053,0.64171469987059,6,10,1.0,0.0,0.0,0.0,0.0,0.0,0.0,0.0,0.0,0.0,0.0,0.0,0.0,0.0,0.0,0.0,0.0,0.0,0.0,1.0,0.0,0.0,0.0,0.0,0.0,0.0,0.0,0.0,0.0,0.0,0.0,0.0,0.0
168570.0,240310,1225.9,26266577.4,28656.9,0.13936363640000002,54.87,26.043076923076924,0.0167419384615384,6.5,48.13472859156288,0.7775,19.48460917271781,199.4620975711355,0.5113842825999423,6,10,1.0,0.0,0.0,0.0,0.0,0.0,0.0,0.0,0.0,0.0,0.0,0.0,0.0,0.0,0.0,0.0,0.0,0.0,0.0,0.0,0.0,0.0,1.0,0.0,0.0,0.0,0.0,0.0,0.0,0.0,0.0,0.0,0.0
2802000.0,11236000,371.3,436607640.0,476340.0,0.39775000000000005,15.03,26.15538461538461,0.0185812338461538,6.5,44.964185585820665,0.7775,19.524944581594205,243.53805921780832,0.420145190158293,6,10,1.0,0.0,0.0,0.0,0.0,0.0,0.0,0.0,0.0,0.0,0.0,0.0,0.0,0.0,0.0,0.0,0.0,0.0,0.0,0.0,0.0,0.0,0.0,0.0,0.0,1.0,0.0,0.0,0.0,0.0,0.0,0.0,0.0
245538.0,640010,2004.2,38259731.16,41741.46,0.25225000000000003,69.16,25.666153846153847,0.0176040553846153,6.5,47.50402047777964,0.7775,21.264062307449223,171.94553607594457,0.4175314603817311,6,10,1.0,0.0,0.0,0.0,0.0,0.0,0.0,0.0,0.0,0.0,0.0,0.0,0.0,0.0,0.0,0.0,0.0,0.0,0.0,0.0,0.0,0.0,0.0,0.0,0.0,0.0,0.0,0.0,0.0,1.0,0.0,0.0,0.0
5148046.0,10714990,585.8,802168527.7,875167.82,0.200971831,24.69,26.164615384615384,0.0183556523076923,7.475,48.3629574134644,0.5666666666666667,24.554868830124374,259.8075888352865,0.5394488827127649,6,10,1.0,0.0,0.0,0.0,0.0,0.0,0.0,0.0,0.0,0.0,0.0,0.0,0.0,0.0,0.0,0.0,0.0,0.0,0.0,0.0,0.0,0.0,0.0,0.0,0.0,0.0,0.0,0.0,0.0,0.0,1.0,0.0,0.0
24695.0,61514,585.8,3847974.9,4198.15,0.213,24.69,26.164615384615384,0.0183556523076923,7.475,44.33823961140467,0.5666666666666667,17.904658500648186,201.96023046948216,0.8298765400416355,3,6,0.0,0.0,1.0,0.0,0.0,0.0,0.0,0.0,0.0,0.0,0.0,0.0,0.0,0.0,0.0,0.0,0.0,0.0,0.0,0.0,0.0,0.0,0.0,0.0,0.0,0.0,0.0,0.0,0.0,0.0,1.0,0.0,0.0
270608.0,551716,847.8,42166138.56,46003.36,0.16138461540000001,40.09,25.14538461538461,0.0184875507692307,6.5,50.34979062157433,0.7775,25.2946129179266,302.5141346385696,0.5369755233882475,6,10,1.0,0.0,0.0,0.0,0.0,0.0,0.0,0.0,0.0,0.0,0.0,0.0,0.0,0.0,0.0,0.0,0.0,0.0,0.0,0.0,0.0,0.0,0.0,0.0,0.0,0.0,0.0,0.0,0.0,0.0,0.0,1.0,0.0
13775.0,39300,847.8,2146420.5,2341.75,0.28500000000000003,98.81,25.148076923076925,0.01821186,6.5,47.78986027916553,0.7775,17.616222941664656,210.0073489129473,0.7972055536884706,10,4,0.0,1.0,0.0,0.0,0.0,0.0,0.0,0.0,0.0,0.0,0.0,0.0,0.0,0.0,0.0,0.0,0.0,0.0,0.0,0.0,0.0,0.0,0.0,0.0,0.0,0.0,0.0,0.0,0.0,0.0,0.0,1.0,0.0
157262.0,87970,996.1,24504564.84,26734.54,0.0515217391,44.59,25.233846153846155,0.017771123076923,6.5,47.13623619266126,0.7775,29.271164236620688,233.63187278612105,0.2399443526367774,9,12,0.0,0.0,0.0,0.0,0.0,0.0,0.0,0.0,0.0,0.0,0.0,0.0,0.0,0.0,1.0,0.0,0.0,0.0,0.0,0.0,0.0,0.0,0.0,0.0,0.0,0.0,0.0,0.0,0.0,0.0,0.0,0.0,0.0
825787.0,504508,996.1,128674130.3,140383.79,0.05862500000000001,76.07,25.569615384615386,0.0177850799999999,6.5,45.69537257841156,0.7775,21.61849556726772,208.7711274284279,0.4483374289939965,11,3,0.0,0.0,0.0,1.0,0.0,0.0,0.0,0.0,0.0,0.0,0.0,0.0,0.0,0.0,1.0,0.0,0.0,0.0,0.0,0.0,0.0,0.0,0.0,0.0,0.0,0.0,0.0,0.0,0.0,0.0,0.0,0.0,0.0
214062.0,466766,1317.2,33355140.84,36390.54,0.20950000000000002,54.87,26.043076923076924,0.0167419384615384,6.5,47.65730890460293,0.7775,19.49753728083577,269.2559315236611,0.7080263051946019,9,12,0.0,0.0,0.0,0.0,0.0,0.0,0.0,0.0,0.0,0.0,0.0,0.0,0.0,0.0,0.0,0.0,0.0,0.0,0.0,0.0,0.0,0.0,0.0,0.0,0.0,0.0,0.0,0.0,0.0,0.0,0.0,0.0,1.0
1429703.0,4275871,1317.2,222776321.5,243049.51,0.279,54.87,26.043076923076924,0.0167419384615384,6.5,44.7653509005531,0.7775,30.17924293926343,210.4255018228095,0.6759028463668428,3,6,0.0,0.0,1.0,0.0,0.0,0.0,0.0,0.0,0.0,0.0,0.0,0.0,0.0,0.0,0.0,0.0,0.0,0.0,0.0,0.0,0.0,0.0,0.0,0.0,0.0,0.0,0.0,0.0,0.0,0.0,0.0,0.0,1.0
3986330.0,9597968,1317.2,621149940.6,677676.1,0.2346111111,103.0,26.13846153846153,0.0168017123076923,6.5,44.324040551149686,0.7775,22.73317543680433,273.4026541704819,0.373985608867809,11,3,0.0,0.0,0.0,1.0,0.0,0.0,0.0,0.0,0.0,0.0,0.0,0.0,0.0,0.0,0.0,0.0,0.0,0.0,0.0,0.0,0.0,0.0,0.0,0.0,0.0,0.0,0.0,0.0,0.0,0.0,0.0,0.0,1.0
495218.0,444042,629.2,82260661.98,118852.32,0.09196428570000001,27.52,27.086153846153845,0.0175006246153846,6.5,46.84435066757053,0.7775,10.502008104089803,319.4278461631083,0.4400631270130107,9,12,0.0,0.0,0.0,0.0,0.0,0.0,1.0,0.0,0.0,0.0,0.0,0.0,0.0,0.0,0.0,0.0,0.0,0.0,0.0,0.0,0.0,0.0,0.0,0.0,0.0,0.0,0.0,0.0,0.0,0.0,0.0,0.0,0.0
84465.0,163031,629.2,14030481.15,20271.6,0.18279166670000002,27.52,27.086153846153845,0.0175006246153846,6.5,46.22077444388368,0.7775,33.62706373410898,312.76830483133915,0.5029804496465675,3,6,0.0,0.0,1.0,0.0,0.0,0.0,1.0,0.0,0.0,0.0,0.0,0.0,0.0,0.0,0.0,0.0,0.0,0.0,0.0,0.0,0.0,0.0,0.0,0.0,0.0,0.0,0.0,0.0,0.0,0.0,0.0,0.0,0.0
2265685.0,2505545,629.2,376352935.3,543764.4,0.0979210526,64.5,26.42384615384616,0.0172608646153846,6.5,45.683978723057685,0.7775,10.226893461265428,301.46637084989976,0.2189552271276905,11,3,0.0,0.0,0.0,1.0,0.0,0.0,1.0,0.0,0.0,0.0,0.0,0.0,0.0,0.0,0.0,0.0,0.0,0.0,0.0,0.0,0.0,0.0,0.0,0.0,0.0,0.0,0.0,0.0,0.0,0.0,0.0,0.0,0.0
3937796.0,6637737,1283.1,654107293.6,945071.04,0.17022222220000002,46.74,26.74846153846154,0.0188307415384615,8.222222222222221,44.53274465223391,1.14,33.52188005273976,242.7765964563516,0.6203466338744184,6,10,1.0,0.0,0.0,0.0,0.0,0.0,0.0,1.0,0.0,0.0,0.0,0.0,0.0,0.0,0.0,0.0,0.0,0.0,0.0,0.0,0.0,0.0,0.0,0.0,0.0,0.0,0.0,0.0,0.0,0.0,0.0,0.0,0.0
728300.0,1423800,1107.5,120977913.0,174792.0,0.18275,44.18,26.614615384615384,0.0195648646153846,7.475,44.27387891081475,0.9446072796934866,16.242775629532822,285.8966194010919,0.7350418403492568,6,10,1.0,0.0,0.0,0.0,0.0,0.0,0.0,0.0,0.0,0.0,1.0,0.0,0.0,0.0,0.0,0.0,0.0,0.0,0.0,0.0,0.0,0.0,0.0,0.0,0.0,0.0,0.0,0.0,0.0,0.0,0.0,0.0,0.0
79800.0,242000,1107.5,13255578.0,19152.0,0.2987777778,44.18,26.614615384615384,0.0195648646153846,7.475,45.57461572285733,0.9446072796934866,34.58666268617282,192.0140482019154,0.6667984879809536,3,6,0.0,0.0,1.0,0.0,0.0,0.0,0.0,0.0,0.0,0.0,1.0,0.0,0.0,0.0,0.0,0.0,0.0,0.0,0.0,0.0,0.0,0.0,0.0,0.0,0.0,0.0,0.0,0.0,0.0,0.0,0.0,0.0,0.0
1243281.0,3465000,639.2,206521406.9,298387.44,0.2561428571,36.21,25.85538461538461,0.0170665476923076,7.475,49.94315793677192,0.5666666666666667,29.89073572240949,270.0122434152892,0.6255194974974214,6,10,1.0,0.0,0.0,0.0,0.0,0.0,0.0,0.0,0.0,0.0,0.0,1.0,0.0,0.0,0.0,0.0,0.0,0.0,0.0,0.0,0.0,0.0,0.0,0.0,0.0,0.0,0.0,0.0,0.0,0.0,0.0,0.0,0.0
75426.0,110238,1319.8,12529012.86,18102.24,0.15618181820000002,49.03,21.59230769230769,0.01700352,6.5,48.21073414029391,0.7775,11.978577338226104,161.83436229008132,0.5926732260154546,6,10,1.0,0.0,0.0,0.0,0.0,0.0,0.0,0.0,0.0,0.0,0.0,0.0,1.0,0.0,0.0,0.0,0.0,0.0,0.0,0.0,0.0,0.0,0.0,0.0,0.0,0.0,0.0,0.0,0.0,0.0,0.0,0.0,0.0
1573535.0,1766596,856.3,261379898.8,377648.4,0.12116666670000001,30.24,26.504615384615384,0.0181148676923076,7.475,49.413117524155375,0.5666666666666667,19.859279765827782,308.5597758917576,0.5442155668228835,6,10,1.0,0.0,0.0,0.0,0.0,0.0,0.0,0.0,0.0,0.0,0.0,0.0,0.0,0.0,0.0,0.0,0.0,1.0,0.0,0.0,0.0,0.0,0.0,0.0,0.0,0.0,0.0,0.0,0.0,0.0,0.0,0.0,0.0
1486200.0,2625100,1389.0,246872682.0,356688.0,0.13116000000000003,110.67,26.96692307692308,0.0182617476923076,7.475,46.42492985817365,0.9446072796934866,27.10556913122353,212.34692962442028,0.1186499642597358,6,10,1.0,0.0,0.0,0.0,0.0,0.0,0.0,0.0,0.0,0.0,0.0,0.0,0.0,0.0,0.0,0.0,0.0,0.0,1.0,0.0,0.0,0.0,0.0,0.0,0.0,0.0,0.0,0.0,0.0,0.0,0.0,0.0,0.0
29500.0,65800,1389.0,4900245.0,7080.0,0.2388888889,110.67,26.96692307692308,0.0182617476923076,7.475,44.16751530666744,0.9446072796934866,31.84491893893081,173.94600860740167,0.7712301562133013,3,6,0.0,0.0,1.0,0.0,0.0,0.0,0.0,0.0,0.0,0.0,0.0,0.0,0.0,0.0,0.0,0.0,0.0,0.0,1.0,0.0,0.0,0.0,0.0,0.0,0.0,0.0,0.0,0.0,0.0,0.0,0.0,0.0,0.0
212680.0,480240,2160.5,35328274.8,51043.2,0.1945555556,61.11,20.89923076923077,0.0160162892307692,6.5,49.847003078311154,0.7775,29.21553094751249,238.11762011470643,0.4019189385186795,6,10,1.0,0.0,0.0,0.0,0.0,0.0,0.0,0.0,0.0,0.0,0.0,0.0,0.0,0.0,0.0,0.0,0.0,0.0,0.0,1.0,0.0,0.0,0.0,0.0,0.0,0.0,0.0,0.0,0.0,0.0,0.0,0.0,0.0
28562.0,26499,2738.7,4744433.82,6854.88,0.09262500000000001,0.02,23.84076923076924,0.0237001015384615,6.609240608075417,47.506919539410255,0.9446072796934866,12.881307290259786,226.72899679096608,0.7099239472090895,9,12,0.0,0.0,0.0,0.0,0.0,0.0,0.0,0.0,0.0,0.0,0.0,0.0,0.0,0.0,0.0,0.0,0.0,0.0,0.0,0.0,0.0,1.0,0.0,0.0,0.0,0.0,0.0,0.0,0.0,0.0,0.0,0.0,0.0
12123.0,20697,2738.7,2013751.53,2909.52,0.14950000000000002,0.02,23.84076923076924,0.0237001015384615,6.609240608075417,44.97462801234078,0.9446072796934866,40.74852642953526,241.19255006864825,0.5562070019973651,6,10,1.0,0.0,0.0,0.0,0.0,0.0,0.0,0.0,0.0,0.0,0.0,0.0,0.0,0.0,0.0,0.0,0.0,0.0,0.0,0.0,0.0,1.0,0.0,0.0,0.0,0.0,0.0,0.0,0.0,0.0,0.0,0.0,0.0
7.0,6,2738.7,1162.77,1.68,0.08600000000000001,0.26,22.92615384615385,0.0237351738461538,6.609240608075417,47.29440668871722,0.9446072796934866,31.78816968778868,143.04961719808597,0.3973041100384951,10,4,0.0,1.0,0.0,0.0,0.0,0.0,0.0,0.0,0.0,0.0,0.0,0.0,0.0,0.0,0.0,0.0,0.0,0.0,0.0,0.0,0.0,1.0,0.0,0.0,0.0,0.0,0.0,0.0,0.0,0.0,0.0,0.0,0.0
180060.0,378210,1771.8,29909766.6,43214.4,0.2051818182,48.13,26.23384615384615,0.0168614861538461,6.5,48.37718522489686,0.7775,26.799511166153223,134.30304234264503,0.3243699445439468,6,10,1.0,0.0,0.0,0.0,0.0,0.0,0.0,0.0,0.0,0.0,0.0,0.0,0.0,0.0,0.0,0.0,0.0,0.0,0.0,0.0,0.0,0.0,1.0,0.0,0.0,0.0,0.0,0.0,0.0,0.0,0.0,0.0,0.0
1330.0,3150,1771.8,220926.3,319.2,0.238,108.99,25.949615384615388,0.0165426646153846,6.5,44.20840952155783,0.7775,8.953242273558846,228.6347930460002,0.6308035749688273,10,4,0.0,1.0,0.0,0.0,0.0,0.0,0.0,0.0,0.0,0.0,0.0,0.0,0.0,0.0,0.0,0.0,0.0,0.0,0.0,0.0,0.0,0.0,1.0,0.0,0.0,0.0,0.0,0.0,0.0,0.0,0.0,0.0,0.0
2831000.0,10837000,392.7,470257410.0,679440.0,0.3834,22.44,25.941538461538464,0.01774836,6.5,47.71076834629563,0.7775,16.122198256805888,228.21750527353183,0.6586729046473456,6,10,1.0,0.0,0.0,0.0,0.0,0.0,0.0,0.0,0.0,0.0,0.0,0.0,0.0,0.0,0.0,0.0,0.0,0.0,0.0,0.0,0.0,0.0,0.0,0.0,0.0,1.0,0.0,0.0,0.0,0.0,0.0,0.0,0.0
1905726.0,5792415,1095.2,316560145.9,457374.24,0.3597419355,48.27,27.826153846153847,0.0184804061538461,6.609240608075417,44.537859326593,1.15,19.77280060264062,322.7303349168057,0.2144747682291472,6,10,1.0,0.0,0.0,0.0,0.0,0.0,0.0,0.0,0.0,0.0,0.0,0.0,0.0,0.0,0.0,0.0,0.0,0.0,0.0,0.0,0.0,0.0,0.0,0.0,0.0,0.0,0.0,1.0,0.0,0.0,0.0,0.0,0.0
264558.0,702473,2348.3,43945729.38,63493.92,0.25725,72.82,25.48,0.0169801753846153,6.5,50.38873424529336,0.7775,29.5883840643783,231.35285402414004,0.7332429015371114,6,10,1.0,0.0,0.0,0.0,0.0,0.0,0.0,0.0,0.0,0.0,0.0,0.0,0.0,0.0,0.0,0.0,0.0,0.0,0.0,0.0,0.0,0.0,0.0,0.0,0.0,0.0,0.0,0.0,0.0,1.0,0.0,0.0,0.0
5631949.0,11938078,742.6,935523048.4,1351667.76,0.2052916667,36.21,25.85538461538461,0.0170665476923076,7.475,49.65201119790078,0.5666666666666667,22.84467996157931,226.3394540506372,0.263968137639903,6,10,1.0,0.0,0.0,0.0,0.0,0.0,0.0,0.0,0.0,0.0,0.0,0.0,0.0,0.0,0.0,0.0,0.0,0.0,0.0,0.0,0.0,0.0,0.0,0.0,0.0,0.0,0.0,0.0,0.0,0.0,1.0,0.0,0.0
25121.0,54221,742.6,4172849.31,6029.04,0.20322222220000002,36.21,25.85538461538461,0.0170665476923076,7.475,46.476100931386014,0.5666666666666667,36.62397876500083,253.8603865303529,0.2558512119231784,3,6,0.0,0.0,1.0,0.0,0.0,0.0,0.0,0.0,0.0,0.0,0.0,0.0,0.0,0.0,0.0,0.0,0.0,0.0,0.0,0.0,0.0,0.0,0.0,0.0,0.0,0.0,0.0,0.0,0.0,0.0,1.0,0.0,0.0
270416.0,495083,1419.0,44918801.76,64899.84,0.1540769231,58.72,25.150769230769228,0.0179361692307692,6.5,50.57722309682072,0.7775,27.19146281900256,300.3477569672749,0.4892031833147595,6,10,1.0,0.0,0.0,0.0,0.0,0.0,0.0,0.0,0.0,0.0,0.0,0.0,0.0,0.0,0.0,0.0,0.0,0.0,0.0,0.0,0.0,0.0,0.0,0.0,0.0,0.0,0.0,0.0,0.0,0.0,0.0,1.0,0.0
15277.0,50503,1419.0,2537662.47,3666.48,0.225,113.27,24.45192307692308,0.0176464661538461,6.5,44.37226059046618,0.7775,10.877016291972998,222.43906362769349,0.3631118984105654,10,4,0.0,1.0,0.0,0.0,0.0,0.0,0.0,0.0,0.0,0.0,0.0,0.0,0.0,0.0,0.0,0.0,0.0,0.0,0.0,0.0,0.0,0.0,0.0,0.0,0.0,0.0,0.0,0.0,0.0,0.0,0.0,1.0,0.0
261347.0,507404,1352.0,43412350.17,62723.28,0.1874,31.05,9.618461538461538,0.0167977384615384,6.5,45.209354043168574,0.7775,13.383603062662328,217.13696661595725,0.1716641912931488,6,10,1.0,0.0,0.0,0.0,0.0,0.0,0.0,0.0,0.0,0.0,0.0,0.0,0.0,1.0,0.0,0.0,0.0,0.0,0.0,0.0,0.0,0.0,0.0,0.0,0.0,0.0,0.0,0.0,0.0,0.0,0.0,0.0,0.0
212132.0,453439,1096.0,35237246.52,50911.68,0.2081666667,48.13,26.23384615384615,0.0168614861538461,6.5,49.39581491502817,0.7775,20.138563059531997,215.35825340388257,0.8339221918454653,9,12,0.0,0.0,0.0,0.0,0.0,0.0,0.0,0.0,0.0,0.0,0.0,0.0,0.0,0.0,0.0,0.0,0.0,0.0,0.0,0.0,0.0,0.0,0.0,0.0,0.0,0.0,0.0,0.0,0.0,0.0,0.0,0.0,1.0
1369892.0,4506848,1096.0,227552760.1,328774.08,0.3123888889,48.13,26.23384615384615,0.0168614861538461,6.5,47.20597775099198,0.7775,21.343799696521323,305.0977921050296,0.8487602489562358,3,6,0.0,0.0,1.0,0.0,0.0,0.0,0.0,0.0,0.0,0.0,0.0,0.0,0.0,0.0,0.0,0.0,0.0,0.0,0.0,0.0,0.0,0.0,0.0,0.0,0.0,0.0,0.0,0.0,0.0,0.0,0.0,0.0,1.0
3362122.0,8429323,1096.0,558482085.4,806909.28,0.24872222220000004,108.99,25.949615384615388,0.0165426646153846,6.5,48.83136410921564,0.7775,18.25919859338873,311.6433012085217,0.5144478166020289,11,3,0.0,0.0,0.0,1.0,0.0,0.0,0.0,0.0,0.0,0.0,0.0,0.0,0.0,0.0,0.0,0.0,0.0,0.0,0.0,0.0,0.0,0.0,0.0,0.0,0.0,0.0,0.0,0.0,0.0,0.0,0.0,0.0,1.0
570397.0,914228,1097.1,95552905.44,188231.01,0.15467741940000002,36.98,25.76153846153846,0.0170211046153846,6.5,47.36157951420548,0.7775,23.40429320763604,248.061681127028,0.6241769293033638,9,12,0.0,0.0,0.0,0.0,0.0,0.0,1.0,0.0,0.0,0.0,0.0,0.0,0.0,0.0,0.0,0.0,0.0,0.0,0.0,0.0,0.0,0.0,0.0,0.0,0.0,0.0,0.0,0.0,0.0,0.0,0.0,0.0,0.0
96160.0,182628,1097.1,16108723.2,31732.8,0.17361904760000002,36.98,25.76153846153846,0.0170211046153846,6.5,48.74498995744085,0.7775,24.52949248181544,122.32877959328556,0.5265455524892274,3,6,0.0,0.0,1.0,0.0,0.0,0.0,1.0,0.0,0.0,0.0,0.0,0.0,0.0,0.0,0.0,0.0,0.0,0.0,0.0,0.0,0.0,0.0,0.0,0.0,0.0,0.0,0.0,0.0,0.0,0.0,0.0,0.0,0.0
2684379.0,7141115,1097.1,449687170.1,885845.07,0.2491578947,71.98,25.75038461538461,0.0173605292307692,6.5,44.73068071719075,0.7775,40.98171614120565,245.8129437769054,0.3340968073530298,11,3,0.0,0.0,0.0,1.0,0.0,0.0,1.0,0.0,0.0,0.0,0.0,0.0,0.0,0.0,0.0,0.0,0.0,0.0,0.0,0.0,0.0,0.0,0.0,0.0,0.0,0.0,0.0,0.0,0.0,0.0,0.0,0.0,0.0
3939826.0,6300825,1302.7,659999651.5,1300142.58,0.15277777780000001,55.66,25.246923076923075,0.0186605169230769,8.222222222222221,46.375737463027406,1.14,27.21419286020849,184.3439652325445,0.4624403372706827,6,10,1.0,0.0,0.0,0.0,0.0,0.0,0.0,1.0,0.0,0.0,0.0,0.0,0.0,0.0,0.0,0.0,0.0,0.0,0.0,0.0,0.0,0.0,0.0,0.0,0.0,0.0,0.0,0.0,0.0,0.0,0.0,0.0,0.0
751300.0,1521800,890.5,125857776.0,247929.0,0.19516666670000002,29.13,26.338461538461537,0.0193956646153846,7.475,48.22260273869129,0.9446072796934866,18.72211484658328,175.02562229652833,0.540605392560789,6,10,1.0,0.0,0.0,0.0,0.0,0.0,0.0,0.0,0.0,0.0,1.0,0.0,0.0,0.0,0.0,0.0,0.0,0.0,0.0,0.0,0.0,0.0,0.0,0.0,0.0,0.0,0.0,0.0,0.0,0.0,0.0,0.0,0.0
84200.0,267900,890.5,14105184.0,27786.0,0.3122222222,29.13,26.338461538461537,0.0193956646153846,7.475,47.72611919720429,0.9446072796934866,11.456238642929224,317.3941256968203,0.6147667604403065,3,6,0.0,0.0,1.0,0.0,0.0,0.0,0.0,0.0,0.0,0.0,1.0,0.0,0.0,0.0,0.0,0.0,0.0,0.0,0.0,0.0,0.0,0.0,0.0,0.0,0.0,0.0,0.0,0.0,0.0,0.0,0.0,0.0,0.0
1234094.0,3574300,471.5409091,206735426.9,407251.02,0.263047619,28.73,24.72,0.0174907384615384,7.475,50.4533574100751,0.5666666666666667,19.231311144534857,223.8910691521101,0.5832213333058497,6,10,1.0,0.0,0.0,0.0,0.0,0.0,0.0,0.0,0.0,0.0,0.0,1.0,0.0,0.0,0.0,0.0,0.0,0.0,0.0,0.0,0.0,0.0,0.0,0.0,0.0,0.0,0.0,0.0,0.0,0.0,0.0,0.0,0.0
75043.0,108648,1108.3,12571203.36,24764.19,0.1545454545,46.3,20.420769230769228,0.0167582215384615,6.5,50.23142347336568,0.7775,16.837464940078533,256.5518634881118,0.409838698312968,6,10,1.0,0.0,0.0,0.0,0.0,0.0,0.0,0.0,0.0,0.0,0.0,0.0,1.0,0.0,0.0,0.0,0.0,0.0,0.0,0.0,0.0,0.0,0.0,0.0,0.0,0.0,0.0,0.0,0.0,0.0,0.0,0.0,0.0
1693231.0,2273045,852.6,283650057.1,558766.23,0.1400416667,32.36,25.47384615384616,0.0181197969230769,7.475,48.82975354266003,0.5666666666666667,11.44831229428981,267.0954184537249,0.2877607040256634,6,10,1.0,0.0,0.0,0.0,0.0,0.0,0.0,0.0,0.0,0.0,0.0,0.0,0.0,0.0,0.0,0.0,0.0,1.0,0.0,0.0,0.0,0.0,0.0,0.0,0.0,0.0,0.0,0.0,0.0,0.0,0.0,0.0,0.0
1516400.0,2784600,1174.095455,254027328.0,500412.0,0.13196428570000002,91.7,26.504615384615384,0.0183426923076923,7.475,50.09795204476634,0.9446072796934866,10.874974755655048,176.52640887150687,0.3408163661020973,6,10,1.0,0.0,0.0,0.0,0.0,0.0,0.0,0.0,0.0,0.0,0.0,0.0,0.0,0.0,0.0,0.0,0.0,0.0,1.0,0.0,0.0,0.0,0.0,0.0,0.0,0.0,0.0,0.0,0.0,0.0,0.0,0.0,0.0
27800.0,64300,1174.095455,4657056.0,9174.0,0.24277777779999998,91.7,26.504615384615384,0.0183426923076923,7.475,49.465583996650125,0.9446072796934866,24.312170686747702,201.41387806910967,0.4218820761316658,3,6,0.0,0.0,1.0,0.0,0.0,0.0,0.0,0.0,0.0,0.0,0.0,0.0,0.0,0.0,0.0,0.0,0.0,0.0,1.0,0.0,0.0,0.0,0.0,0.0,0.0,0.0,0.0,0.0,0.0,0.0,0.0,0.0,0.0
223670.0,591000,1533.561905,37469198.4,73811.1,0.23399999999999999,51.86,20.686153846153847,0.016894163076923,6.5,47.86890317221116,0.7775,15.538244805901885,219.3841805491232,0.4852793581582716,6,10,1.0,0.0,0.0,0.0,0.0,0.0,0.0,0.0,0.0,0.0,0.0,0.0,0.0,0.0,0.0,0.0,0.0,0.0,0.0,1.0,0.0,0.0,0.0,0.0,0.0,0.0,0.0,0.0,0.0,0.0,0.0,0.0,0.0
25826.0,26644,2439.340909,4326371.52,8522.58,0.10412500000000001,0.24,22.01153846153846,0.0237702461538461,6.609240608075417,49.31796193383576,0.9446072796934866,22.953809340282717,196.18561059592568,0.5087414288994756,9,12,0.0,0.0,0.0,0.0,0.0,0.0,0.0,0.0,0.0,0.0,0.0,0.0,0.0,0.0,0.0,0.0,0.0,0.0,0.0,0.0,0.0,1.0,0.0,0.0,0.0,0.0,0.0,0.0,0.0,0.0,0.0,0.0,0.0
12700.0,25304,2439.340909,2127504.0,4191.0,0.203125,0.24,22.01153846153846,0.0237702461538461,6.609240608075417,47.10841589194859,0.9446072796934866,16.24237257379057,270.68580305168183,0.7014416762490254,6,10,1.0,0.0,0.0,0.0,0.0,0.0,0.0,0.0,0.0,0.0,0.0,0.0,0.0,0.0,0.0,0.0,0.0,0.0,0.0,0.0,0.0,1.0,0.0,0.0,0.0,0.0,0.0,0.0,0.0,0.0,0.0,0.0,0.0
450.0,947,2439.340909,75384.0,148.5,0.23775000000000002,0.42,22.03038461538461,0.0236720907692307,6.609240608075417,44.303815533418486,0.9446072796934866,22.880280916812527,239.87840887481323,0.6737692430798425,10,4,0.0,1.0,0.0,0.0,0.0,0.0,0.0,0.0,0.0,0.0,0.0,0.0,0.0,0.0,0.0,0.0,0.0,0.0,0.0,0.0,0.0,1.0,0.0,0.0,0.0,0.0,0.0,0.0,0.0,0.0,0.0,0.0,0.0
179050.0,376390,1544.354545,29994456.0,59086.5,0.20490909089999998,60.86,25.66538461538461,0.016223843076923,6.5,46.86319315102709,0.7775,10.857472409256072,321.91988587750416,0.3823425522211192,6,10,1.0,0.0,0.0,0.0,0.0,0.0,0.0,0.0,0.0,0.0,0.0,0.0,0.0,0.0,0.0,0.0,0.0,0.0,0.0,0.0,0.0,0.0,1.0,0.0,0.0,0.0,0.0,0.0,0.0,0.0,0.0,0.0,0.0
2530.0,5990,1544.354545,423825.6,834.9,0.23399999999999999,103.81,25.64076923076923,0.0164635338461538,6.5,46.968542679096906,0.7775,13.864286940581971,308.9889039611452,0.3869156500990322,10,4,0.0,1.0,0.0,0.0,0.0,0.0,0.0,0.0,0.0,0.0,0.0,0.0,0.0,0.0,0.0,0.0,0.0,0.0,0.0,0.0,0.0,0.0,1.0,0.0,0.0,0.0,0.0,0.0,0.0,0.0,0.0,0.0,0.0
2818000.0,10542000,705.2,472071360.0,929940.0,0.37495,23.87,25.13769230769231,0.0173749569230769,6.5,44.70076648634983,0.7775,36.45645242195359,284.39729753074994,0.4981031563372269,6,10,1.0,0.0,0.0,0.0,0.0,0.0,0.0,0.0,0.0,0.0,0.0,0.0,0.0,0.0,0.0,0.0,0.0,0.0,0.0,0.0,0.0,0.0,0.0,0.0,0.0,1.0,0.0,0.0,0.0,0.0,0.0,0.0,0.0
265999.0,718304,2295.609091,44560152.48,87779.67,0.263,57.6,25.189230769230768,0.0172008,6.5,47.73996826279083,0.7775,18.660492261505564,228.0594402884956,0.3270146766875328,6,10,1.0,0.0,0.0,0.0,0.0,0.0,0.0,0.0,0.0,0.0,0.0,0.0,0.0,0.0,0.0,0.0,0.0,0.0,0.0,0.0,0.0,0.0,0.0,0.0,0.0,0.0,0.0,0.0,0.0,1.0,0.0,0.0,0.0
5922643.0,13962896,777.4,992161155.4,1954472.19,0.2294444444,28.73,24.72,0.0174907384615384,7.475,49.02189778798432,0.5666666666666667,32.1314239504808,200.8802833406833,0.3548697324865917,6,10,1.0,0.0,0.0,0.0,0.0,0.0,0.0,0.0,0.0,0.0,0.0,0.0,0.0,0.0,0.0,0.0,0.0,0.0,0.0,0.0,0.0,0.0,0.0,0.0,0.0,0.0,0.0,0.0,0.0,0.0,1.0,0.0,0.0
23642.0,59496,777.4,3960507.84,7801.86,0.23359090910000002,28.73,24.72,0.0174907384615384,7.475,45.76581398957681,0.5666666666666667,29.26552957519675,224.91281735157764,0.5754315537061727,3,6,0.0,0.0,1.0,0.0,0.0,0.0,0.0,0.0,0.0,0.0,0.0,0.0,0.0,0.0,0.0,0.0,0.0,0.0,0.0,0.0,0.0,0.0,0.0,0.0,0.0,0.0,0.0,0.0,0.0,0.0,1.0,0.0,0.0
261319.0,544497,1564.7,43776158.88,86235.27,0.1684615385,54.55,23.753076923076925,0.017356763076923,6.5,47.34552457581265,0.7775,32.675431534600065,249.96463245336497,0.5115351220546662,6,10,1.0,0.0,0.0,0.0,0.0,0.0,0.0,0.0,0.0,0.0,0.0,0.0,0.0,0.0,0.0,0.0,0.0,0.0,0.0,0.0,0.0,0.0,0.0,0.0,0.0,0.0,0.0,0.0,0.0,0.0,0.0,1.0,0.0
13680.0,45267,1564.7,2291673.6,4514.4,0.331,54.55,23.753076923076925,0.017356763076923,6.5,46.72863199561759,0.7775,21.458110660824563,235.23797541632968,0.7786433244130864,3,6,0.0,0.0,1.0,0.0,0.0,0.0,0.0,0.0,0.0,0.0,0.0,0.0,0.0,0.0,0.0,0.0,0.0,0.0,0.0,0.0,0.0,0.0,0.0,0.0,0.0,0.0,0.0,0.0,0.0,0.0,0.0,1.0,0.0
150654.0,126012,1374.7,25237558.08,49715.82,0.079173913,61.64,24.782307692307693,0.0168989538461538,6.5,44.92315567648034,0.7775,25.0665858614888,184.6151621961166,0.4967146625401704,9,12,0.0,0.0,0.0,0.0,0.0,0.0,0.0,0.0,0.0,0.0,0.0,0.0,0.0,0.0,1.0,0.0,0.0,0.0,0.0,0.0,0.0,0.0,0.0,0.0,0.0,0.0,0.0,0.0,0.0,0.0,0.0,0.0,0.0
832047.0,1250312,1374.7,139384513.4,274575.51,0.1554166667,109.93,24.649615384615384,0.0171992076923076,6.5,50.33642447989912,0.7775,22.41091779251844,250.72485616314543,0.5702472179782891,11,3,0.0,0.0,0.0,1.0,0.0,0.0,0.0,0.0,0.0,0.0,0.0,0.0,0.0,0.0,1.0,0.0,0.0,0.0,0.0,0.0,0.0,0.0,0.0,0.0,0.0,0.0,0.0,0.0,0.0,0.0,0.0,0.0,0.0
212971.0,471282,1686.5,35676901.92,70280.43,0.20722222220000003,60.86,25.66538461538461,0.016223843076923,6.5,48.5467649433197,0.7775,23.803404086726125,242.1060854367072,0.5141010754249838,9,12,0.0,0.0,0.0,0.0,0.0,0.0,0.0,0.0,0.0,0.0,0.0,0.0,0.0,0.0,0.0,0.0,0.0,0.0,0.0,0.0,0.0,0.0,0.0,0.0,0.0,0.0,0.0,0.0,0.0,0.0,0.0,0.0,1.0
1221076.0,3875100,1686.5,204554651.5,402955.08,0.30350000000000005,60.86,25.66538461538461,0.016223843076923,6.5,46.052779748541184,0.7775,22.087829463218963,244.99504565590237,0.6193074169983825,3,6,0.0,0.0,1.0,0.0,0.0,0.0,0.0,0.0,0.0,0.0,0.0,0.0,0.0,0.0,0.0,0.0,0.0,0.0,0.0,0.0,0.0,0.0,0.0,0.0,0.0,0.0,0.0,0.0,0.0,0.0,0.0,0.0,1.0
3999653.0,10259384,1686.5,670021870.6,1319885.49,0.24755555560000003,103.81,25.64076923076923,0.0164635338461538,6.5,45.76704475356215,0.7775,26.346656840437404,277.8617649092007,0.3390501302244184,11,3,0.0,0.0,0.0,1.0,0.0,0.0,0.0,0.0,0.0,0.0,0.0,0.0,0.0,0.0,0.0,0.0,0.0,0.0,0.0,0.0,0.0,0.0,0.0,0.0,0.0,0.0,0.0,0.0,0.0,0.0,0.0,0.0,1.0
540424.0,960007,924.1,81495939.2,167531.44,0.1743793103,35.0,25.73923076923077,0.0176999538461538,6.5,46.00375764332878,0.7775,9.523251738049828,229.75493383319127,0.4339341429703815,9,12,0.0,0.0,0.0,0.0,0.0,0.0,1.0,0.0,0.0,0.0,0.0,0.0,0.0,0.0,0.0,0.0,0.0,0.0,0.0,0.0,0.0,0.0,0.0,0.0,0.0,0.0,0.0,0.0,0.0,0.0,0.0,0.0,0.0
105117.0,285835,924.1,15851643.6,32586.27,0.2396086957,35.0,25.73923076923077,0.0176999538461538,6.5,50.31813261783559,0.7775,22.72078619362101,270.2619442268305,0.4713319444467284,3,6,0.0,0.0,1.0,0.0,0.0,0.0,1.0,0.0,0.0,0.0,0.0,0.0,0.0,0.0,0.0,0.0,0.0,0.0,0.0,0.0,0.0,0.0,0.0,0.0,0.0,0.0,0.0,0.0,0.0,0.0,0.0,0.0,0.0
2653346.0,7076168,924.1,400124576.8,822537.26,0.2567894737,68.45,25.587692307692308,0.017508863076923,6.5,47.11665863813312,0.7775,49.246962691609895,284.8358052749692,0.5206638902829647,11,3,0.0,0.0,0.0,1.0,0.0,0.0,1.0,0.0,0.0,0.0,0.0,0.0,0.0,0.0,0.0,0.0,0.0,0.0,0.0,0.0,0.0,0.0,0.0,0.0,0.0,0.0,0.0,0.0,0.0,0.0,0.0,0.0,0.0
3982172.0,7848401,1366.8,600511537.6,1234473.32,0.19196296300000001,58.86,25.773076923076925,0.018474203076923,8.222222222222221,48.080545516239496,1.14,18.74557996475577,316.1496575249545,0.5891019383003426,6,10,1.0,0.0,0.0,0.0,0.0,0.0,0.0,1.0,0.0,0.0,0.0,0.0,0.0,0.0,0.0,0.0,0.0,0.0,0.0,0.0,0.0,0.0,0.0,0.0,0.0,0.0,0.0,0.0,0.0,0.0,0.0,0.0,0.0
672000.0,1408100,460.6,101337600.0,208320.0,0.198,12.34,26.624615384615385,0.0197080338461538,7.475,47.1787359168154,0.9446072796934866,21.266954168536536,177.5575258290629,0.5708416559665596,6,10,1.0,0.0,0.0,0.0,0.0,0.0,0.0,0.0,0.0,0.0,1.0,0.0,0.0,0.0,0.0,0.0,0.0,0.0,0.0,0.0,0.0,0.0,0.0,0.0,0.0,0.0,0.0,0.0,0.0,0.0,0.0,0.0,0.0
29100.0,89200,460.6,4388280.0,9021.0,0.2943,12.34,26.624615384615385,0.0197080338461538,7.475,47.5045635849408,0.9446072796934866,22.763466446782004,215.52132224098204,0.378534674566346,3,6,0.0,0.0,1.0,0.0,0.0,0.0,0.0,0.0,0.0,0.0,1.0,0.0,0.0,0.0,0.0,0.0,0.0,0.0,0.0,0.0,0.0,0.0,0.0,0.0,0.0,0.0,0.0,0.0,0.0,0.0,0.0,0.0,0.0
1206255.0,3941000,307.9,181903254.0,373939.05,0.30410000000000004,23.69,25.18846153846154,0.0175919261538461,7.475,50.27164845964751,0.5666666666666667,26.11351705931205,124.82218277709498,0.5393039101687379,6,10,1.0,0.0,0.0,0.0,0.0,0.0,0.0,0.0,0.0,0.0,0.0,1.0,0.0,0.0,0.0,0.0,0.0,0.0,0.0,0.0,0.0,0.0,0.0,0.0,0.0,0.0,0.0,0.0,0.0,0.0,0.0,0.0,0.0
75380.0,111252,1035.0,11367304.0,23367.8,0.1577272727,31.05,21.056153846153848,0.01654812,6.5,44.9250549076468,0.7775,18.57261302302903,267.8543756405344,0.4342812172228426,6,10,1.0,0.0,0.0,0.0,0.0,0.0,0.0,0.0,0.0,0.0,0.0,0.0,1.0,0.0,0.0,0.0,0.0,0.0,0.0,0.0,0.0,0.0,0.0,0.0,0.0,0.0,0.0,0.0,0.0,0.0,0.0,0.0,0.0
1791157.0,3106146,1049.5,270106475.6,555258.67,0.16310416670000003,28.24,25.52230769230769,0.0183178523076923,7.475,48.69837321427515,0.5666666666666667,18.911726479299997,287.6593895903163,0.2346032729174557,6,10,1.0,0.0,0.0,0.0,0.0,0.0,0.0,0.0,0.0,0.0,0.0,0.0,0.0,0.0,0.0,0.0,0.0,1.0,0.0,0.0,0.0,0.0,0.0,0.0,0.0,0.0,0.0,0.0,0.0,0.0,0.0,0.0,0.0
1528100.0,3001640,1003.4,230437480.0,473711.0,0.1316153846,64.52,26.44923076923077,0.0188689292307692,7.475,45.82500440040829,0.9446072796934866,38.534329604281496,134.76102733937716,0.29979259029465,6,10,1.0,0.0,0.0,0.0,0.0,0.0,0.0,0.0,0.0,0.0,0.0,0.0,0.0,0.0,0.0,0.0,0.0,0.0,1.0,0.0,0.0,0.0,0.0,0.0,0.0,0.0,0.0,0.0,0.0,0.0,0.0,0.0,0.0
30900.0,76400,1003.4,4659720.0,9579.0,0.238,64.52,26.44923076923077,0.0188689292307692,7.475,49.8579039526205,0.9446072796934866,23.6561104516216,308.5265035858515,0.6783874142950829,3,6,0.0,0.0,1.0,0.0,0.0,0.0,0.0,0.0,0.0,0.0,0.0,0.0,0.0,0.0,0.0,0.0,0.0,0.0,1.0,0.0,0.0,0.0,0.0,0.0,0.0,0.0,0.0,0.0,0.0,0.0,0.0,0.0,0.0
122690.0,257580,1176.7,18501652.0,38033.9,0.19377777780000002,46.39,21.01153846153846,0.0165795507692307,6.5,47.26388286501496,0.7775,24.30798170479205,194.76060377613703,0.1359031465027004,6,10,1.0,0.0,0.0,0.0,0.0,0.0,0.0,0.0,0.0,0.0,0.0,0.0,0.0,0.0,0.0,0.0,0.0,0.0,0.0,1.0,0.0,0.0,0.0,0.0,0.0,0.0,0.0,0.0,0.0,0.0,0.0,0.0,0.0
24706.0,27128,2050.2,3725664.8,7658.86,0.1095,0.18,22.049230769230768,0.0235739353846153,6.609240608075417,49.191176034922606,0.9446072796934866,24.637212315685048,301.383904763987,0.5565179486198214,9,12,0.0,0.0,0.0,0.0,0.0,0.0,0.0,0.0,0.0,0.0,0.0,0.0,0.0,0.0,0.0,0.0,0.0,0.0,0.0,0.0,0.0,1.0,0.0,0.0,0.0,0.0,0.0,0.0,0.0,0.0,0.0,0.0,0.0
14330.0,29983,2050.2,2160964.0,4442.3,0.22925,0.18,22.049230769230768,0.0235739353846153,6.609240608075417,48.31407238830606,0.9446072796934866,9.474945770941284,142.19529637217167,0.3686784906998499,6,10,1.0,0.0,0.0,0.0,0.0,0.0,0.0,0.0,0.0,0.0,0.0,0.0,0.0,0.0,0.0,0.0,0.0,0.0,0.0,0.0,0.0,1.0,0.0,0.0,0.0,0.0,0.0,0.0,0.0,0.0,0.0,0.0,0.0
306.0,589,2050.2,46144.8,94.86,0.23525000000000001,0.22,22.18692307692308,0.0236003676923076,6.609240608075417,50.36133730437093,0.9446072796934866,29.185521721262404,311.47342529992005,0.2643046261038649,10,4,0.0,1.0,0.0,0.0,0.0,0.0,0.0,0.0,0.0,0.0,0.0,0.0,0.0,0.0,0.0,0.0,0.0,0.0,0.0,0.0,0.0,1.0,0.0,0.0,0.0,0.0,0.0,0.0,0.0,0.0,0.0,0.0,0.0
179780.0,396230,1296.6,27110824.0,55731.8,0.215,42.95,25.616153846153846,0.0167032246153846,6.5,47.47691751267992,0.7775,32.853898877304395,141.8104809865613,0.8055779805575481,6,10,1.0,0.0,0.0,0.0,0.0,0.0,0.0,0.0,0.0,0.0,0.0,0.0,0.0,0.0,0.0,0.0,0.0,0.0,0.0,0.0,0.0,0.0,1.0,0.0,0.0,0.0,0.0,0.0,0.0,0.0,0.0,0.0,0.0
3550.0,8950,1296.6,535340.0,1100.5,0.252,109.59,25.58115384615385,0.0164948123076923,6.5,45.25837105568757,0.7775,8.788466707365055,296.553335248306,0.4019619881701073,10,4,0.0,1.0,0.0,0.0,0.0,0.0,0.0,0.0,0.0,0.0,0.0,0.0,0.0,0.0,0.0,0.0,0.0,0.0,0.0,0.0,0.0,0.0,1.0,0.0,0.0,0.0,0.0,0.0,0.0,0.0,0.0,0.0,0.0
2849000.0,11390000,338.9,429629200.0,883190.0,0.39236363640000005,17.29,25.094615384615388,0.0180247846153846,6.5,46.37044727933092,0.7775,40.599512119468415,202.24976660678607,0.6259400535071912,6,10,1.0,0.0,0.0,0.0,0.0,0.0,0.0,0.0,0.0,0.0,0.0,0.0,0.0,0.0,0.0,0.0,0.0,0.0,0.0,0.0,0.0,0.0,0.0,0.0,0.0,1.0,0.0,0.0,0.0,0.0,0.0,0.0,0.0
1493276.0,4050334,706.8,225186020.8,462915.56,0.3293225806,35.43,27.97,0.0197389938461538,6.609240608075417,50.400763923716354,1.15,9.013793822637547,214.38392199574443,0.6081188306351342,6,10,1.0,0.0,0.0,0.0,0.0,0.0,0.0,0.0,0.0,0.0,0.0,0.0,0.0,0.0,0.0,0.0,0.0,0.0,0.0,0.0,0.0,0.0,0.0,0.0,0.0,0.0,0.0,1.0,0.0,0.0,0.0,0.0,0.0
254743.0,713222,1882.2,38415244.4,78970.33,0.27799999999999997,61.02,25.037692307692307,0.0170294953846153,6.5,45.51065931979632,0.7775,25.62950465666735,186.04787599565324,0.2960318426068707,6,10,1.0,0.0,0.0,0.0,0.0,0.0,0.0,0.0,0.0,0.0,0.0,0.0,0.0,0.0,0.0,0.0,0.0,0.0,0.0,0.0,0.0,0.0,0.0,0.0,0.0,0.0,0.0,0.0,0.0,1.0,0.0,0.0,0.0
5837298.0,14353736,746.3,880264538.4,1809562.38,0.24092,23.69,25.18846153846154,0.0175919261538461,7.475,50.65835827841112,0.5666666666666667,17.50534905608854,237.14361945687023,0.7094016642835245,6,10,1.0,0.0,0.0,0.0,0.0,0.0,0.0,0.0,0.0,0.0,0.0,0.0,0.0,0.0,0.0,0.0,0.0,0.0,0.0,0.0,0.0,0.0,0.0,0.0,0.0,0.0,0.0,0.0,0.0,0.0,1.0,0.0,0.0
23984.0,62203,746.3,3616787.2,7435.04,0.2434761905,23.69,25.18846153846154,0.0175919261538461,7.475,48.22790215033369,0.5666666666666667,15.211697893230196,185.57698551776969,0.5523382433632682,3,6,0.0,0.0,1.0,0.0,0.0,0.0,0.0,0.0,0.0,0.0,0.0,0.0,0.0,0.0,0.0,0.0,0.0,0.0,0.0,0.0,0.0,0.0,0.0,0.0,0.0,0.0,0.0,0.0,0.0,0.0,1.0,0.0,0.0
255037.0,561339,1309.8,38459579.6,79061.47,0.1750769231,34.53,24.51846153846154,0.01769976,6.5,46.47786349160883,0.7775,42.21097304075532,316.5339297278991,0.4916186289027192,6,10,1.0,0.0,0.0,0.0,0.0,0.0,0.0,0.0,0.0,0.0,0.0,0.0,0.0,0.0,0.0,0.0,0.0,0.0,0.0,0.0,0.0,0.0,0.0,0.0,0.0,0.0,0.0,0.0,0.0,0.0,0.0,1.0,0.0
14200.0,45552,1309.8,2141360.0,4402.0,0.321,34.53,24.51846153846154,0.01769976,6.5,50.61491183736517,0.7775,37.56026523727112,314.2170193412096,0.7261894198914733,3,6,0.0,0.0,1.0,0.0,0.0,0.0,0.0,0.0,0.0,0.0,0.0,0.0,0.0,0.0,0.0,0.0,0.0,0.0,0.0,0.0,0.0,0.0,0.0,0.0,0.0,0.0,0.0,0.0,0.0,0.0,0.0,1.0,0.0
148761.0,129693,1102.0,22433158.8,46115.91,0.07613043480000001,48.29,24.51692307692308,0.0174994615384615,6.5,44.18121186880949,0.7775,27.217895710421764,303.76902310955666,0.3631253584687915,9,12,0.0,0.0,0.0,0.0,0.0,0.0,0.0,0.0,0.0,0.0,0.0,0.0,0.0,0.0,1.0,0.0,0.0,0.0,0.0,0.0,0.0,0.0,0.0,0.0,0.0,0.0,0.0,0.0,0.0,0.0,0.0,0.0,0.0
942310.0,1292796,1102.0,142100348.0,292116.1,0.1338333333,106.42,24.365384615384617,0.0172315938461538,6.5,44.72712219671196,0.7775,24.202692371406325,229.1781811748382,0.6150681016919757,11,3,0.0,0.0,0.0,1.0,0.0,0.0,0.0,0.0,0.0,0.0,0.0,0.0,0.0,0.0,1.0,0.0,0.0,0.0,0.0,0.0,0.0,0.0,0.0,0.0,0.0,0.0,0.0,0.0,0.0,0.0,0.0,0.0,0.0
205082.0,471150,1566.0,30926365.6,63575.42,0.22594444440000003,42.95,25.616153846153846,0.0167032246153846,6.5,49.68944366005383,0.7775,13.233954711719932,264.79266102047126,0.8099647152319907,9,12,0.0,0.0,0.0,0.0,0.0,0.0,0.0,0.0,0.0,0.0,0.0,0.0,0.0,0.0,0.0,0.0,0.0,0.0,0.0,0.0,0.0,0.0,0.0,0.0,0.0,0.0,0.0,0.0,0.0,0.0,0.0,0.0,1.0
1228263.0,4065052,1566.0,185222060.4,380761.53,0.3206111111,42.95,25.616153846153846,0.0167032246153846,6.5,48.46895831600124,0.7775,24.424365006124223,134.33505155863287,0.3850336234160263,3,6,0.0,0.0,1.0,0.0,0.0,0.0,0.0,0.0,0.0,0.0,0.0,0.0,0.0,0.0,0.0,0.0,0.0,0.0,0.0,0.0,0.0,0.0,0.0,0.0,0.0,0.0,0.0,0.0,0.0,0.0,0.0,0.0,1.0
4010973.0,10410533,1566.0,604854728.4,1243401.63,0.253,109.59,25.58115384615385,0.0164948123076923,6.5,48.15138590200685,0.7775,26.84819529056345,274.0191159595956,0.2267500346250814,11,3,0.0,0.0,0.0,1.0,0.0,0.0,0.0,0.0,0.0,0.0,0.0,0.0,0.0,0.0,0.0,0.0,0.0,0.0,0.0,0.0,0.0,0.0,0.0,0.0,0.0,0.0,0.0,0.0,0.0,0.0,0.0,0.0,1.0
549404.0,798676,1069.9,79383383.96,148339.08,0.1413,33.45,25.436153846153847,0.0173177723076923,6.5,47.45279369747543,0.7775,12.025292226529398,321.59730554282766,0.4863617088969229,9,12,0.0,0.0,0.0,0.0,0.0,0.0,1.0,0.0,0.0,0.0,0.0,0.0,0.0,0.0,0.0,0.0,0.0,0.0,0.0,0.0,0.0,0.0,0.0,0.0,0.0,0.0,0.0,0.0,0.0,0.0,0.0,0.0,0.0
92207.0,215952,1069.9,13322989.43,24895.89,0.22331578950000003,33.45,25.436153846153847,0.0173177723076923,6.5,44.80110380639884,0.7775,27.86134589933914,267.1299730369336,0.5036693754659287,3,6,0.0,0.0,1.0,0.0,0.0,0.0,1.0,0.0,0.0,0.0,0.0,0.0,0.0,0.0,0.0,0.0,0.0,0.0,0.0,0.0,0.0,0.0,0.0,0.0,0.0,0.0,0.0,0.0,0.0,0.0,0.0,0.0,0.0
2509203.0,5634961,1069.9,362554741.5,677484.81,0.20668421050000002,72.99,25.567692307692308,0.0171909415384615,6.5,46.57757322797818,0.7775,24.36820733619671,163.92557065137237,0.7614548287812526,11,3,0.0,0.0,0.0,1.0,0.0,0.0,1.0,0.0,0.0,0.0,0.0,0.0,0.0,0.0,0.0,0.0,0.0,0.0,0.0,0.0,0.0,0.0,0.0,0.0,0.0,0.0,0.0,0.0,0.0,0.0,0.0,0.0,0.0
3987721.0,7102729,1418.3,576185807.3,1076684.67,0.175037037,59.25,25.60846153846154,0.0178588523076923,8.222222222222221,49.65846847456919,1.14,42.64531314615091,290.9295790125197,0.4587994998241949,6,10,1.0,0.0,0.0,0.0,0.0,0.0,0.0,1.0,0.0,0.0,0.0,0.0,0.0,0.0,0.0,0.0,0.0,0.0,0.0,0.0,0.0,0.0,0.0,0.0,0.0,0.0,0.0,0.0,0.0,0.0,0.0,0.0,0.0
787300.0,1672585,1006.5,113756977.0,212571.0,0.1939411765,36.34,26.088461538461537,0.0191499784615384,7.475,48.62149573243121,0.9446072796934866,50.07676385703057,292.38176123090386,0.6873625098615245,6,10,1.0,0.0,0.0,0.0,0.0,0.0,0.0,0.0,0.0,0.0,1.0,0.0,0.0,0.0,0.0,0.0,0.0,0.0,0.0,0.0,0.0,0.0,0.0,0.0,0.0,0.0,0.0,0.0,0.0,0.0,0.0,0.0,0.0
33099.0,105505,1006.5,4782474.51,8936.73,0.31336363640000003,36.34,26.088461538461537,0.0191499784615384,7.475,49.38870563666308,0.9446072796934866,22.562706730438503,236.81433614965945,0.5559918879897832,3,6,0.0,0.0,1.0,0.0,0.0,0.0,0.0,0.0,0.0,0.0,1.0,0.0,0.0,0.0,0.0,0.0,0.0,0.0,0.0,0.0,0.0,0.0,0.0,0.0,0.0,0.0,0.0,0.0,0.0,0.0,0.0,0.0,0.0
1244000.0,4041000,452.2,179745560.0,335880.0,0.31120000000000003,41.43,24.30307692307692,0.0175789661538461,7.475,46.18736610886735,0.5666666666666667,18.63408248947868,215.536747817234,0.3841786584260889,6,10,1.0,0.0,0.0,0.0,0.0,0.0,0.0,0.0,0.0,0.0,0.0,1.0,0.0,0.0,0.0,0.0,0.0,0.0,0.0,0.0,0.0,0.0,0.0,0.0,0.0,0.0,0.0,0.0,0.0,0.0,0.0,0.0,0.0
73139.0,106899,1216.9,10567854.11,19747.53,0.15654545450000001,52.72,20.79692307692308,0.016411403076923,6.5,47.78203077763868,0.7775,33.69081705041677,219.594882691309,0.2005584742210359,6,10,1.0,0.0,0.0,0.0,0.0,0.0,0.0,0.0,0.0,0.0,0.0,0.0,1.0,0.0,0.0,0.0,0.0,0.0,0.0,0.0,0.0,0.0,0.0,0.0,0.0,0.0,0.0,0.0,0.0,0.0,0.0,0.0,0.0
1881546.0,3321724,1451.4,271864581.5,508017.42,0.1410204082,36.56,25.11923076923077,0.0178074276923076,7.475,48.89695425089547,0.5666666666666667,8.447054400416937,260.8700082479139,0.5064044925317481,6,10,1.0,0.0,0.0,0.0,0.0,0.0,0.0,0.0,0.0,0.0,0.0,0.0,0.0,0.0,0.0,0.0,0.0,1.0,0.0,0.0,0.0,0.0,0.0,0.0,0.0,0.0,0.0,0.0,0.0,0.0,0.0,0.0,0.0
1567500.0,3016600,1409.8,226488075.0,423225.0,0.1436,87.84,26.413846153846155,0.0178715076923076,7.475,48.028436749498844,0.9446072796934866,29.99457850679109,180.24370681631285,0.3181568559586892,6,10,1.0,0.0,0.0,0.0,0.0,0.0,0.0,0.0,0.0,0.0,0.0,0.0,0.0,0.0,0.0,0.0,0.0,0.0,1.0,0.0,0.0,0.0,0.0,0.0,0.0,0.0,0.0,0.0,0.0,0.0,0.0,0.0,0.0
37400.0,91690,1409.8,5403926.0,10098.0,0.2423333333,87.84,26.413846153846155,0.0178715076923076,7.475,50.51395700003892,0.9446072796934866,16.03175420415103,295.5287586589336,0.301666334321242,3,6,0.0,0.0,1.0,0.0,0.0,0.0,0.0,0.0,0.0,0.0,0.0,0.0,0.0,0.0,0.0,0.0,0.0,0.0,1.0,0.0,0.0,0.0,0.0,0.0,0.0,0.0,0.0,0.0,0.0,0.0,0.0,0.0,0.0
222800.0,597670,1428.8,32192372.0,60156.0,0.2354444444,57.29,21.183846153846154,0.01692504,6.5,49.38141949123751,0.7775,35.594859228738386,162.52132706584325,0.6690922228514027,6,10,1.0,0.0,0.0,0.0,0.0,0.0,0.0,0.0,0.0,0.0,0.0,0.0,0.0,0.0,0.0,0.0,0.0,0.0,0.0,1.0,0.0,0.0,0.0,0.0,0.0,0.0,0.0,0.0,0.0,0.0,0.0,0.0,0.0
22633.0,25671,1848.8,3270242.17,6110.91,0.110625,0.04,22.324615384615388,0.0236268,6.609240608075417,44.8615852396657,0.9446072796934866,12.947740683381753,135.93522540556697,0.5172421611364688,9,12,0.0,0.0,0.0,0.0,0.0,0.0,0.0,0.0,0.0,0.0,0.0,0.0,0.0,0.0,0.0,0.0,0.0,0.0,0.0,0.0,0.0,1.0,0.0,0.0,0.0,0.0,0.0,0.0,0.0,0.0,0.0,0.0,0.0
15620.0,32440,1848.8,2256933.8,4217.4,0.21475,0.04,22.324615384615388,0.0236268,6.609240608075417,48.74735735661685,0.9446072796934866,15.065419012025703,175.1753396068894,0.324686035718479,6,10,1.0,0.0,0.0,0.0,0.0,0.0,0.0,0.0,0.0,0.0,0.0,0.0,0.0,0.0,0.0,0.0,0.0,0.0,0.0,0.0,0.0,1.0,0.0,0.0,0.0,0.0,0.0,0.0,0.0,0.0,0.0,0.0,0.0
550.0,883,1848.8,79469.5,148.5,0.16666666670000002,0.09,22.26076923076923,0.0237191123076923,6.609240608075417,46.61854796790667,0.9446072796934866,15.842412391252978,188.7981350097366,0.3741971083004925,10,4,0.0,1.0,0.0,0.0,0.0,0.0,0.0,0.0,0.0,0.0,0.0,0.0,0.0,0.0,0.0,0.0,0.0,0.0,0.0,0.0,0.0,1.0,0.0,0.0,0.0,0.0,0.0,0.0,0.0,0.0,0.0,0.0,0.0
185670.0,419640,1350.9,26827458.3,50130.9,0.2203636364,66.64,25.54615384615385,0.0162864,6.5,47.6407939640368,0.7775,16.13896325346615,264.6056096697118,0.7429618568888179,6,10,1.0,0.0,0.0,0.0,0.0,0.0,0.0,0.0,0.0,0.0,0.0,0.0,0.0,0.0,0.0,0.0,0.0,0.0,0.0,0.0,0.0,0.0,1.0,0.0,0.0,0.0,0.0,0.0,0.0,0.0,0.0,0.0,0.0
3810.0,10000,1350.9,550506.9,1028.7,0.2633333333,112.68,25.62423076923077,0.0164575384615384,6.5,49.847047184548586,0.7775,10.989646578652168,303.9760095227284,0.4566365413738055,10,4,0.0,1.0,0.0,0.0,0.0,0.0,0.0,0.0,0.0,0.0,0.0,0.0,0.0,0.0,0.0,0.0,0.0,0.0,0.0,0.0,0.0,0.0,1.0,0.0,0.0,0.0,0.0,0.0,0.0,0.0,0.0,0.0,0.0
2851000.0,11267000,586.6,411940990.0,769770.0,0.3834090909,29.14,24.86692307692308,0.0173245846153846,6.5,48.80198326519547,0.7775,29.848599884499144,246.7254217560655,0.3241101525312737,6,10,1.0,0.0,0.0,0.0,0.0,0.0,0.0,0.0,0.0,0.0,0.0,0.0,0.0,0.0,0.0,0.0,0.0,0.0,0.0,0.0,0.0,0.0,0.0,0.0,0.0,1.0,0.0,0.0,0.0,0.0,0.0,0.0,0.0
1166334.0,3768045,1348.7,168523599.7,314910.18,0.31155555560000003,33.07,25.87769230769231,0.018712883076923,5.933333333333334,47.28275608558247,0.9446072796934866,16.402121927197978,269.041344419769,0.3444425563179776,6,10,1.0,0.0,0.0,0.0,0.0,0.0,0.0,0.0,0.0,0.0,0.0,0.0,0.0,0.0,0.0,0.0,0.0,0.0,0.0,0.0,0.0,0.0,0.0,0.0,0.0,0.0,0.0,0.0,1.0,0.0,0.0,0.0,0.0
828103.0,2813045,1348.7,119652602.5,223587.81,0.3203333333,56.11,26.10307692307692,0.0188762123076923,5.933333333333334,45.11676230821599,0.9446072796934866,9.339789740814163,227.68071536656,0.4686704479880273,10,4,0.0,1.0,0.0,0.0,0.0,0.0,0.0,0.0,0.0,0.0,0.0,0.0,0.0,0.0,0.0,0.0,0.0,0.0,0.0,0.0,0.0,0.0,0.0,0.0,0.0,0.0,0.0,0.0,1.0,0.0,0.0,0.0,0.0
254254.0,711831,2043.5,36737160.46,68648.58,0.2775,64.85,25.26846153846154,0.0173054492307692,6.5,44.97132137916216,0.7775,16.146346162596977,188.5404028870032,0.5692111518063483,6,10,1.0,0.0,0.0,0.0,0.0,0.0,0.0,0.0,0.0,0.0,0.0,0.0,0.0,0.0,0.0,0.0,0.0,0.0,0.0,0.0,0.0,0.0,0.0,0.0,0.0,0.0,0.0,0.0,0.0,1.0,0.0,0.0,0.0
5955306.0,14565665,995.2,860482163.9,1607932.62,0.2396133333,41.43,24.30307692307692,0.0175789661538461,7.475,48.74361425462984,0.5666666666666667,11.629598527195563,226.1522515885323,0.5199235658544942,6,10,1.0,0.0,0.0,0.0,0.0,0.0,0.0,0.0,0.0,0.0,0.0,0.0,0.0,0.0,0.0,0.0,0.0,0.0,0.0,0.0,0.0,0.0,0.0,0.0,0.0,0.0,0.0,0.0,0.0,0.0,1.0,0.0,0.0
27063.0,70171,995.2,3910332.87,7307.01,0.24790476190000002,41.43,24.30307692307692,0.0175789661538461,7.475,46.97979112731766,0.5666666666666667,33.56848345630161,235.5467526178475,0.1552444096960934,3,6,0.0,0.0,1.0,0.0,0.0,0.0,0.0,0.0,0.0,0.0,0.0,0.0,0.0,0.0,0.0,0.0,0.0,0.0,0.0,0.0,0.0,0.0,0.0,0.0,0.0,0.0,0.0,0.0,0.0,0.0,1.0,0.0,0.0
246959.0,551758,1735.4,35683105.91,66678.93,0.1736153846,62.21,23.815384615384616,0.017192963076923,6.5,49.4795270342397,0.7775,29.83691020407841,212.3539498990587,0.4151182256926735,6,10,1.0,0.0,0.0,0.0,0.0,0.0,0.0,0.0,0.0,0.0,0.0,0.0,0.0,0.0,0.0,0.0,0.0,0.0,0.0,0.0,0.0,0.0,0.0,0.0,0.0,0.0,0.0,0.0,0.0,0.0,0.0,1.0,0.0
12420.0,41310,1735.4,1794565.8,3353.4,0.33533333330000004,62.21,23.815384615384616,0.017192963076923,6.5,48.39663001716617,0.7775,29.940645316347684,270.4099853505659,0.53503410519476,3,6,0.0,0.0,1.0,0.0,0.0,0.0,0.0,0.0,0.0,0.0,0.0,0.0,0.0,0.0,0.0,0.0,0.0,0.0,0.0,0.0,0.0,0.0,0.0,0.0,0.0,0.0,0.0,0.0,0.0,0.0,0.0,1.0,0.0
154068.0,131682,1253.6,22261285.32,41598.36,0.0854782609,58.13,24.213846153846152,0.0169637261538461,6.5,48.84592983126392,0.7775,31.383406685676224,292.8255396330333,0.5481360099251117,9,12,0.0,0.0,0.0,0.0,0.0,0.0,0.0,0.0,0.0,0.0,0.0,0.0,0.0,0.0,1.0,0.0,0.0,0.0,0.0,0.0,0.0,0.0,0.0,0.0,0.0,0.0,0.0,0.0,0.0,0.0,0.0,0.0,0.0
933073.0,1366639,1253.6,134819717.8,251929.71,0.14220833330000002,99.86,24.407307692307693,0.0171671261538461,6.5,47.54599753215814,0.7775,13.74834260478378,227.9098237065147,0.4644464108445947,11,3,0.0,0.0,0.0,1.0,0.0,0.0,0.0,0.0,0.0,0.0,0.0,0.0,0.0,0.0,1.0,0.0,0.0,0.0,0.0,0.0,0.0,0.0,0.0,0.0,0.0,0.0,0.0,0.0,0.0,0.0,0.0,0.0,0.0
210036.0,493651,1939.9,30348101.64,56709.72,0.22527777780000002,66.64,25.54615384615385,0.0162864,6.5,46.85064563868025,0.7775,26.87936819240168,198.4408970549697,0.6347986631694478,9,12,0.0,0.0,0.0,0.0,0.0,0.0,0.0,0.0,0.0,0.0,0.0,0.0,0.0,0.0,0.0,0.0,0.0,0.0,0.0,0.0,0.0,0.0,0.0,0.0,0.0,0.0,0.0,0.0,0.0,0.0,0.0,0.0,1.0
1286995.0,4338142,1939.9,185957907.6,347488.65,0.3127222222,66.64,25.54615384615385,0.0162864,6.5,48.55300893000107,0.7775,16.874346821173365,271.6085775235896,0.6568454186002635,3,6,0.0,0.0,1.0,0.0,0.0,0.0,0.0,0.0,0.0,0.0,0.0,0.0,0.0,0.0,0.0,0.0,0.0,0.0,0.0,0.0,0.0,0.0,0.0,0.0,0.0,0.0,0.0,0.0,0.0,0.0,0.0,0.0,1.0
4016656.0,10545076,1939.9,580366625.4,1084497.12,0.2626111111,112.68,25.62423076923077,0.0164575384615384,6.5,48.60638627224333,0.7775,26.137732631999683,208.13348387822697,0.5587325888064195,11,3,0.0,0.0,0.0,1.0,0.0,0.0,0.0,0.0,0.0,0.0,0.0,0.0,0.0,0.0,0.0,0.0,0.0,0.0,0.0,0.0,0.0,0.0,0.0,0.0,0.0,0.0,0.0,0.0,0.0,0.0,0.0,0.0,1.0
581128.0,1010341,1061.0,87727082.88,191772.24,0.1738965517,39.54,25.69923076923077,0.0170641107692307,6.5,46.93527778324894,0.7775,29.125274693621098,294.8526227639137,0.7443375925307822,9,12,0.0,0.0,0.0,0.0,0.0,0.0,1.0,0.0,0.0,0.0,0.0,0.0,0.0,0.0,0.0,0.0,0.0,0.0,0.0,0.0,0.0,0.0,0.0,0.0,0.0,0.0,0.0,0.0,0.0,0.0,0.0,0.0,0.0
82265.0,181555,1061.0,12418724.4,27147.45,0.19717647060000001,39.54,25.69923076923077,0.0170641107692307,6.5,49.11484751530213,0.7775,14.159145726481032,235.8690395108385,0.4290437544772286,3,6,0.0,0.0,1.0,0.0,0.0,0.0,1.0,0.0,0.0,0.0,0.0,0.0,0.0,0.0,0.0,0.0,0.0,0.0,0.0,0.0,0.0,0.0,0.0,0.0,0.0,0.0,0.0,0.0,0.0,0.0,0.0,0.0,0.0
2599981.0,7049728,1061.0,392493131.8,857993.73,0.2625263158,71.49,26.22346153846153,0.0169792892307692,6.5,44.89424510697888,0.7775,13.235674466984626,205.1494605840751,0.6892248782462903,11,3,0.0,0.0,0.0,1.0,0.0,0.0,1.0,0.0,0.0,0.0,0.0,0.0,0.0,0.0,0.0,0.0,0.0,0.0,0.0,0.0,0.0,0.0,0.0,0.0,0.0,0.0,0.0,0.0,0.0,0.0,0.0,0.0,0.0
4035700.0,7977746,1274.7,609229272.0,1331781.0,0.19296296300000002,45.87,25.591538461538462,0.0183576738461538,8.222222222222221,50.50852170529149,1.14,22.224392227517065,267.515868141058,0.4865638854800553,6,10,1.0,0.0,0.0,0.0,0.0,0.0,0.0,1.0,0.0,0.0,0.0,0.0,0.0,0.0,0.0,0.0,0.0,0.0,0.0,0.0,0.0,0.0,0.0,0.0,0.0,0.0,0.0,0.0,0.0,0.0,0.0,0.0,0.0
763205.0,1671308,605.6,115213426.8,251857.65,0.1867368421,16.23,26.88230769230769,0.019871003076923,7.475,46.39401314324947,0.9446072796934866,20.077029983361705,226.2179312417659,0.2786672390289201,6,10,1.0,0.0,0.0,0.0,0.0,0.0,0.0,0.0,0.0,0.0,1.0,0.0,0.0,0.0,0.0,0.0,0.0,0.0,0.0,0.0,0.0,0.0,0.0,0.0,0.0,0.0,0.0,0.0,0.0,0.0,0.0,0.0,0.0
31238.0,100275,605.6,4715688.48,10308.54,0.3144166667,16.23,26.88230769230769,0.019871003076923,7.475,46.949092828380536,0.9446072796934866,36.71074751240375,222.5480005436574,0.3260675404133979,3,6,0.0,0.0,1.0,0.0,0.0,0.0,0.0,0.0,0.0,0.0,1.0,0.0,0.0,0.0,0.0,0.0,0.0,0.0,0.0,0.0,0.0,0.0,0.0,0.0,0.0,0.0,0.0,0.0,0.0,0.0,0.0,0.0,0.0
1277000.0,3989000,301.3,192775920.0,421410.0,0.29465,20.97,25.396153846153844,0.0178105292307692,7.475,44.665130557232665,0.5666666666666667,19.41383624018576,324.4966068860742,0.2433677381947256,6,10,1.0,0.0,0.0,0.0,0.0,0.0,0.0,0.0,0.0,0.0,0.0,1.0,0.0,0.0,0.0,0.0,0.0,0.0,0.0,0.0,0.0,0.0,0.0,0.0,0.0,0.0,0.0,0.0,0.0,0.0,0.0,0.0,0.0
72380.0,116365,1019.9,10926484.8,23885.4,0.17200000000000001,33.52,21.11384615384616,0.016699043076923,6.5,46.73785789905926,0.7775,35.66247133467503,189.75674137160016,0.5551921944080999,6,10,1.0,0.0,0.0,0.0,0.0,0.0,0.0,0.0,0.0,0.0,0.0,0.0,1.0,0.0,0.0,0.0,0.0,0.0,0.0,0.0,0.0,0.0,0.0,0.0,0.0,0.0,0.0,0.0,0.0,0.0,0.0,0.0,0.0
2057000.0,3522660,891.2,310524720.0,678810.0,0.16634883720000002,27.83,25.82307692307692,0.0183138092307692,7.475,48.812577411631175,0.5666666666666667,19.46146226811405,274.511750557733,0.7512368986060747,6,10,1.0,0.0,0.0,0.0,0.0,0.0,0.0,0.0,0.0,0.0,0.0,0.0,0.0,0.0,0.0,0.0,0.0,1.0,0.0,0.0,0.0,0.0,0.0,0.0,0.0,0.0,0.0,0.0,0.0,0.0,0.0,0.0,0.0
1508400.0,2835400,1001.6,227708064.0,497772.0,0.13064,83.16,26.96076923076923,0.018673643076923,7.475,44.82686747719212,0.9446072796934866,24.15528310623695,234.29677959009345,0.4777515572454129,6,10,1.0,0.0,0.0,0.0,0.0,0.0,0.0,0.0,0.0,0.0,0.0,0.0,0.0,0.0,0.0,0.0,0.0,0.0,1.0,0.0,0.0,0.0,0.0,0.0,0.0,0.0,0.0,0.0,0.0,0.0,0.0,0.0,0.0
42800.0,111200,1001.6,6461088.0,14124.0,0.252375,83.16,26.96076923076923,0.018673643076923,7.475,45.59315377803954,0.9446072796934866,20.718541119702333,272.4755622208525,0.4549939903627384,3,6,0.0,0.0,1.0,0.0,0.0,0.0,0.0,0.0,0.0,0.0,0.0,0.0,0.0,0.0,0.0,0.0,0.0,0.0,1.0,0.0,0.0,0.0,0.0,0.0,0.0,0.0,0.0,0.0,0.0,0.0,0.0,0.0,0.0
224380.0,501980,987.5,33872404.8,74045.4,0.2073333333,42.87,21.58923076923077,0.0173812707692307,6.5,46.91320923612872,0.7775,34.15637792257138,281.6487409674689,0.3376051190563113,6,10,1.0,0.0,0.0,0.0,0.0,0.0,0.0,0.0,0.0,0.0,0.0,0.0,0.0,0.0,0.0,0.0,0.0,0.0,0.0,1.0,0.0,0.0,0.0,0.0,0.0,0.0,0.0,0.0,0.0,0.0,0.0,0.0,0.0
20064.0,23583,2029.9,3028861.44,6621.12,0.114875,0.05,22.19692307692308,0.0238114246153846,6.609240608075417,47.58187280271104,0.9446072796934866,31.36726560142058,249.37987862161503,0.7640161955610982,9,12,0.0,0.0,0.0,0.0,0.0,0.0,0.0,0.0,0.0,0.0,0.0,0.0,0.0,0.0,0.0,0.0,0.0,0.0,0.0,0.0,0.0,1.0,0.0,0.0,0.0,0.0,0.0,0.0,0.0,0.0,0.0,0.0,0.0
16380.0,35983,2029.9,2472724.8,5405.4,0.22825000000000004,0.05,22.19692307692308,0.0238114246153846,6.609240608075417,46.45198806859707,0.9446072796934866,32.4275302990479,177.91315884982697,0.3733551622933369,6,10,1.0,0.0,0.0,0.0,0.0,0.0,0.0,0.0,0.0,0.0,0.0,0.0,0.0,0.0,0.0,0.0,0.0,0.0,0.0,0.0,0.0,1.0,0.0,0.0,0.0,0.0,0.0,0.0,0.0,0.0,0.0,0.0,0.0
486.0,1113,2029.9,73366.56,160.38,0.20633333330000003,0.08,22.033076923076923,0.0237375969230769,6.609240608075417,46.55323997139384,0.9446072796934866,17.49564905295019,268.1882182702637,0.3471143167263539,10,4,0.0,1.0,0.0,0.0,0.0,0.0,0.0,0.0,0.0,0.0,0.0,0.0,0.0,0.0,0.0,0.0,0.0,0.0,0.0,0.0,0.0,1.0,0.0,0.0,0.0,0.0,0.0,0.0,0.0,0.0,0.0,0.0,0.0
191230.0,443450,1333.3,28868080.8,63105.9,0.2260909091,46.04,25.70230769230769,0.0166286769230769,6.5,47.8398304644088,0.7775,26.039820317298982,208.48077015880563,0.6283313181872929,6,10,1.0,0.0,0.0,0.0,0.0,0.0,0.0,0.0,0.0,0.0,0.0,0.0,0.0,0.0,0.0,0.0,0.0,0.0,0.0,0.0,0.0,0.0,1.0,0.0,0.0,0.0,0.0,0.0,0.0,0.0,0.0,0.0,0.0
4010.0,10740,1333.3,605349.6,1323.3,0.26833333330000003,103.87,25.88,0.0162744784615384,6.5,44.625719719497255,0.7775,35.42221221966855,268.6673433983309,0.6667535403683129,10,4,0.0,1.0,0.0,0.0,0.0,0.0,0.0,0.0,0.0,0.0,0.0,0.0,0.0,0.0,0.0,0.0,0.0,0.0,0.0,0.0,0.0,0.0,1.0,0.0,0.0,0.0,0.0,0.0,0.0,0.0,0.0,0.0,0.0
2894000.0,11107000,382.7,436878240.0,955020.0,0.37281818180000004,27.68,24.62076923076923,0.0175482553846153,6.5,47.91114453995057,0.7775,12.425691815114927,261.71844859560554,0.6123462147557571,6,10,1.0,0.0,0.0,0.0,0.0,0.0,0.0,0.0,0.0,0.0,0.0,0.0,0.0,0.0,0.0,0.0,0.0,0.0,0.0,0.0,0.0,0.0,0.0,0.0,0.0,1.0,0.0,0.0,0.0,0.0,0.0,0.0,0.0
920307.0,2854873,746.4,138929544.7,303701.31,0.2958888889,23.04,26.328461538461536,0.0190395415384615,5.933333333333334,50.53666502534112,0.9446072796934866,36.45902294002483,206.07001922007117,0.2313445756309582,6,10,1.0,0.0,0.0,0.0,0.0,0.0,0.0,0.0,0.0,0.0,0.0,0.0,0.0,0.0,0.0,0.0,0.0,0.0,0.0,0.0,0.0,0.0,0.0,0.0,0.0,0.0,0.0,0.0,1.0,0.0,0.0,0.0,0.0
495113.0,1690109,746.4,74742258.48,163387.29,0.33322222220000003,38.83,26.727692307692305,0.0192694569230769,5.933333333333334,46.87672394790723,0.9446072796934866,12.49858773497617,212.99302461207128,0.5371253259960256,10,4,0.0,1.0,0.0,0.0,0.0,0.0,0.0,0.0,0.0,0.0,0.0,0.0,0.0,0.0,0.0,0.0,0.0,0.0,0.0,0.0,0.0,0.0,0.0,0.0,0.0,0.0,0.0,0.0,1.0,0.0,0.0,0.0,0.0
257273.0,746954,2015.7,38837932.08,84900.09,0.2885,66.48,25.72153846153846,0.0177675507692307,6.5,50.64692318637669,0.7775,25.57188970976025,228.1691756992853,0.2155395455130849,6,10,1.0,0.0,0.0,0.0,0.0,0.0,0.0,0.0,0.0,0.0,0.0,0.0,0.0,0.0,0.0,0.0,0.0,0.0,0.0,0.0,0.0,0.0,0.0,0.0,0.0,0.0,0.0,0.0,0.0,1.0,0.0,0.0,0.0
5842029.0,13241518,616.4,881912697.8,1927869.57,0.22405333330000002,20.97,25.396153846153844,0.0178105292307692,7.475,50.45016559431924,0.5666666666666667,16.109628587988475,225.2477132953304,0.3323163698450331,6,10,1.0,0.0,0.0,0.0,0.0,0.0,0.0,0.0,0.0,0.0,0.0,0.0,0.0,0.0,0.0,0.0,0.0,0.0,0.0,0.0,0.0,0.0,0.0,0.0,0.0,0.0,0.0,0.0,0.0,0.0,1.0,0.0,0.0
29947.0,75449,616.4,4520799.12,9882.51,0.23840909090000004,20.97,25.396153846153844,0.0178105292307692,7.475,45.54770191082426,0.5666666666666667,8.883328067028412,245.3201943564609,0.563410290882746,3,6,0.0,0.0,1.0,0.0,0.0,0.0,0.0,0.0,0.0,0.0,0.0,0.0,0.0,0.0,0.0,0.0,0.0,0.0,0.0,0.0,0.0,0.0,0.0,0.0,0.0,0.0,0.0,0.0,0.0,0.0,1.0,0.0,0.0
247698.0,561856,1287.4,37392490.08,81740.34,0.17384615380000001,31.0,24.705384615384617,0.0178953507692307,6.5,49.7408469940175,0.7775,34.94428874418726,319.73375385626787,0.5279772061650195,6,10,1.0,0.0,0.0,0.0,0.0,0.0,0.0,0.0,0.0,0.0,0.0,0.0,0.0,0.0,0.0,0.0,0.0,0.0,0.0,0.0,0.0,0.0,0.0,0.0,0.0,0.0,0.0,0.0,0.0,0.0,0.0,1.0,0.0
12394.0,39004,1287.4,1870998.24,4090.02,0.315,31.0,24.705384615384617,0.0178953507692307,6.5,45.93053738679208,0.7775,23.46998521558838,264.39269698970946,0.6511495166799092,3,6,0.0,0.0,1.0,0.0,0.0,0.0,0.0,0.0,0.0,0.0,0.0,0.0,0.0,0.0,0.0,0.0,0.0,0.0,0.0,0.0,0.0,0.0,0.0,0.0,0.0,0.0,0.0,0.0,0.0,0.0,0.0,1.0,0.0
139909.0,143816,1156.6,21120662.64,46169.97,0.101,41.73,24.60076923076923,0.0173705261538461,6.5,50.39735641471762,0.7775,8.99072249930576,277.9232463897111,0.5665663567948922,9,12,0.0,0.0,0.0,0.0,0.0,0.0,0.0,0.0,0.0,0.0,0.0,0.0,0.0,0.0,1.0,0.0,0.0,0.0,0.0,0.0,0.0,0.0,0.0,0.0,0.0,0.0,0.0,0.0,0.0,0.0,0.0,0.0,0.0
849093.0,1248966,1156.6,128179079.3,280200.69,0.14166666670000003,86.28,24.898076923076925,0.01709532,6.5,49.36093437810784,0.7775,19.780481993447577,177.58356103422153,0.7406781375893625,11,3,0.0,0.0,0.0,1.0,0.0,0.0,0.0,0.0,0.0,0.0,0.0,0.0,0.0,0.0,1.0,0.0,0.0,0.0,0.0,0.0,0.0,0.0,0.0,0.0,0.0,0.0,0.0,0.0,0.0,0.0,0.0,0.0,0.0
227829.0,591451,1483.5,34393065.84,75183.57,0.2516111111,46.04,25.70230769230769,0.0166286769230769,6.5,46.70826948885925,0.7775,22.07934321542428,321.864305963413,0.2881060068341511,9,12,0.0,0.0,0.0,0.0,0.0,0.0,0.0,0.0,0.0,0.0,0.0,0.0,0.0,0.0,0.0,0.0,0.0,0.0,0.0,0.0,0.0,0.0,0.0,0.0,0.0,0.0,0.0,0.0,0.0,0.0,0.0,0.0,1.0
1290020.0,4351753,1483.5,194741419.2,425706.6,0.32544444440000003,46.04,25.70230769230769,0.0166286769230769,6.5,45.9546007915331,0.7775,18.61800442827548,210.50158679581085,0.7585911740300888,3,6,0.0,0.0,1.0,0.0,0.0,0.0,0.0,0.0,0.0,0.0,0.0,0.0,0.0,0.0,0.0,0.0,0.0,0.0,0.0,0.0,0.0,0.0,0.0,0.0,0.0,0.0,0.0,0.0,0.0,0.0,0.0,0.0,1.0
4008662.0,10983992,1483.5,605147615.5,1322858.46,0.2700555556,103.87,25.88,0.0162744784615384,6.5,49.683699415036685,0.7775,23.54015108817058,234.8306001623749,0.0964799733583635,11,3,0.0,0.0,0.0,1.0,0.0,0.0,0.0,0.0,0.0,0.0,0.0,0.0,0.0,0.0,0.0,0.0,0.0,0.0,0.0,0.0,0.0,0.0,0.0,0.0,0.0,0.0,0.0,0.0,0.0,0.0,0.0,0.0,1.0
549012.0,725206,874.0,86694484.92,181173.96,0.1347142857,31.95,26.747692307692304,0.0168944676923076,6.5,45.6473295042962,0.7775,30.5320026869703,190.96634107035783,0.4108820443487007,9,12,0.0,0.0,0.0,0.0,0.0,0.0,1.0,0.0,0.0,0.0,0.0,0.0,0.0,0.0,0.0,0.0,0.0,0.0,0.0,0.0,0.0,0.0,0.0,0.0,0.0,0.0,0.0,0.0,0.0,0.0,0.0,0.0,0.0
81302.0,200983,874.0,12838398.82,26829.66,0.2528333333,31.95,26.747692307692304,0.0168944676923076,6.5,47.10810627809546,0.7775,30.408765925332176,198.11380330946608,0.7350496136118125,3,6,0.0,0.0,1.0,0.0,0.0,0.0,1.0,0.0,0.0,0.0,0.0,0.0,0.0,0.0,0.0,0.0,0.0,0.0,0.0,0.0,0.0,0.0,0.0,0.0,0.0,0.0,0.0,0.0,0.0,0.0,0.0,0.0,0.0
2602000.0,5876027,874.0,410881820.0,858660.0,0.2166052632,66.15,26.75,0.0168195323076923,6.5,48.1633604892328,0.7775,18.36906108001576,318.44972702900634,0.620884813965119,11,3,0.0,0.0,0.0,1.0,0.0,0.0,1.0,0.0,0.0,0.0,0.0,0.0,0.0,0.0,0.0,0.0,0.0,0.0,0.0,0.0,0.0,0.0,0.0,0.0,0.0,0.0,0.0,0.0,0.0,0.0,0.0,0.0,0.0
3959746.0,5154328,1136.0,625283490.9,1306716.18,0.12196296300000001,42.42,25.89076923076923,0.0184736769230769,8.222222222222221,47.32833269661167,1.14,27.311034665415622,247.588453901186,0.6300762372201651,6,10,1.0,0.0,0.0,0.0,0.0,0.0,0.0,1.0,0.0,0.0,0.0,0.0,0.0,0.0,0.0,0.0,0.0,0.0,0.0,0.0,0.0,0.0,0.0,0.0,0.0,0.0,0.0,0.0,0.0,0.0,0.0,0.0,0.0
741042.0,1584355,584.3,117017942.2,244543.86,0.18952380950000003,24.05,27.17384615384616,0.0196754123076923,7.475,45.74076874581749,0.9446072796934866,10.39771763292419,242.20649181550868,0.6190586882598603,6,10,1.0,0.0,0.0,0.0,0.0,0.0,0.0,0.0,0.0,0.0,1.0,0.0,0.0,0.0,0.0,0.0,0.0,0.0,0.0,0.0,0.0,0.0,0.0,0.0,0.0,0.0,0.0,0.0,0.0,0.0,0.0,0.0,0.0
33140.0,107509,584.3,5233137.4,10936.2,0.3201818182,24.05,27.17384615384616,0.0196754123076923,7.475,50.64234731903039,0.9446072796934866,13.7450548272351,181.10056674607125,0.457618036078832,3,6,0.0,0.0,1.0,0.0,0.0,0.0,0.0,0.0,0.0,0.0,1.0,0.0,0.0,0.0,0.0,0.0,0.0,0.0,0.0,0.0,0.0,0.0,0.0,0.0,0.0,0.0,0.0,0.0,0.0,0.0,0.0,0.0,0.0
1353000.0,4142000,426.8,213652230.0,446490.0,0.2963,27.22,25.32,0.0176390584615384,7.475,45.88101424852527,0.5666666666666667,28.15481318586815,305.3338186184431,0.4115756472933426,6,10,1.0,0.0,0.0,0.0,0.0,0.0,0.0,0.0,0.0,0.0,0.0,1.0,0.0,0.0,0.0,0.0,0.0,0.0,0.0,0.0,0.0,0.0,0.0,0.0,0.0,0.0,0.0,0.0,0.0,0.0,0.0,0.0,0.0
71614.0,114670,1223.2,11308566.74,23632.62,0.1612727273,40.77,21.01923076923077,0.016794,6.5,46.97921093199745,0.7775,34.16930867969877,242.6525842232398,0.7050445322790602,6,10,1.0,0.0,0.0,0.0,0.0,0.0,0.0,0.0,0.0,0.0,0.0,0.0,1.0,0.0,0.0,0.0,0.0,0.0,0.0,0.0,0.0,0.0,0.0,0.0,0.0,0.0,0.0,0.0,0.0,0.0,0.0,0.0,0.0
2027000.0,3546790,1000.7,320083570.0,668910.0,0.17019047620000002,28.24,25.88153846153846,0.0183704123076923,7.475,47.83948298732277,0.5666666666666667,11.89048098315893,168.51826428956548,0.3363986121873635,6,10,1.0,0.0,0.0,0.0,0.0,0.0,0.0,0.0,0.0,0.0,0.0,0.0,0.0,0.0,0.0,0.0,0.0,1.0,0.0,0.0,0.0,0.0,0.0,0.0,0.0,0.0,0.0,0.0,0.0,0.0,0.0,0.0,0.0
1471400.0,2517100,875.7,232348774.0,485562.0,0.1334583333,60.99,26.951538461538465,0.0186395538461538,7.475,48.49504475094459,0.9446072796934866,14.785131580853852,308.65047979138615,0.5592855916325712,6,10,1.0,0.0,0.0,0.0,0.0,0.0,0.0,0.0,0.0,0.0,0.0,0.0,0.0,0.0,0.0,0.0,0.0,0.0,1.0,0.0,0.0,0.0,0.0,0.0,0.0,0.0,0.0,0.0,0.0,0.0,0.0,0.0,0.0
31400.0,76000,875.7,4958374.0,10362.0,0.2538888889,60.99,26.951538461538465,0.0186395538461538,7.475,50.60195624847061,0.9446072796934866,22.12328540100188,292.05560275269045,0.4580644156422361,3,6,0.0,0.0,1.0,0.0,0.0,0.0,0.0,0.0,0.0,0.0,0.0,0.0,0.0,0.0,0.0,0.0,0.0,0.0,1.0,0.0,0.0,0.0,0.0,0.0,0.0,0.0,0.0,0.0,0.0,0.0,0.0,0.0,0.0
237000.0,508140,1329.1,37424670.0,78210.0,0.1876666667,54.75,21.07230769230769,0.0162490707692307,6.5,47.898265853362325,0.7775,30.645076768318628,247.75927195343152,0.5904287215941093,6,10,1.0,0.0,0.0,0.0,0.0,0.0,0.0,0.0,0.0,0.0,0.0,0.0,0.0,0.0,0.0,0.0,0.0,0.0,0.0,1.0,0.0,0.0,0.0,0.0,0.0,0.0,0.0,0.0,0.0,0.0,0.0,0.0,0.0
19851.0,24343,2310.8,3134671.41,6550.83,0.122375,0.03,21.86923076923077,0.0236637692307692,6.609240608075417,48.445357769040434,0.9446072796934866,32.47085190176449,210.44401837304557,0.4830772414178579,9,12,0.0,0.0,0.0,0.0,0.0,0.0,0.0,0.0,0.0,0.0,0.0,0.0,0.0,0.0,0.0,0.0,0.0,0.0,0.0,0.0,0.0,1.0,0.0,0.0,0.0,0.0,0.0,0.0,0.0,0.0,0.0,0.0,0.0
16804.0,36471,2310.8,2653519.64,5545.32,0.21600000000000003,0.03,21.86923076923077,0.0236637692307692,6.609240608075417,49.95130166035104,0.9446072796934866,12.50715789355499,213.92679490456877,0.1603064780816966,6,10,1.0,0.0,0.0,0.0,0.0,0.0,0.0,0.0,0.0,0.0,0.0,0.0,0.0,0.0,0.0,0.0,0.0,0.0,0.0,0.0,0.0,1.0,0.0,0.0,0.0,0.0,0.0,0.0,0.0,0.0,0.0,0.0,0.0
498.0,1275,2310.8,78639.18,164.34,0.2515,0.1,22.23423076923077,0.0236206384615384,6.609240608075417,48.311057708513815,0.9446072796934866,20.90510408460492,193.54554787827527,0.2506352779205842,10,4,0.0,1.0,0.0,0.0,0.0,0.0,0.0,0.0,0.0,0.0,0.0,0.0,0.0,0.0,0.0,0.0,0.0,0.0,0.0,0.0,0.0,1.0,0.0,0.0,0.0,0.0,0.0,0.0,0.0,0.0,0.0,0.0,0.0
176790.0,427240,1308.3,27916908.9,58340.7,0.24100000000000002,57.83,26.057692307692307,0.01592028,6.5,45.72959509689519,0.7775,26.506618548044138,192.04262249413256,0.4577073088963956,6,10,1.0,0.0,0.0,0.0,0.0,0.0,0.0,0.0,0.0,0.0,0.0,0.0,0.0,0.0,0.0,0.0,0.0,0.0,0.0,0.0,0.0,0.0,1.0,0.0,0.0,0.0,0.0,0.0,0.0,0.0,0.0,0.0,0.0
4520.0,12220,1308.3,713753.2,1491.6,0.2703333333,115.48,26.266153846153845,0.0159974446153846,6.5,48.912877561030086,0.7775,19.49522075974669,319.63741615991046,0.5049184098168835,10,4,0.0,1.0,0.0,0.0,0.0,0.0,0.0,0.0,0.0,0.0,0.0,0.0,0.0,0.0,0.0,0.0,0.0,0.0,0.0,0.0,0.0,0.0,1.0,0.0,0.0,0.0,0.0,0.0,0.0,0.0,0.0,0.0,0.0
2975000.0,11823000,512.6,469782250.0,981750.0,0.39231818180000005,27.3,24.84692307692308,0.0173089661538461,6.5,45.9395239972452,0.7775,24.928654704503217,267.8994982858469,0.4567820436965317,6,10,1.0,0.0,0.0,0.0,0.0,0.0,0.0,0.0,0.0,0.0,0.0,0.0,0.0,0.0,0.0,0.0,0.0,0.0,0.0,0.0,0.0,0.0,0.0,0.0,0.0,1.0,0.0,0.0,0.0,0.0,0.0,0.0,0.0
748713.0,2197030,747.9,118229269.8,247075.29,0.28222222220000004,15.79,27.12692307692308,0.0194993723076923,5.933333333333334,46.68921791791821,0.9446072796934866,19.076208034614872,208.9856282546363,0.265360787366992,6,10,1.0,0.0,0.0,0.0,0.0,0.0,0.0,0.0,0.0,0.0,0.0,0.0,0.0,0.0,0.0,0.0,0.0,0.0,0.0,0.0,0.0,0.0,0.0,0.0,0.0,0.0,0.0,0.0,1.0,0.0,0.0,0.0,0.0
297475.0,850259,747.9,46974277.25,98166.75,0.2785555556,38.73,26.876153846153844,0.0192034246153846,5.933333333333334,49.26439766555626,0.9446072796934866,23.54410991434335,267.3324390120489,0.3232454444284344,10,4,0.0,1.0,0.0,0.0,0.0,0.0,0.0,0.0,0.0,0.0,0.0,0.0,0.0,0.0,0.0,0.0,0.0,0.0,0.0,0.0,0.0,0.0,0.0,0.0,0.0,0.0,0.0,0.0,1.0,0.0,0.0,0.0,0.0
199818.0,575826,2334.4,31553260.38,65939.94,0.28950000000000004,85.49000000000001,25.30923076923077,0.0164231169230769,6.5,48.68966968810928,0.7775,21.47966231709729,209.24146112326596,0.5916750365100216,6,10,1.0,0.0,0.0,0.0,0.0,0.0,0.0,0.0,0.0,0.0,0.0,0.0,0.0,0.0,0.0,0.0,0.0,0.0,0.0,0.0,0.0,0.0,0.0,0.0,0.0,0.0,0.0,0.0,0.0,1.0,0.0,0.0,0.0
69975.0,219022,2334.4,11049752.25,23091.75,0.30462500000000003,85.49000000000001,25.30923076923077,0.0164231169230769,6.5,49.1216583769878,0.7775,21.14788893064811,260.411196526265,0.5075940575478327,3,6,0.0,0.0,1.0,0.0,0.0,0.0,0.0,0.0,0.0,0.0,0.0,0.0,0.0,0.0,0.0,0.0,0.0,0.0,0.0,0.0,0.0,0.0,0.0,0.0,0.0,0.0,0.0,0.0,0.0,1.0,0.0,0.0,0.0
5837445.0,12434053,596.7,921790939.9,1926356.85,0.2096133333,27.22,25.32,0.0176390584615384,7.475,48.07135767239502,0.5666666666666667,11.85703959198532,296.9237845402332,0.3488648324742214,6,10,1.0,0.0,0.0,0.0,0.0,0.0,0.0,0.0,0.0,0.0,0.0,0.0,0.0,0.0,0.0,0.0,0.0,0.0,0.0,0.0,0.0,0.0,0.0,0.0,0.0,0.0,0.0,0.0,0.0,0.0,1.0,0.0,0.0
24595.0,67107,596.7,3883796.45,8116.35,0.2295,27.22,25.32,0.0176390584615384,7.475,46.872342479586415,0.5666666666666667,19.287792588117416,316.9004630435196,0.5477343889319819,3,6,0.0,0.0,1.0,0.0,0.0,0.0,0.0,0.0,0.0,0.0,0.0,0.0,0.0,0.0,0.0,0.0,0.0,0.0,0.0,0.0,0.0,0.0,0.0,0.0,0.0,0.0,0.0,0.0,0.0,0.0,1.0,0.0,0.0
252163.0,591755,1247.6,39819059.33,83213.79,0.1795384615,43.77,24.654615384615383,0.0175292861538461,6.5,44.3721538831517,0.7775,9.13059674376217,188.8618689412961,0.252637005843633,6,10,1.0,0.0,0.0,0.0,0.0,0.0,0.0,0.0,0.0,0.0,0.0,0.0,0.0,0.0,0.0,0.0,0.0,0.0,0.0,0.0,0.0,0.0,0.0,0.0,0.0,0.0,0.0,0.0,0.0,0.0,0.0,1.0,0.0
13043.0,50137,1247.6,2059620.13,4304.19,0.381,43.77,24.654615384615383,0.0175292861538461,6.5,49.75712889996561,0.7775,11.453162028372882,192.85484423746533,0.6310044076619876,3,6,0.0,0.0,1.0,0.0,0.0,0.0,0.0,0.0,0.0,0.0,0.0,0.0,0.0,0.0,0.0,0.0,0.0,0.0,0.0,0.0,0.0,0.0,0.0,0.0,0.0,0.0,0.0,0.0,0.0,0.0,0.0,1.0,0.0
145866.0,88110,1085.6,23033700.06,48135.78,0.060695652200000005,44.55,25.19538461538462,0.0168201138461538,6.5,47.58972107221759,0.7775,30.75396181317377,213.80026256396064,0.5430251136184971,9,12,0.0,0.0,0.0,0.0,0.0,0.0,0.0,0.0,0.0,0.0,0.0,0.0,0.0,0.0,1.0,0.0,0.0,0.0,0.0,0.0,0.0,0.0,0.0,0.0,0.0,0.0,0.0,0.0,0.0,0.0,0.0,0.0,0.0
1016623.0,674135,1085.6,160534937.9,335485.59,0.06625,98.24,25.41192307692308,0.0169260923076923,6.5,47.1893202510073,0.7775,14.08924656517924,276.12487489874,0.6267452245217445,11,3,0.0,0.0,0.0,1.0,0.0,0.0,0.0,0.0,0.0,0.0,0.0,0.0,0.0,0.0,1.0,0.0,0.0,0.0,0.0,0.0,0.0,0.0,0.0,0.0,0.0,0.0,0.0,0.0,0.0,0.0,0.0,0.0,0.0
235970.0,612966,1717.0,37262022.7,77870.1,0.248,57.83,26.057692307692307,0.01592028,6.5,49.10695682513303,0.7775,19.3025955630212,273.11269972286146,0.421954889024188,9,12,0.0,0.0,0.0,0.0,0.0,0.0,0.0,0.0,0.0,0.0,0.0,0.0,0.0,0.0,0.0,0.0,0.0,0.0,0.0,0.0,0.0,0.0,0.0,0.0,0.0,0.0,0.0,0.0,0.0,0.0,0.0,0.0,1.0
1310585.0,4424392,1717.0,206954477.4,432493.05,0.3155,57.83,26.057692307692307,0.01592028,6.5,45.70402422706485,0.7775,19.52138472685616,216.27031761455945,0.5384454601834385,3,6,0.0,0.0,1.0,0.0,0.0,0.0,0.0,0.0,0.0,0.0,0.0,0.0,0.0,0.0,0.0,0.0,0.0,0.0,0.0,0.0,0.0,0.0,0.0,0.0,0.0,0.0,0.0,0.0,0.0,0.0,0.0,0.0,1.0
3977400.0,10910896,1717.0,628071234.0,1312542.0,0.2670555556,115.48,26.266153846153845,0.0159974446153846,6.5,50.46222860502319,0.7775,26.24545453221012,314.5060325534588,0.6619459972848425,11,3,0.0,0.0,0.0,1.0,0.0,0.0,0.0,0.0,0.0,0.0,0.0,0.0,0.0,0.0,0.0,0.0,0.0,0.0,0.0,0.0,0.0,0.0,0.0,0.0,0.0,0.0,0.0,0.0,0.0,0.0,0.0,0.0,1.0
131000.0,220000,2933.7,20075750.0,45850.0,0.16060000000000002,105.54,21.043076923076924,0.0133343446153846,6.5,47.8347431926981,0.7775,30.06022380111609,233.3395665678421,0.8363160033293384,6,10,1.0,0.0,0.0,0.0,1.0,0.0,0.0,0.0,0.0,0.0,0.0,0.0,0.0,0.0,0.0,0.0,0.0,0.0,0.0,0.0,0.0,0.0,0.0,0.0,0.0,0.0,0.0,0.0,0.0,0.0,0.0,0.0,0.0
556827.0,949371,1205.6,85333737.75,194889.45,0.1736153846,34.2,26.752307692307696,0.0167445969230769,6.5,48.98545056838202,0.7775,29.870680114572323,145.47656921668334,0.6541973361069967,9,12,0.0,0.0,0.0,0.0,0.0,0.0,1.0,0.0,0.0,0.0,0.0,0.0,0.0,0.0,0.0,0.0,0.0,0.0,0.0,0.0,0.0,0.0,0.0,0.0,0.0,0.0,0.0,0.0,0.0,0.0,0.0,0.0,0.0
84323.0,224329,1205.6,12922499.75,29513.05,0.2493333333,34.2,26.752307692307696,0.0167445969230769,6.5,45.5298735110902,0.7775,45.79155806220824,245.5506662675916,0.407129890154924,3,6,0.0,0.0,1.0,0.0,0.0,0.0,1.0,0.0,0.0,0.0,0.0,0.0,0.0,0.0,0.0,0.0,0.0,0.0,0.0,0.0,0.0,0.0,0.0,0.0,0.0,0.0,0.0,0.0,0.0,0.0,0.0,0.0,0.0
2698627.0,7065073,1205.6,413564587.8,944519.45,0.2571052632,63.92,26.84076923076924,0.0167895,6.5,44.36354123295409,0.7775,17.096842473959352,236.78613427828503,0.5551162782194491,11,3,0.0,0.0,0.0,1.0,0.0,0.0,1.0,0.0,0.0,0.0,0.0,0.0,0.0,0.0,0.0,0.0,0.0,0.0,0.0,0.0,0.0,0.0,0.0,0.0,0.0,0.0,0.0,0.0,0.0,0.0,0.0,0.0,0.0
4052587.0,8793273,1298.9,621058957.8,1418405.45,0.2076666667,44.91,26.503846153846155,0.0183882738461538,8.222222222222221,48.4686028188325,1.14,28.68831841071818,158.2034934570744,0.495784269825742,6,10,1.0,0.0,0.0,0.0,0.0,0.0,0.0,1.0,0.0,0.0,0.0,0.0,0.0,0.0,0.0,0.0,0.0,0.0,0.0,0.0,0.0,0.0,0.0,0.0,0.0,0.0,0.0,0.0,0.0,0.0,0.0,0.0,0.0
792207.0,1808275,710.5,121405722.8,277272.45,0.20745000000000002,15.49,27.17538461538461,0.0195151846153846,7.475,48.2136320776832,0.9446072796934866,17.121080749123593,213.283255042568,0.4142176272701843,6,10,1.0,0.0,0.0,0.0,0.0,0.0,0.0,0.0,0.0,0.0,1.0,0.0,0.0,0.0,0.0,0.0,0.0,0.0,0.0,0.0,0.0,0.0,0.0,0.0,0.0,0.0,0.0,0.0,0.0,0.0,0.0,0.0,0.0
55403.0,180196,710.5,8490509.75,19391.05,0.3133333333,15.49,27.17538461538461,0.0195151846153846,7.475,48.23711905966958,0.9446072796934866,31.41378789378796,238.1205817569239,0.715937151102388,3,6,0.0,0.0,1.0,0.0,0.0,0.0,0.0,0.0,0.0,0.0,1.0,0.0,0.0,0.0,0.0,0.0,0.0,0.0,0.0,0.0,0.0,0.0,0.0,0.0,0.0,0.0,0.0,0.0,0.0,0.0,0.0,0.0,0.0
1384700.0,4451000,554.7,212205275.0,484645.0,0.29505,23.86,26.26076923076923,0.0174210923076923,7.475,49.01088190225468,0.5666666666666667,20.261602557295355,264.0768050268753,0.64730980269945,6,10,1.0,0.0,0.0,0.0,0.0,0.0,0.0,0.0,0.0,0.0,0.0,1.0,0.0,0.0,0.0,0.0,0.0,0.0,0.0,0.0,0.0,0.0,0.0,0.0,0.0,0.0,0.0,0.0,0.0,0.0,0.0,0.0,0.0
70855.0,103557,1373.9,10858528.75,24799.25,0.15590909090000002,34.22,22.00692307692308,0.0174303969230769,6.5,45.451455511921786,0.7775,25.145325468541326,268.5246944720851,0.3695267936812083,6,10,1.0,0.0,0.0,0.0,0.0,0.0,0.0,0.0,0.0,0.0,0.0,0.0,1.0,0.0,0.0,0.0,0.0,0.0,0.0,0.0,0.0,0.0,0.0,0.0,0.0,0.0,0.0,0.0,0.0,0.0,0.0,0.0,0.0
2260000.0,5400540,1048.4,346345000.0,791000.0,0.2040294118,26.58,26.779230769230768,0.0180315138461538,7.475,49.4299891903745,0.5666666666666667,27.098911394028057,316.7813675049927,0.298006418228787,6,10,1.0,0.0,0.0,0.0,0.0,0.0,0.0,0.0,0.0,0.0,0.0,0.0,0.0,0.0,0.0,0.0,0.0,1.0,0.0,0.0,0.0,0.0,0.0,0.0,0.0,0.0,0.0,0.0,0.0,0.0,0.0,0.0,0.0
1465730.0,3419021,1151.1,224623122.5,513005.5,0.1664444444,105.22,26.557692307692307,0.018278723076923,7.475,48.982763913359896,0.9446072796934866,44.44098820107371,229.7710218637862,0.5746807923556814,6,10,1.0,0.0,0.0,0.0,0.0,0.0,0.0,0.0,0.0,0.0,0.0,0.0,0.0,0.0,0.0,0.0,0.0,0.0,1.0,0.0,0.0,0.0,0.0,0.0,0.0,0.0,0.0,0.0,0.0,0.0,0.0,0.0,0.0
69640.0,161900,1151.1,10672330.0,24374.0,0.2369166667,105.22,26.557692307692307,0.018278723076923,7.475,45.40282593243624,0.9446072796934866,24.674456067029222,321.12384865235475,0.2953776915180107,3,6,0.0,0.0,1.0,0.0,0.0,0.0,0.0,0.0,0.0,0.0,0.0,0.0,0.0,0.0,0.0,0.0,0.0,0.0,1.0,0.0,0.0,0.0,0.0,0.0,0.0,0.0,0.0,0.0,0.0,0.0,0.0,0.0,0.0
244000.0,645600,2039.8,37393000.0,85400.0,0.23133333330000003,56.72,21.366153846153846,0.0163467138461538,6.5,46.31737139683053,0.7775,18.894337824399692,266.094592109659,0.6053746406491055,6,10,1.0,0.0,0.0,0.0,0.0,0.0,0.0,0.0,0.0,0.0,0.0,0.0,0.0,0.0,0.0,0.0,0.0,0.0,0.0,1.0,0.0,0.0,0.0,0.0,0.0,0.0,0.0,0.0,0.0,0.0,0.0,0.0,0.0
19602.0,23665,2626.8,3004006.5,6860.7,0.121125,0.07,22.59923076923077,0.0235775076923076,6.609240608075417,44.23420375579699,0.9446072796934866,37.261277250044216,227.8654017313752,0.6326054169592932,9,12,0.0,0.0,0.0,0.0,0.0,0.0,0.0,0.0,0.0,0.0,0.0,0.0,0.0,0.0,0.0,0.0,0.0,0.0,0.0,0.0,0.0,1.0,0.0,0.0,0.0,0.0,0.0,0.0,0.0,0.0,0.0,0.0,0.0
16862.0,36979,2626.8,2584101.5,5901.7,0.22325,0.07,22.59923076923077,0.0235775076923076,6.609240608075417,49.53848299384318,0.9446072796934866,31.72475820313141,112.63357279083382,0.5220783311720475,6,10,1.0,0.0,0.0,0.0,0.0,0.0,0.0,0.0,0.0,0.0,0.0,0.0,0.0,0.0,0.0,0.0,0.0,0.0,0.0,0.0,0.0,1.0,0.0,0.0,0.0,0.0,0.0,0.0,0.0,0.0,0.0,0.0,0.0
394.0,872,2626.8,60380.5,137.9,0.221,0.08,22.221153846153847,0.0237495876923076,6.609240608075417,50.58439877010498,0.9446072796934866,8.695138859526386,300.49448579346904,0.3347757471181543,10,4,0.0,1.0,0.0,0.0,0.0,0.0,0.0,0.0,0.0,0.0,0.0,0.0,0.0,0.0,0.0,0.0,0.0,0.0,0.0,0.0,0.0,1.0,0.0,0.0,0.0,0.0,0.0,0.0,0.0,0.0,0.0,0.0,0.0
201860.0,491660,1959.8,30935045.0,70651.0,0.23918181820000003,57.65,26.474615384615387,0.0160746092307692,6.5,46.25875980276976,0.7775,15.352939788506092,300.2896937315145,0.6904080893342449,6,10,1.0,0.0,0.0,0.0,0.0,0.0,0.0,0.0,0.0,0.0,0.0,0.0,0.0,0.0,0.0,0.0,0.0,0.0,0.0,0.0,0.0,0.0,1.0,0.0,0.0,0.0,0.0,0.0,0.0,0.0,0.0,0.0,0.0
4800.0,13400,1959.8,735600.0,1680.0,0.279,126.89,26.24,0.016062743076923,6.5,47.11078151207694,0.7775,13.911308158994446,279.380092390993,0.608925960355749,10,4,0.0,1.0,0.0,0.0,0.0,0.0,0.0,0.0,0.0,0.0,0.0,0.0,0.0,0.0,0.0,0.0,0.0,0.0,0.0,0.0,0.0,0.0,1.0,0.0,0.0,0.0,0.0,0.0,0.0,0.0,0.0,0.0,0.0
3046000.0,12638000,635.9,466799500.0,1066100.0,0.4066818182,23.81,26.11692307692308,0.0175544584615384,6.5,46.90069678935863,0.7775,34.1978554482359,202.3361697939797,0.3983765877933687,6,10,1.0,0.0,0.0,0.0,0.0,0.0,0.0,0.0,0.0,0.0,0.0,0.0,0.0,0.0,0.0,0.0,0.0,0.0,0.0,0.0,0.0,0.0,0.0,0.0,0.0,1.0,0.0,0.0,0.0,0.0,0.0,0.0,0.0
889351.0,3028634,942.6,136293040.8,311272.85,0.3229666667,22.94,26.62538461538461,0.0189074769230769,5.933333333333334,50.51771521249414,0.9446072796934866,38.19700267702541,199.00189536096357,0.487387021455255,6,10,1.0,0.0,0.0,0.0,0.0,0.0,0.0,0.0,0.0,0.0,0.0,0.0,0.0,0.0,0.0,0.0,0.0,0.0,0.0,0.0,0.0,0.0,0.0,0.0,0.0,0.0,0.0,0.0,1.0,0.0,0.0,0.0,0.0
939223.0,3570445,942.6,143935924.8,328728.05,0.35850000000000004,49.83,26.54038461538461,0.0190956461538461,5.933333333333334,48.23731181470632,0.9446072796934866,21.58969828844921,205.00777253533687,0.1505700113737424,10,4,0.0,1.0,0.0,0.0,0.0,0.0,0.0,0.0,0.0,0.0,0.0,0.0,0.0,0.0,0.0,0.0,0.0,0.0,0.0,0.0,0.0,0.0,0.0,0.0,0.0,0.0,0.0,0.0,1.0,0.0,0.0,0.0,0.0
38136.0,101574,2475.3,5844342.0,13347.6,0.25475,99.19,25.773076923076925,0.0168295015384615,6.5,50.30636335343691,0.7775,16.76547323258866,219.3984216994235,0.6067665536937943,9,12,0.0,0.0,0.0,0.0,0.0,0.0,0.0,0.0,0.0,0.0,0.0,0.0,0.0,0.0,0.0,0.0,0.0,0.0,0.0,0.0,0.0,0.0,0.0,0.0,0.0,0.0,0.0,0.0,0.0,1.0,0.0,0.0,0.0
16843.0,18190,2475.3,2581189.75,5895.05,0.10587500000000001,99.19,25.773076923076925,0.0168295015384615,6.5,47.509675500614776,0.7775,11.874896564089738,242.73429256821203,0.1313133202951545,6,10,1.0,0.0,0.0,0.0,0.0,0.0,0.0,0.0,0.0,0.0,0.0,0.0,0.0,0.0,0.0,0.0,0.0,0.0,0.0,0.0,0.0,0.0,0.0,0.0,0.0,0.0,0.0,0.0,0.0,1.0,0.0,0.0,0.0
71877.0,231509,2475.3,11015150.25,25156.95,0.3145,99.19,25.773076923076925,0.0168295015384615,6.5,45.91351258384639,0.7775,15.821220585288868,284.3086213033645,0.4564846318187103,3,6,0.0,0.0,1.0,0.0,0.0,0.0,0.0,0.0,0.0,0.0,0.0,0.0,0.0,0.0,0.0,0.0,0.0,0.0,0.0,0.0,0.0,0.0,0.0,0.0,0.0,0.0,0.0,0.0,0.0,1.0,0.0,0.0,0.0
150250.0,463371,2475.3,23025812.5,52587.5,0.305375,269.98,25.416153846153847,0.0167056061538461,6.5,48.20972907608586,0.7775,32.40739883027425,277.5824686343537,0.5819116776317553,11,3,0.0,0.0,0.0,1.0,0.0,0.0,0.0,0.0,0.0,0.0,0.0,0.0,0.0,0.0,0.0,0.0,0.0,0.0,0.0,0.0,0.0,0.0,0.0,0.0,0.0,0.0,0.0,0.0,0.0,1.0,0.0,0.0,0.0
5965657.0,14396168,965.3,914236935.3,2087979.95,0.23668,23.86,26.26076923076923,0.0174210923076923,7.475,49.37883395066638,0.5666666666666667,25.061604823361733,280.4794388154884,0.4898046659040623,6,10,1.0,0.0,0.0,0.0,0.0,0.0,0.0,0.0,0.0,0.0,0.0,0.0,0.0,0.0,0.0,0.0,0.0,0.0,0.0,0.0,0.0,0.0,0.0,0.0,0.0,0.0,0.0,0.0,0.0,0.0,1.0,0.0,0.0
26051.0,74184,965.3,3992315.75,9117.85,0.24841176470000004,23.86,26.26076923076923,0.0174210923076923,7.475,46.180485144457705,0.5666666666666667,22.79087197200047,269.7001326903336,0.6990367851522895,3,6,0.0,0.0,1.0,0.0,0.0,0.0,0.0,0.0,0.0,0.0,0.0,0.0,0.0,0.0,0.0,0.0,0.0,0.0,0.0,0.0,0.0,0.0,0.0,0.0,0.0,0.0,0.0,0.0,0.0,0.0,1.0,0.0,0.0
251498.0,582720,1580.9,38542068.5,88024.3,0.1779230769,37.18,25.37846153846154,0.0176886276923076,6.5,46.08900917889517,0.7775,43.38384408965816,247.13279489755348,0.5648643451210771,6,10,1.0,0.0,0.0,0.0,0.0,0.0,0.0,0.0,0.0,0.0,0.0,0.0,0.0,0.0,0.0,0.0,0.0,0.0,0.0,0.0,0.0,0.0,0.0,0.0,0.0,0.0,0.0,0.0,0.0,0.0,0.0,1.0,0.0
14703.0,55577,1580.9,2253234.75,5146.05,0.377,37.18,25.37846153846154,0.0176886276923076,6.5,44.68548168060545,0.7775,21.98141128060401,256.12838830704123,0.7200766874990021,3,6,0.0,0.0,1.0,0.0,0.0,0.0,0.0,0.0,0.0,0.0,0.0,0.0,0.0,0.0,0.0,0.0,0.0,0.0,0.0,0.0,0.0,0.0,0.0,0.0,0.0,0.0,0.0,0.0,0.0,0.0,0.0,1.0,0.0
137925.0,154026,1296.3,21137006.25,48273.75,0.0912,53.69,25.62846153846154,0.0170320707692307,6.5,50.2596164827978,0.7775,10.13502551297054,162.66323231227324,0.5730609497913735,9,12,0.0,0.0,0.0,0.0,0.0,0.0,0.0,0.0,0.0,0.0,0.0,0.0,0.0,0.0,1.0,0.0,0.0,0.0,0.0,0.0,0.0,0.0,0.0,0.0,0.0,0.0,0.0,0.0,0.0,0.0,0.0,0.0,0.0
1204133.0,2621003,1296.3,184533382.3,421446.55,0.2251666667,122.16,25.46730769230769,0.0169216892307692,6.5,45.13890714594552,0.7775,13.872729644893983,316.6647226023297,0.61020220274626,11,3,0.0,0.0,0.0,1.0,0.0,0.0,0.0,0.0,0.0,0.0,0.0,0.0,0.0,0.0,1.0,0.0,0.0,0.0,0.0,0.0,0.0,0.0,0.0,0.0,0.0,0.0,0.0,0.0,0.0,0.0,0.0,0.0,0.0
247978.0,642310,1795.8,38002628.5,86792.3,0.24938095240000002,57.65,26.474615384615387,0.0160746092307692,6.5,49.239907830080114,0.7775,10.571450104614105,230.9415917552288,0.3794726167120543,9,12,0.0,0.0,0.0,0.0,0.0,0.0,0.0,0.0,0.0,0.0,0.0,0.0,0.0,0.0,0.0,0.0,0.0,0.0,0.0,0.0,0.0,0.0,0.0,0.0,0.0,0.0,0.0,0.0,0.0,0.0,0.0,0.0,1.0
1185381.0,4005685,1795.8,181659638.3,414883.35,0.32442857140000003,57.65,26.474615384615387,0.0160746092307692,6.5,48.97812436779255,0.7775,14.454234841209328,259.7537600949292,0.7669788922258318,3,6,0.0,0.0,1.0,0.0,0.0,0.0,0.0,0.0,0.0,0.0,0.0,0.0,0.0,0.0,0.0,0.0,0.0,0.0,0.0,0.0,0.0,0.0,0.0,0.0,0.0,0.0,0.0,0.0,0.0,0.0,0.0,0.0,1.0
3963495.0,10996579,1795.8,607405608.8,1387223.25,0.26913636360000004,126.89,26.24,0.016062743076923,6.5,49.781980598647806,0.7775,13.059057970126812,253.24301678815755,0.1625768193047049,11,3,0.0,0.0,0.0,1.0,0.0,0.0,0.0,0.0,0.0,0.0,0.0,0.0,0.0,0.0,0.0,0.0,0.0,0.0,0.0,0.0,0.0,0.0,0.0,0.0,0.0,0.0,0.0,0.0,0.0,0.0,0.0,0.0,1.0
132000.0,233335,2745.5,20782080.0,50160.0,0.16915000000000002,120.78,21.158461538461538,0.0134875384615384,6.5,48.65603480626768,0.7775,23.69440922132636,151.8436534805813,0.7113101128059633,6,10,1.0,0.0,0.0,0.0,1.0,0.0,0.0,0.0,0.0,0.0,0.0,0.0,0.0,0.0,0.0,0.0,0.0,0.0,0.0,0.0,0.0,0.0,0.0,0.0,0.0,0.0,0.0,0.0,0.0,0.0,0.0,0.0,0.0
522698.0,903286,1112.0,82293573.12,198625.24,0.17817391300000002,29.72,26.929230769230767,0.016834403076923,6.5,49.76742396961184,0.7775,31.32485966974516,279.5699466381054,0.634441229022736,9,12,0.0,0.0,0.0,0.0,0.0,0.0,1.0,0.0,0.0,0.0,0.0,0.0,0.0,0.0,0.0,0.0,0.0,0.0,0.0,0.0,0.0,0.0,0.0,0.0,0.0,0.0,0.0,0.0,0.0,0.0,0.0,0.0,0.0
67865.0,143832,1112.0,10684665.6,25788.7,0.20342857140000004,29.72,26.929230769230767,0.016834403076923,6.5,45.76975909235751,0.7775,13.54907189554172,257.6348904182284,0.6210255422195246,3,6,0.0,0.0,1.0,0.0,0.0,0.0,1.0,0.0,0.0,0.0,0.0,0.0,0.0,0.0,0.0,0.0,0.0,0.0,0.0,0.0,0.0,0.0,0.0,0.0,0.0,0.0,0.0,0.0,0.0,0.0,0.0,0.0,0.0
2716420.0,7046043,1112.0,427673164.8,1032239.6,0.2466842105,51.41,26.95884615384616,0.0167435584615384,6.5,45.409185704140334,0.7775,27.71465093478353,240.4460553253907,0.2456739202322793,11,3,0.0,0.0,0.0,1.0,0.0,0.0,1.0,0.0,0.0,0.0,0.0,0.0,0.0,0.0,0.0,0.0,0.0,0.0,0.0,0.0,0.0,0.0,0.0,0.0,0.0,0.0,0.0,0.0,0.0,0.0,0.0,0.0,0.0
3976626.0,5749044,1124.5,626079997.4,1511117.88,0.1386296296,42.38,26.224615384615387,0.0188124646153846,8.222222222222221,49.43864543507044,1.14,17.75873056567419,169.7653012773809,0.2948660222983099,6,10,1.0,0.0,0.0,0.0,0.0,0.0,0.0,1.0,0.0,0.0,0.0,0.0,0.0,0.0,0.0,0.0,0.0,0.0,0.0,0.0,0.0,0.0,0.0,0.0,0.0,0.0,0.0,0.0,0.0,0.0,0.0,0.0,0.0
802674.0,1749613,814.8,126372994.6,305016.12,0.20375000000000001,31.040000000000003,26.62307692307693,0.01921968,7.475,50.10295316794839,0.9446072796934866,28.861711926990445,242.208250549252,0.5557216309818565,6,10,1.0,0.0,0.0,0.0,0.0,0.0,0.0,0.0,0.0,0.0,1.0,0.0,0.0,0.0,0.0,0.0,0.0,0.0,0.0,0.0,0.0,0.0,0.0,0.0,0.0,0.0,0.0,0.0,0.0,0.0,0.0,0.0,0.0
52616.0,140196,814.8,8283863.04,19994.08,0.26578571430000003,31.040000000000003,26.62307692307693,0.01921968,7.475,46.2111529588742,0.9446072796934866,14.88355791835946,138.75612657556542,0.4719234181691545,3,6,0.0,0.0,1.0,0.0,0.0,0.0,0.0,0.0,0.0,0.0,1.0,0.0,0.0,0.0,0.0,0.0,0.0,0.0,0.0,0.0,0.0,0.0,0.0,0.0,0.0,0.0,0.0,0.0,0.0,0.0,0.0,0.0,0.0
1422100.0,4880000,417.1,223895424.0,540398.0,0.30961904760000003,23.86,25.78923076923077,0.0174441046153846,7.475,44.383050812244335,0.5666666666666667,24.6652581315846,229.0537920507728,0.5637823357927525,6,10,1.0,0.0,0.0,0.0,0.0,0.0,0.0,0.0,0.0,0.0,0.0,1.0,0.0,0.0,0.0,0.0,0.0,0.0,0.0,0.0,0.0,0.0,0.0,0.0,0.0,0.0,0.0,0.0,0.0,0.0,0.0,0.0,0.0
71613.0,114785,1182.2,11274750.72,27212.94,0.16181818180000002,43.71,21.233846153846155,0.0166457353846153,6.5,45.35960452308045,0.7775,32.77631844865553,263.5702541112552,0.6369965803078934,6,10,1.0,0.0,0.0,0.0,0.0,0.0,0.0,0.0,0.0,0.0,0.0,0.0,1.0,0.0,0.0,0.0,0.0,0.0,0.0,0.0,0.0,0.0,0.0,0.0,0.0,0.0,0.0,0.0,0.0,0.0,0.0,0.0,0.0
1735411.0,3421253,1165.7,273223107.8,659456.18,0.20233333330000003,68.47,25.306153846153848,0.0168113076923076,6.5,46.40371119444895,0.7775,16.921173241852337,275.1504151352568,0.4280798941179095,6,10,1.0,0.0,0.0,0.0,0.0,0.0,0.0,0.0,0.0,0.0,0.0,0.0,0.0,0.0,1.0,0.0,0.0,0.0,0.0,0.0,0.0,0.0,0.0,0.0,0.0,0.0,0.0,0.0,0.0,0.0,0.0,0.0,0.0
2023070.0,4869658,800.0,318512140.8,768766.6,0.1806888889,18.17,27.03923076923077,0.0178525107692307,7.475,47.81717175367614,0.5666666666666667,13.58644805994464,316.86006489498175,0.5230623715382519,6,10,1.0,0.0,0.0,0.0,0.0,0.0,0.0,0.0,0.0,0.0,0.0,0.0,0.0,0.0,0.0,0.0,0.0,1.0,0.0,0.0,0.0,0.0,0.0,0.0,0.0,0.0,0.0,0.0,0.0,0.0,0.0,0.0,0.0
12070.0,29400,800.0,1900300.8,4586.6,0.19652941180000003,18.17,27.03923076923077,0.0178525107692307,7.475,48.0289222750879,0.5666666666666667,20.98218893095554,220.6477843936436,0.6990959473160845,3,6,0.0,0.0,1.0,0.0,0.0,0.0,0.0,0.0,0.0,0.0,0.0,0.0,0.0,0.0,0.0,0.0,0.0,1.0,0.0,0.0,0.0,0.0,0.0,0.0,0.0,0.0,0.0,0.0,0.0,0.0,0.0,0.0,0.0
1424765.0,2668600,1129.5,224315001.6,541410.7,0.1637916667,104.37,26.76384615384616,0.0186223292307692,7.475,47.3605913155637,0.9446072796934866,24.359989565917815,285.0490411799723,0.6500882720946564,6,10,1.0,0.0,0.0,0.0,0.0,0.0,0.0,0.0,0.0,0.0,0.0,0.0,0.0,0.0,0.0,0.0,0.0,0.0,1.0,0.0,0.0,0.0,0.0,0.0,0.0,0.0,0.0,0.0,0.0,0.0,0.0,0.0,0.0
26178.0,62200,1129.5,4121464.32,9947.64,0.2535833333,104.37,26.76384615384616,0.0186223292307692,7.475,50.36155314251213,0.9446072796934866,11.147167052018776,233.10352014113963,0.376288260767216,3,6,0.0,0.0,1.0,0.0,0.0,0.0,0.0,0.0,0.0,0.0,0.0,0.0,0.0,0.0,0.0,0.0,0.0,0.0,1.0,0.0,0.0,0.0,0.0,0.0,0.0,0.0,0.0,0.0,0.0,0.0,0.0,0.0,0.0
236710.0,607820,1780.0,37267622.4,89949.8,0.21800000000000003,73.67,20.89692307692308,0.0161746338461538,6.5,49.87800014168084,0.7775,15.259550170716937,288.4572385033336,0.7350352737853416,6,10,1.0,0.0,0.0,0.0,0.0,0.0,0.0,0.0,0.0,0.0,0.0,0.0,0.0,0.0,0.0,0.0,0.0,0.0,0.0,1.0,0.0,0.0,0.0,0.0,0.0,0.0,0.0,0.0,0.0,0.0,0.0,0.0,0.0
19587.5,23580,3865.8,3083856.0,7443.25,0.11862500000000001,0.01,21.84307692307692,0.0239216676923076,6.609240608075417,48.41874036912306,0.9446072796934866,42.737891704365154,290.9130162162486,0.411111936926116,9,12,0.0,0.0,0.0,0.0,0.0,0.0,0.0,0.0,0.0,0.0,0.0,0.0,0.0,0.0,0.0,0.0,0.0,0.0,0.0,0.0,0.0,1.0,0.0,0.0,0.0,0.0,0.0,0.0,0.0,0.0,0.0,0.0,0.0
16039.7,35029,3865.8,2525290.368,6095.086,0.215625,0.01,21.84307692307692,0.0239216676923076,6.609240608075417,48.53978386880754,0.9446072796934866,30.0072956041414,235.65341072409524,0.6233076754763187,6,10,1.0,0.0,0.0,0.0,0.0,0.0,0.0,0.0,0.0,0.0,0.0,0.0,0.0,0.0,0.0,0.0,0.0,0.0,0.0,0.0,0.0,1.0,0.0,0.0,0.0,0.0,0.0,0.0,0.0,0.0,0.0,0.0,0.0
487.0,998,3865.8,76673.28,185.06,0.209,0.25,22.685,0.0237381923076923,6.609240608075417,47.31257700602873,0.9446072796934866,31.700774027229045,232.36934439347223,0.745337108142254,10,4,0.0,1.0,0.0,0.0,0.0,0.0,0.0,0.0,0.0,0.0,0.0,0.0,0.0,0.0,0.0,0.0,0.0,0.0,0.0,0.0,0.0,1.0,0.0,0.0,0.0,0.0,0.0,0.0,0.0,0.0,0.0,0.0,0.0
206750.0,509590,1722.1,32550720.0,78565.0,0.2421818182,69.24,26.005384615384614,0.0160508769230769,6.5,44.604379361847336,0.7775,15.518339511668042,311.5393945225458,0.1874265642343353,6,10,1.0,0.0,0.0,0.0,0.0,0.0,0.0,0.0,0.0,0.0,0.0,0.0,0.0,0.0,0.0,0.0,0.0,0.0,0.0,0.0,0.0,0.0,1.0,0.0,0.0,0.0,0.0,0.0,0.0,0.0,0.0,0.0,0.0
5250.0,14850,1722.1,826560.0,1995.0,0.2826666667,120.02,25.76692307692308,0.0161243446153846,6.5,50.35728599899955,0.7775,32.86818547911414,281.8506700154613,0.3768879525285916,10,4,0.0,1.0,0.0,0.0,0.0,0.0,0.0,0.0,0.0,0.0,0.0,0.0,0.0,0.0,0.0,0.0,0.0,0.0,0.0,0.0,0.0,0.0,1.0,0.0,0.0,0.0,0.0,0.0,0.0,0.0,0.0,0.0,0.0
3065000.0,13382000,497.5,482553600.0,1164700.0,0.4252727273,27.01,25.421538461538464,0.0173785846153846,6.5,45.25200654313695,0.7775,21.94621455589357,199.16846726183607,0.2442305206059843,6,10,1.0,0.0,0.0,0.0,0.0,0.0,0.0,0.0,0.0,0.0,0.0,0.0,0.0,0.0,0.0,0.0,0.0,0.0,0.0,0.0,0.0,0.0,0.0,0.0,0.0,1.0,0.0,0.0,0.0,0.0,0.0,0.0,0.0
1046987.0,2946004,815.7,164837633.3,397855.06,0.26723333330000004,26.89,26.455384615384617,0.0192838153846153,5.933333333333334,46.26538919235977,0.9446072796934866,28.970330347257296,247.3442871441492,0.150956772220785,6,10,1.0,0.0,0.0,0.0,0.0,0.0,0.0,0.0,0.0,0.0,0.0,0.0,0.0,0.0,0.0,0.0,0.0,0.0,0.0,0.0,0.0,0.0,0.0,0.0,0.0,0.0,0.0,0.0,1.0,0.0,0.0,0.0,0.0
915389.0,3317425,815.7,144118844.2,347847.82,0.3532666667,44.34,26.681538461538462,0.0189453184615384,5.933333333333334,47.904229166866514,0.9446072796934866,25.14412840350146,282.78525298876514,0.8218485941523268,10,4,0.0,1.0,0.0,0.0,0.0,0.0,0.0,0.0,0.0,0.0,0.0,0.0,0.0,0.0,0.0,0.0,0.0,0.0,0.0,0.0,0.0,0.0,0.0,0.0,0.0,0.0,0.0,0.0,1.0,0.0,0.0,0.0,0.0
37775.0,104258,3326.8,5947296.0,14354.5,0.268125,170.79,25.05923076923077,0.0165817107692307,6.5,49.80052991947078,0.7775,33.188482295306564,250.948515956667,0.4520654850265398,9,12,0.0,0.0,0.0,0.0,0.0,0.0,0.0,0.0,0.0,0.0,0.0,0.0,0.0,0.0,0.0,0.0,0.0,0.0,0.0,0.0,0.0,0.0,0.0,0.0,0.0,0.0,0.0,0.0,0.0,1.0,0.0,0.0,0.0
15837.0,16787,3326.8,2493377.28,6018.06,0.10262500000000002,170.79,25.05923076923077,0.0165817107692307,6.5,49.93381474438281,0.7775,39.18997205800642,321.5782413180885,0.3352363216650962,6,10,1.0,0.0,0.0,0.0,0.0,0.0,0.0,0.0,0.0,0.0,0.0,0.0,0.0,0.0,0.0,0.0,0.0,0.0,0.0,0.0,0.0,0.0,0.0,0.0,0.0,0.0,0.0,0.0,0.0,1.0,0.0,0.0,0.0
72224.0,235115,3326.8,11370946.56,27445.12,0.31475000000000003,170.79,25.05923076923077,0.0165817107692307,6.5,47.474406033348686,0.7775,26.92143061522777,213.81664137768485,0.2271941536015537,3,6,0.0,0.0,1.0,0.0,0.0,0.0,0.0,0.0,0.0,0.0,0.0,0.0,0.0,0.0,0.0,0.0,0.0,0.0,0.0,0.0,0.0,0.0,0.0,0.0,0.0,0.0,0.0,0.0,0.0,1.0,0.0,0.0,0.0
148232.0,455932,3326.8,23337646.08,56328.16,0.3045,268.21,24.89307692307693,0.0166407369230769,6.5,46.01837706486851,0.7775,16.53269746672596,305.47035229685724,0.2694910265317956,11,3,0.0,0.0,0.0,1.0,0.0,0.0,0.0,0.0,0.0,0.0,0.0,0.0,0.0,0.0,0.0,0.0,0.0,0.0,0.0,0.0,0.0,0.0,0.0,0.0,0.0,0.0,0.0,0.0,0.0,1.0,0.0,0.0,0.0
5897871.0,15441958,652.1,928560810.2,2241190.98,0.2541333333,23.86,25.78923076923077,0.0174441046153846,7.475,50.43852796374074,0.5666666666666667,31.98441879413008,237.92228267807397,0.6115925724239066,6,10,1.0,0.0,0.0,0.0,0.0,0.0,0.0,0.0,0.0,0.0,0.0,0.0,0.0,0.0,0.0,0.0,0.0,0.0,0.0,0.0,0.0,0.0,0.0,0.0,0.0,0.0,0.0,0.0,0.0,0.0,1.0,0.0,0.0
25761.0,76645,652.1,4055811.84,9789.18,0.267,23.86,25.78923076923077,0.0174441046153846,7.475,49.49924118158743,0.5666666666666667,29.694465182442286,173.110791665281,0.7613133974665558,3,6,0.0,0.0,1.0,0.0,0.0,0.0,0.0,0.0,0.0,0.0,0.0,0.0,0.0,0.0,0.0,0.0,0.0,0.0,0.0,0.0,0.0,0.0,0.0,0.0,0.0,0.0,0.0,0.0,0.0,0.0,1.0,0.0,0.0
246539.0,620027,1475.8,38815100.16,93684.82,0.19092307690000002,38.32,25.31538461538461,0.0175986553846153,6.5,45.917593705138,0.7775,30.048740520791103,235.47709062251496,0.5674262699532228,6,10,1.0,0.0,0.0,0.0,0.0,0.0,0.0,0.0,0.0,0.0,0.0,0.0,0.0,0.0,0.0,0.0,0.0,0.0,0.0,0.0,0.0,0.0,0.0,0.0,0.0,0.0,0.0,0.0,0.0,0.0,0.0,1.0,0.0
13953.0,44845,1475.8,2196760.32,5302.14,0.3223333333,38.32,25.31538461538461,0.0175986553846153,6.5,46.5795769689493,0.7775,19.594289684816992,234.26247813244524,0.6497711140007406,3,6,0.0,0.0,1.0,0.0,0.0,0.0,0.0,0.0,0.0,0.0,0.0,0.0,0.0,0.0,0.0,0.0,0.0,0.0,0.0,0.0,0.0,0.0,0.0,0.0,0.0,0.0,0.0,0.0,0.0,0.0,0.0,1.0,0.0
249341.0,633542,1830.0,39256247.04,94749.58,0.24500000000000002,69.24,26.005384615384614,0.0160508769230769,6.5,45.57976147290572,0.7775,28.262502586640476,323.3543207030564,0.7843271458170593,9,12,0.0,0.0,0.0,0.0,0.0,0.0,0.0,0.0,0.0,0.0,0.0,0.0,0.0,0.0,0.0,0.0,0.0,0.0,0.0,0.0,0.0,0.0,0.0,0.0,0.0,0.0,0.0,0.0,0.0,0.0,0.0,0.0,1.0
1295678.0,4671912,1830.0,203991544.3,492357.64,0.3375714286,69.24,26.005384615384614,0.0160508769230769,6.5,47.43471724740365,0.7775,26.48555140873256,217.45267927536275,0.5559539763812652,3,6,0.0,0.0,1.0,0.0,0.0,0.0,0.0,0.0,0.0,0.0,0.0,0.0,0.0,0.0,0.0,0.0,0.0,0.0,0.0,0.0,0.0,0.0,0.0,0.0,0.0,0.0,0.0,0.0,0.0,0.0,0.0,0.0,1.0
3992412.0,11010468,1830.0,628565345.3,1517116.56,0.2684545455,120.02,25.76692307692308,0.0161243446153846,6.5,45.627434273081285,0.7775,15.265164670342322,302.84846286801263,0.3068818221144254,11,3,0.0,0.0,0.0,1.0,0.0,0.0,0.0,0.0,0.0,0.0,0.0,0.0,0.0,0.0,0.0,0.0,0.0,0.0,0.0,0.0,0.0,0.0,0.0,0.0,0.0,0.0,0.0,0.0,0.0,0.0,0.0,0.0,1.0
133200.0,239998,2992.9,21605040.0,46620.0,0.1737727273,89.74000000000001,20.714615384615385,0.0130355169230769,6.5,49.54042915736716,0.7775,10.829836184140705,239.6451446344388,0.6490488444991453,6,10,1.0,0.0,0.0,0.0,1.0,0.0,0.0,0.0,0.0,0.0,0.0,0.0,0.0,0.0,0.0,0.0,0.0,0.0,0.0,0.0,0.0,0.0,0.0,0.0,0.0,0.0,0.0,0.0,0.0,0.0,0.0,0.0,0.0
445393.0,615668,1521.4,72242744.6,155887.55,0.1439545455,21.69,26.98846153846154,0.0166527138461538,6.5,46.03730498838858,0.7775,29.791318903442928,293.86526326323906,0.4092525133669887,9,12,0.0,0.0,0.0,0.0,0.0,0.0,1.0,0.0,0.0,0.0,0.0,0.0,0.0,0.0,0.0,0.0,0.0,0.0,0.0,0.0,0.0,0.0,0.0,0.0,0.0,0.0,0.0,0.0,0.0,0.0,0.0,0.0,0.0
60400.0,136281,1521.4,9796880.0,21140.0,0.22050000000000003,21.69,26.98846153846154,0.0166527138461538,6.5,44.29137640082814,0.7775,22.432087843744284,220.94009518144577,0.5813970443677469,3,6,0.0,0.0,1.0,0.0,0.0,0.0,1.0,0.0,0.0,0.0,0.0,0.0,0.0,0.0,0.0,0.0,0.0,0.0,0.0,0.0,0.0,0.0,0.0,0.0,0.0,0.0,0.0,0.0,0.0,0.0,0.0,0.0,0.0
2653929.0,5403580,1521.4,430467283.8,928875.15,0.18092105260000002,54.43,26.794615384615383,0.0166276246153846,6.5,44.58957629901772,0.7775,39.71591100669902,238.4340413131862,0.4880391707272438,11,3,0.0,0.0,0.0,1.0,0.0,0.0,1.0,0.0,0.0,0.0,0.0,0.0,0.0,0.0,0.0,0.0,0.0,0.0,0.0,0.0,0.0,0.0,0.0,0.0,0.0,0.0,0.0,0.0,0.0,0.0,0.0,0.0,0.0
4141378.0,6509430,1515.5,671731511.6,1449482.3,0.1521481481,41.24,25.904615384615383,0.0180473538461538,8.222222222222221,49.8240776927386,1.14,24.06540502903321,192.4907357028061,0.5903668543425882,6,10,1.0,0.0,0.0,0.0,0.0,0.0,0.0,1.0,0.0,0.0,0.0,0.0,0.0,0.0,0.0,0.0,0.0,0.0,0.0,0.0,0.0,0.0,0.0,0.0,0.0,0.0,0.0,0.0,0.0,0.0,0.0,0.0,0.0
809367.0,1819260,1125.4,131279327.4,283278.45,0.21309999999999998,13.71,27.482307692307693,0.0191668153846153,7.475,44.85486487761192,0.9446072796934866,31.792336627337125,141.23612932991352,0.3515583215377872,6,10,1.0,0.0,0.0,0.0,0.0,0.0,0.0,0.0,0.0,0.0,1.0,0.0,0.0,0.0,0.0,0.0,0.0,0.0,0.0,0.0,0.0,0.0,0.0,0.0,0.0,0.0,0.0,0.0,0.0,0.0,0.0,0.0,0.0
29582.0,92755,1125.4,4798200.4,10353.7,0.2676153846,13.71,27.482307692307693,0.0191668153846153,7.475,44.492739299250665,0.9446072796934866,16.65138693477762,209.6963053206441,0.5378056514614941,3,6,0.0,0.0,1.0,0.0,0.0,0.0,0.0,0.0,0.0,0.0,1.0,0.0,0.0,0.0,0.0,0.0,0.0,0.0,0.0,0.0,0.0,0.0,0.0,0.0,0.0,0.0,0.0,0.0,0.0,0.0,0.0,0.0,0.0
1447000.0,4516000,533.2,234703400.0,506450.0,0.29495238100000004,29.87,25.43230769230769,0.0171071446153846,7.475,47.787505891823415,0.5666666666666667,15.922558060709184,223.2048337781346,0.6074387758677343,6,10,1.0,0.0,0.0,0.0,0.0,0.0,0.0,0.0,0.0,0.0,0.0,1.0,0.0,0.0,0.0,0.0,0.0,0.0,0.0,0.0,0.0,0.0,0.0,0.0,0.0,0.0,0.0,0.0,0.0,0.0,0.0,0.0,0.0
71810.0,114896,1052.2,11647582.0,25133.5,0.1623636364,50.04,20.71076923076923,0.0168143815384615,6.5,50.615284234057015,0.7775,36.140962654382434,197.4837427290472,0.0942993606236243,6,10,1.0,0.0,0.0,0.0,0.0,0.0,0.0,0.0,0.0,0.0,0.0,0.0,1.0,0.0,0.0,0.0,0.0,0.0,0.0,0.0,0.0,0.0,0.0,0.0,0.0,0.0,0.0,0.0,0.0,0.0,0.0,0.0,0.0
1527103.0,2894101,1222.7,247696106.6,534486.05,0.18179166670000002,47.83,24.65384615384616,0.0167027815384615,6.5,45.5704641992275,0.7775,27.54871016848389,210.43203541338767,0.5329165238444808,6,10,1.0,0.0,0.0,0.0,0.0,0.0,0.0,0.0,0.0,0.0,0.0,0.0,0.0,0.0,1.0,0.0,0.0,0.0,0.0,0.0,0.0,0.0,0.0,0.0,0.0,0.0,0.0,0.0,0.0,0.0,0.0,0.0,0.0
2794020.0,5238850,1102.2,453190044.0,977907.0,0.1444901961,26.75,26.47230769230769,0.0174257446153846,7.475,47.21908140939025,0.5666666666666667,11.032361146463082,318.12308713402984,0.526971294179783,6,10,1.0,0.0,0.0,0.0,0.0,0.0,0.0,0.0,0.0,0.0,0.0,0.0,0.0,0.0,0.0,0.0,0.0,1.0,0.0,0.0,0.0,0.0,0.0,0.0,0.0,0.0,0.0,0.0,0.0,0.0,0.0,0.0,0.0
1417445.0,3143748,1387.4,229909579.0,496105.75,0.1657916667,73.43,26.93769230769231,0.0183194584615384,7.475,44.73020342177882,0.9446072796934866,24.950973058313554,324.82764653846283,0.5504296378834347,6,10,1.0,0.0,0.0,0.0,0.0,0.0,0.0,0.0,0.0,0.0,0.0,0.0,0.0,0.0,0.0,0.0,0.0,0.0,1.0,0.0,0.0,0.0,0.0,0.0,0.0,0.0,0.0,0.0,0.0,0.0,0.0,0.0,0.0
47541.0,132050,1387.4,7711150.2,16639.35,0.2755833333,73.43,26.93769230769231,0.0183194584615384,7.475,44.20997701866976,0.9446072796934866,17.1806223686565,169.13002212256845,0.7272770879814621,3,6,0.0,0.0,1.0,0.0,0.0,0.0,0.0,0.0,0.0,0.0,0.0,0.0,0.0,0.0,0.0,0.0,0.0,0.0,1.0,0.0,0.0,0.0,0.0,0.0,0.0,0.0,0.0,0.0,0.0,0.0,0.0,0.0,0.0
233500.0,602430,1196.9,37873700.0,81725.0,0.2232222222,49.76,20.66846153846154,0.0164020153846153,6.5,45.33352968158877,0.7775,36.18993059481052,134.7016331367127,0.4356005014362217,6,10,1.0,0.0,0.0,0.0,0.0,0.0,0.0,0.0,0.0,0.0,0.0,0.0,0.0,0.0,0.0,0.0,0.0,0.0,0.0,1.0,0.0,0.0,0.0,0.0,0.0,0.0,0.0,0.0,0.0,0.0,0.0,0.0,0.0
18957.0,23372,1665.2,3074825.4,6634.95,0.12150000000000001,0.24,23.52692307692308,0.0235547169230769,6.609240608075417,45.48932604011568,0.9446072796934866,23.57235614456869,215.83545884228545,0.4465580900347404,9,12,0.0,0.0,0.0,0.0,0.0,0.0,0.0,0.0,0.0,0.0,0.0,0.0,0.0,0.0,0.0,0.0,0.0,0.0,0.0,0.0,0.0,1.0,0.0,0.0,0.0,0.0,0.0,0.0,0.0,0.0,0.0,0.0,0.0
16133.0,35678,1665.2,2616772.6,5646.55,0.21975,0.24,23.52692307692308,0.0235547169230769,6.609240608075417,45.055097011103896,0.9446072796934866,12.301399304331513,281.8090940519433,0.6345911460227801,6,10,1.0,0.0,0.0,0.0,0.0,0.0,0.0,0.0,0.0,0.0,0.0,0.0,0.0,0.0,0.0,0.0,0.0,0.0,0.0,0.0,0.0,1.0,0.0,0.0,0.0,0.0,0.0,0.0,0.0,0.0,0.0,0.0,0.0
460.0,960,1665.2,74612.0,161.0,0.21150000000000002,0.26,23.05038461538462,0.0235811353846153,6.609240608075417,46.16825592148886,0.9446072796934866,28.21706519193112,215.270113472469,0.4484362515720207,10,4,0.0,1.0,0.0,0.0,0.0,0.0,0.0,0.0,0.0,0.0,0.0,0.0,0.0,0.0,0.0,0.0,0.0,0.0,0.0,0.0,0.0,1.0,0.0,0.0,0.0,0.0,0.0,0.0,0.0,0.0,0.0,0.0,0.0
208990.0,519600,1372.7,33898178.0,73146.5,0.2444545455,50.78,25.52846153846154,0.0161978123076923,6.5,48.562288225440106,0.7775,22.96890260536008,212.86290254469787,0.8021727140819477,6,10,1.0,0.0,0.0,0.0,0.0,0.0,0.0,0.0,0.0,0.0,0.0,0.0,0.0,0.0,0.0,0.0,0.0,0.0,0.0,0.0,0.0,0.0,1.0,0.0,0.0,0.0,0.0,0.0,0.0,0.0,0.0,0.0,0.0
5460.0,15440,1372.7,885612.0,1911.0,0.28275,108.71,25.835,0.0162174184615384,6.5,47.74451080039629,0.7775,15.442537999714498,205.3894121210508,0.7438928549116456,10,4,0.0,1.0,0.0,0.0,0.0,0.0,0.0,0.0,0.0,0.0,0.0,0.0,0.0,0.0,0.0,0.0,0.0,0.0,0.0,0.0,0.0,0.0,1.0,0.0,0.0,0.0,0.0,0.0,0.0,0.0,0.0,0.0,0.0
3103000.0,12822000,585.5,503306600.0,1086050.0,0.4011818182,30.12,25.14846153846154,0.0174564276923076,6.5,44.64779937864301,0.7775,19.00991152301299,199.6850361576509,0.6234800644687939,6,10,1.0,0.0,0.0,0.0,0.0,0.0,0.0,0.0,0.0,0.0,0.0,0.0,0.0,0.0,0.0,0.0,0.0,0.0,0.0,0.0,0.0,0.0,0.0,0.0,0.0,1.0,0.0,0.0,0.0,0.0,0.0,0.0,0.0
1189264.0,4135049,1350.3,192898620.8,416242.4,0.33065625000000004,17.45,26.907692307692308,0.0186068215384615,5.933333333333334,47.926929929154205,0.9446072796934866,22.169182372801515,177.91323859264944,0.6354419083758995,6,10,1.0,0.0,0.0,0.0,0.0,0.0,0.0,0.0,0.0,0.0,0.0,0.0,0.0,0.0,0.0,0.0,0.0,0.0,0.0,0.0,0.0,0.0,0.0,0.0,0.0,0.0,0.0,0.0,1.0,0.0,0.0,0.0,0.0
742508.0,2533895,1350.3,120434797.6,259877.8,0.3208125,40.23,27.01269230769231,0.01858302,5.933333333333334,45.3188326674326,0.9446072796934866,27.93143632864372,125.64831940526427,0.5063922992169394,10,4,0.0,1.0,0.0,0.0,0.0,0.0,0.0,0.0,0.0,0.0,0.0,0.0,0.0,0.0,0.0,0.0,0.0,0.0,0.0,0.0,0.0,0.0,0.0,0.0,0.0,0.0,0.0,0.0,1.0,0.0,0.0,0.0,0.0
35340.0,93453,2169.1,5732148.0,12369.0,0.25062500000000004,97.42,24.726923076923075,0.016699763076923,6.5,46.42493501325925,0.7775,11.953646685937906,226.14185383181132,0.2700308503575068,9,12,0.0,0.0,0.0,0.0,0.0,0.0,0.0,0.0,0.0,0.0,0.0,0.0,0.0,0.0,0.0,0.0,0.0,0.0,0.0,0.0,0.0,0.0,0.0,0.0,0.0,0.0,0.0,0.0,0.0,1.0,0.0,0.0,0.0
15382.0,16267,2169.1,2494960.4,5383.7,0.105375,97.42,24.726923076923075,0.016699763076923,6.5,46.74648696009639,0.7775,22.675922951710813,240.5010783962824,0.6009827863041339,6,10,1.0,0.0,0.0,0.0,0.0,0.0,0.0,0.0,0.0,0.0,0.0,0.0,0.0,0.0,0.0,0.0,0.0,0.0,0.0,0.0,0.0,0.0,0.0,0.0,0.0,0.0,0.0,0.0,0.0,1.0,0.0,0.0,0.0
70742.0,232551,2169.1,11474352.4,24759.7,0.30775,97.42,24.726923076923075,0.016699763076923,6.5,49.168639717907226,0.7775,33.22102523377028,239.5493949942017,0.1423986693547027,3,6,0.0,0.0,1.0,0.0,0.0,0.0,0.0,0.0,0.0,0.0,0.0,0.0,0.0,0.0,0.0,0.0,0.0,0.0,0.0,0.0,0.0,0.0,0.0,0.0,0.0,0.0,0.0,0.0,0.0,1.0,0.0,0.0,0.0
147900.0,450930,2169.1,23989380.0,51765.0,0.303375,205.7,25.03076923076923,0.0169341646153846,6.5,45.61649837973919,0.7775,14.946983088929068,227.863101003606,0.5475194639057366,11,3,0.0,0.0,0.0,1.0,0.0,0.0,0.0,0.0,0.0,0.0,0.0,0.0,0.0,0.0,0.0,0.0,0.0,0.0,0.0,0.0,0.0,0.0,0.0,0.0,0.0,0.0,0.0,0.0,0.0,1.0,0.0,0.0,0.0
5894983.0,15932429,792.8,956166242.6,2063244.05,0.26056,29.87,25.43230769230769,0.0171071446153846,7.475,44.42271238903773,0.5666666666666667,23.641451776690992,258.7129844101028,0.5839923695516801,6,10,1.0,0.0,0.0,0.0,0.0,0.0,0.0,0.0,0.0,0.0,0.0,0.0,0.0,0.0,0.0,0.0,0.0,0.0,0.0,0.0,0.0,0.0,0.0,0.0,0.0,0.0,0.0,0.0,0.0,0.0,1.0,0.0,0.0
29145.0,87266,792.8,4727319.0,10200.75,0.26626315790000005,29.87,25.43230769230769,0.0171071446153846,7.475,49.493104018950746,0.5666666666666667,15.883722749642024,185.9970881167605,0.3723557476716557,3,6,0.0,0.0,1.0,0.0,0.0,0.0,0.0,0.0,0.0,0.0,0.0,0.0,0.0,0.0,0.0,0.0,0.0,0.0,0.0,0.0,0.0,0.0,0.0,0.0,0.0,0.0,0.0,0.0,0.0,0.0,1.0,0.0,0.0
243666.0,574963,1373.0,39522625.2,85283.1,0.18046153850000002,44.2,24.79384615384616,0.0173977753846153,6.5,50.186815184855874,0.7775,18.57925301570024,273.69359240242693,0.2026540615828807,6,10,1.0,0.0,0.0,0.0,0.0,0.0,0.0,0.0,0.0,0.0,0.0,0.0,0.0,0.0,0.0,0.0,0.0,0.0,0.0,0.0,0.0,0.0,0.0,0.0,0.0,0.0,0.0,0.0,0.0,0.0,0.0,1.0,0.0
15682.0,51570,1373.0,2543620.4,5488.7,0.32833333330000003,44.2,24.79384615384616,0.0173977753846153,6.5,48.5217490621078,0.7775,21.03150059264073,188.64643150430092,0.5451044881695039,3,6,0.0,0.0,1.0,0.0,0.0,0.0,0.0,0.0,0.0,0.0,0.0,0.0,0.0,0.0,0.0,0.0,0.0,0.0,0.0,0.0,0.0,0.0,0.0,0.0,0.0,0.0,0.0,0.0,0.0,0.0,0.0,1.0,0.0
230980.0,609496,2012.6,37464956.0,80843.0,0.2672380952,50.78,25.52846153846154,0.0161978123076923,6.5,50.50431844589683,0.7775,39.764813044417096,205.97864594522335,0.3684353991839836,9,12,0.0,0.0,0.0,0.0,0.0,0.0,0.0,0.0,0.0,0.0,0.0,0.0,0.0,0.0,0.0,0.0,0.0,0.0,0.0,0.0,0.0,0.0,0.0,0.0,0.0,0.0,0.0,0.0,0.0,0.0,0.0,0.0,1.0
1279500.0,4615344,2012.6,207534900.0,447825.0,0.34595238100000003,50.78,25.52846153846154,0.0161978123076923,6.5,49.32977409082335,0.7775,14.414871691091385,308.9155136984725,0.419784214137402,3,6,0.0,0.0,1.0,0.0,0.0,0.0,0.0,0.0,0.0,0.0,0.0,0.0,0.0,0.0,0.0,0.0,0.0,0.0,0.0,0.0,0.0,0.0,0.0,0.0,0.0,0.0,0.0,0.0,0.0,0.0,0.0,0.0,1.0
4002092.0,11282409,2012.6,649139322.4,1400732.2,0.2744545455,108.71,25.835,0.0162174184615384,6.5,44.20174447130314,0.7775,17.535618267890282,267.1785497948058,0.5685770921189163,11,3,0.0,0.0,0.0,1.0,0.0,0.0,0.0,0.0,0.0,0.0,0.0,0.0,0.0,0.0,0.0,0.0,0.0,0.0,0.0,0.0,0.0,0.0,0.0,0.0,0.0,0.0,0.0,0.0,0.0,0.0,0.0,0.0,1.0
133500.0,244741,2433.3,22929960.0,49395.0,0.17792,106.28,20.84307692307692,0.0129505846153846,5.025,48.190553904575005,1.3,25.85663965576383,315.4409699910891,0.6950558860822282,6,10,1.0,0.0,0.0,0.0,1.0,0.0,0.0,0.0,0.0,0.0,0.0,0.0,0.0,0.0,0.0,0.0,0.0,0.0,0.0,0.0,0.0,0.0,0.0,0.0,0.0,0.0,0.0,0.0,0.0,0.0,0.0,0.0,0.0
443965.0,727611,1194.7,76255428.4,164267.05,0.1759583333,32.74,26.60076923076923,0.0166025353846153,5.025,46.007905469503385,1.3,13.000558674137576,188.4728607667668,0.658764689888734,9,12,0.0,0.0,0.0,0.0,0.0,0.0,1.0,0.0,0.0,0.0,0.0,0.0,0.0,0.0,0.0,0.0,0.0,0.0,0.0,0.0,0.0,0.0,0.0,0.0,0.0,0.0,0.0,0.0,0.0,0.0,0.0,0.0,0.0
60399.0,128812,1194.7,10374132.24,22347.63,0.2142857143,32.74,26.60076923076923,0.0166025353846153,5.025,50.021091425975605,1.3,30.23311197784762,239.44196249118852,0.5911254736937863,3,6,0.0,0.0,1.0,0.0,0.0,0.0,1.0,0.0,0.0,0.0,0.0,0.0,0.0,0.0,0.0,0.0,0.0,0.0,0.0,0.0,0.0,0.0,0.0,0.0,0.0,0.0,0.0,0.0,0.0,0.0,0.0,0.0,0.0
2593026.0,6096095,1194.7,445378145.8,959419.62,0.21731578950000002,78.52,25.810769230769232,0.0162749907692307,5.025,50.22226887746667,1.3,22.417215996682344,227.7167625410388,0.6864925455954469,11,3,0.0,0.0,0.0,1.0,0.0,0.0,1.0,0.0,0.0,0.0,0.0,0.0,0.0,0.0,0.0,0.0,0.0,0.0,0.0,0.0,0.0,0.0,0.0,0.0,0.0,0.0,0.0,0.0,0.0,0.0,0.0,0.0,0.0
4266022.0,8569367,1420.3,732731938.7,1578428.14,0.1936428571,57.48,26.124615384615385,0.0178193076923076,8.222222222222221,50.096970713041344,1.14,10.67045091508606,187.0196225001794,0.5099179453646104,6,10,1.0,0.0,0.0,0.0,0.0,0.0,0.0,1.0,0.0,0.0,0.0,0.0,0.0,0.0,0.0,0.0,0.0,0.0,0.0,0.0,0.0,0.0,0.0,0.0,0.0,0.0,0.0,0.0,0.0,0.0,0.0,0.0,0.0
849599.0,1821136,1067.8,145927124.2,314351.63,0.1948571429,35.38,26.30461538461538,0.0190212092307692,7.475,45.30324598463136,0.9446072796934866,19.634052315443157,268.8908886383037,0.2248322870108924,6,10,1.0,0.0,0.0,0.0,0.0,0.0,0.0,0.0,0.0,0.0,1.0,0.0,0.0,0.0,0.0,0.0,0.0,0.0,0.0,0.0,0.0,0.0,0.0,0.0,0.0,0.0,0.0,0.0,0.0,0.0,0.0,0.0,0.0
54751.0,161497,1067.8,9404031.76,20257.87,0.2848571429,35.38,26.30461538461538,0.0190212092307692,7.475,48.03016829904291,0.9446072796934866,10.332670338638977,173.84459450418467,0.6225232432190242,3,6,0.0,0.0,1.0,0.0,0.0,0.0,0.0,0.0,0.0,0.0,1.0,0.0,0.0,0.0,0.0,0.0,0.0,0.0,0.0,0.0,0.0,0.0,0.0,0.0,0.0,0.0,0.0,0.0,0.0,0.0,0.0,0.0,0.0
1558900.0,5194600,351.8,267756664.0,576793.0,0.30480952380000004,21.87,25.43692307692308,0.0164982738461538,7.475,44.30525945978964,0.9446072796934866,15.098344909051036,277.65922550147985,0.5541651272544037,6,10,1.0,0.0,0.0,0.0,0.0,0.0,0.0,0.0,0.0,0.0,0.0,1.0,0.0,0.0,0.0,0.0,0.0,0.0,0.0,0.0,0.0,0.0,0.0,0.0,0.0,0.0,0.0,0.0,0.0,0.0,0.0,0.0,0.0
72620.0,116879,1217.7,12473211.2,26869.4,0.1656363636,42.33,20.20307692307692,0.0160299415384615,5.025,50.24473349122502,1.3,17.103521687890616,266.8140702035625,0.4011823454231482,6,10,1.0,0.0,0.0,0.0,0.0,0.0,0.0,0.0,0.0,0.0,0.0,0.0,1.0,0.0,0.0,0.0,0.0,0.0,0.0,0.0,0.0,0.0,0.0,0.0,0.0,0.0,0.0,0.0,0.0,0.0,0.0,0.0,0.0
1357726.0,3612589,1137.8,233203017.8,502358.62,0.26633333330000003,49.73,25.15384615384616,0.0166626,5.025,49.13358213677951,1.3,28.35523080618566,273.1417656737183,0.4765313100535768,6,10,1.0,0.0,0.0,0.0,0.0,0.0,0.0,0.0,0.0,0.0,0.0,0.0,0.0,0.0,1.0,0.0,0.0,0.0,0.0,0.0,0.0,0.0,0.0,0.0,0.0,0.0,0.0,0.0,0.0,0.0,0.0,0.0,0.0
3076000.0,7268659,1446.7,528333760.0,1138120.0,0.18580000000000002,25.86,25.85,0.0170045169230769,7.475,46.65032267166888,0.9446072796934866,14.014118118852114,289.30808705350967,0.6548619173907237,6,10,1.0,0.0,0.0,0.0,0.0,0.0,0.0,0.0,0.0,0.0,0.0,0.0,0.0,0.0,0.0,0.0,0.0,1.0,0.0,0.0,0.0,0.0,0.0,0.0,0.0,0.0,0.0,0.0,0.0,0.0,0.0,0.0,0.0
34311.0,94770,1446.7,5893257.36,12695.07,0.08775,25.86,25.85,0.0170045169230769,7.475,49.46908206396789,0.9446072796934866,39.021959965210925,263.733851818179,0.5619200000410134,3,6,0.0,0.0,1.0,0.0,0.0,0.0,0.0,0.0,0.0,0.0,0.0,0.0,0.0,0.0,0.0,0.0,0.0,1.0,0.0,0.0,0.0,0.0,0.0,0.0,0.0,0.0,0.0,0.0,0.0,0.0,0.0,0.0,0.0
1478093.0,2701810,1555.8,253877253.7,546894.41,0.1256296296,120.09,26.96,0.0181558246153846,7.475,45.59272914114624,0.9446072796934866,29.052031234153997,187.9279476094153,0.595521174419378,6,10,1.0,0.0,0.0,0.0,0.0,0.0,0.0,0.0,0.0,0.0,0.0,0.0,0.0,0.0,0.0,0.0,0.0,0.0,1.0,0.0,0.0,0.0,0.0,0.0,0.0,0.0,0.0,0.0,0.0,0.0,0.0,0.0,0.0
74896.0,195623,1555.8,12864136.96,27711.52,0.2660833333,120.09,26.96,0.0181558246153846,7.475,48.08144283092891,0.9446072796934866,10.663569355010775,245.2156076989546,0.519242597380601,3,6,0.0,0.0,1.0,0.0,0.0,0.0,0.0,0.0,0.0,0.0,0.0,0.0,0.0,0.0,0.0,0.0,0.0,0.0,1.0,0.0,0.0,0.0,0.0,0.0,0.0,0.0,0.0,0.0,0.0,0.0,0.0,0.0,0.0
18510.0,22904,2178.5,3179277.6,6848.7,0.11887500000000001,0.02,22.57384615384615,0.0236075538461538,6.609240608075417,46.84799764748189,0.9446072796934866,16.432959832069493,222.85798842438763,0.3764772884752668,9,12,0.0,0.0,0.0,0.0,0.0,0.0,0.0,0.0,0.0,0.0,0.0,0.0,0.0,0.0,0.0,0.0,0.0,0.0,0.0,0.0,0.0,1.0,0.0,0.0,0.0,0.0,0.0,0.0,0.0,0.0,0.0,0.0,0.0
16232.0,36357,2178.5,2788008.32,6005.84,0.22025000000000003,0.02,22.57384615384615,0.0236075538461538,6.609240608075417,49.975444211332565,0.9446072796934866,34.449725002805785,169.59668624795074,0.545462974055401,6,10,1.0,0.0,0.0,0.0,0.0,0.0,0.0,0.0,0.0,0.0,0.0,0.0,0.0,0.0,0.0,0.0,0.0,0.0,0.0,0.0,0.0,1.0,0.0,0.0,0.0,0.0,0.0,0.0,0.0,0.0,0.0,0.0,0.0
468.0,978,2178.5,80383.68,173.16,0.2135,0.05,22.431538461538462,0.0238521876923076,6.609240608075417,50.49060621682244,0.9446072796934866,17.49981765354564,252.5463055503853,0.692779070958735,10,4,0.0,1.0,0.0,0.0,0.0,0.0,0.0,0.0,0.0,0.0,0.0,0.0,0.0,0.0,0.0,0.0,0.0,0.0,0.0,0.0,0.0,1.0,0.0,0.0,0.0,0.0,0.0,0.0,0.0,0.0,0.0,0.0,0.0
211280.0,528920,1593.0,36289452.8,78173.6,0.24590909090000002,57.93,26.14153846153846,0.0162370246153846,5.025,46.32978834572821,1.3,13.815774169020656,299.79310819206466,0.5997207046716588,6,10,1.0,0.0,0.0,0.0,0.0,0.0,0.0,0.0,0.0,0.0,0.0,0.0,0.0,0.0,0.0,0.0,0.0,0.0,0.0,0.0,0.0,0.0,1.0,0.0,0.0,0.0,0.0,0.0,0.0,0.0,0.0,0.0,0.0
5670.0,16050,1593.0,973879.2,2097.9,0.28300000000000003,117.96,25.73692307692308,0.0160126061538461,5.025,47.64060526242124,1.3,51.98848774462667,218.04002053751657,0.8460969616516419,10,4,0.0,1.0,0.0,0.0,0.0,0.0,0.0,0.0,0.0,0.0,0.0,0.0,0.0,0.0,0.0,0.0,0.0,0.0,0.0,0.0,0.0,0.0,1.0,0.0,0.0,0.0,0.0,0.0,0.0,0.0,0.0,0.0,0.0
426080.0,769480,1593.9,73183500.8,157649.6,0.18825000000000003,60.67,26.48307692307692,0.0170378861538461,6.609240608075417,46.45867230104376,1.14,15.01801253329588,296.9362589096396,0.4752658128560359,9,12,0.0,0.0,0.0,0.0,0.0,0.0,0.0,0.0,0.0,0.0,0.0,0.0,0.0,0.0,0.0,0.0,0.0,0.0,0.0,0.0,0.0,0.0,0.0,1.0,0.0,0.0,0.0,0.0,0.0,0.0,0.0,0.0,0.0
292610.0,932910,1593.9,50258693.6,108265.7,0.27968965520000005,60.67,26.48307692307692,0.0170378861538461,6.609240608075417,48.31601663901975,1.14,30.43748645229748,279.1521137646017,0.5175494647915051,3,6,0.0,0.0,1.0,0.0,0.0,0.0,0.0,0.0,0.0,0.0,0.0,0.0,0.0,0.0,0.0,0.0,0.0,0.0,0.0,0.0,0.0,0.0,0.0,1.0,0.0,0.0,0.0,0.0,0.0,0.0,0.0,0.0,0.0
3222020.0,8052660,1593.9,553414155.2,1192147.4,0.2564666667,126.66,26.16769230769231,0.0170179061538461,6.609240608075417,46.10894434157091,1.14,24.676106630371606,251.6111341620465,0.6669386488104239,11,3,0.0,0.0,0.0,1.0,0.0,0.0,0.0,0.0,0.0,0.0,0.0,0.0,0.0,0.0,0.0,0.0,0.0,0.0,0.0,0.0,0.0,0.0,0.0,1.0,0.0,0.0,0.0,0.0,0.0,0.0,0.0,0.0,0.0
3142000.0,12675000,653.2,539669920.0,1162540.0,0.39309090910000005,31.48,24.34692307692308,0.0169585476923076,5.025,49.79089150030006,1.3,28.02098502288267,244.3300687096986,0.4765373992418664,6,10,1.0,0.0,0.0,0.0,0.0,0.0,0.0,0.0,0.0,0.0,0.0,0.0,0.0,0.0,0.0,0.0,0.0,0.0,0.0,0.0,0.0,0.0,0.0,0.0,0.0,1.0,0.0,0.0,0.0,0.0,0.0,0.0,0.0
1631151.0,5985349,1031.7,280166495.8,603525.87,0.3575625,22.78,27.117692307692305,0.0185592184615384,5.933333333333334,50.51764530099164,0.9446072796934866,18.4513289777459,289.37494295889627,0.4479161464939047,6,10,1.0,0.0,0.0,0.0,0.0,0.0,0.0,0.0,0.0,0.0,0.0,0.0,0.0,0.0,0.0,0.0,0.0,0.0,0.0,0.0,0.0,0.0,0.0,0.0,0.0,0.0,0.0,0.0,1.0,0.0,0.0,0.0,0.0
1585062.0,5900447,1031.7,272250249.1,586472.94,0.36106250000000006,63.65,26.60538461538461,0.0183654138461538,5.933333333333334,47.31937475033926,0.9446072796934866,30.76650428229431,128.48626613151708,0.7075141417469663,10,4,0.0,1.0,0.0,0.0,0.0,0.0,0.0,0.0,0.0,0.0,0.0,0.0,0.0,0.0,0.0,0.0,0.0,0.0,0.0,0.0,0.0,0.0,0.0,0.0,0.0,0.0,0.0,0.0,1.0,0.0,0.0,0.0,0.0
34235.0,94357,2252.8,5880203.6,12666.95,0.26425000000000004,108.28,25.334615384615383,0.0171685661538461,5.025,48.76615871551648,1.3,18.761805885633603,255.03820946219523,0.3363928453739334,9,12,0.0,0.0,0.0,0.0,0.0,0.0,0.0,0.0,0.0,0.0,0.0,0.0,0.0,0.0,0.0,0.0,0.0,0.0,0.0,0.0,0.0,0.0,0.0,0.0,0.0,0.0,0.0,0.0,0.0,1.0,0.0,0.0,0.0
15228.0,16175,2252.8,2615561.28,5634.36,0.10687500000000001,108.28,25.334615384615383,0.0171685661538461,5.025,47.35433870711,1.3,14.60686642599394,134.48778596487676,0.2601048603780312,6,10,1.0,0.0,0.0,0.0,0.0,0.0,0.0,0.0,0.0,0.0,0.0,0.0,0.0,0.0,0.0,0.0,0.0,0.0,0.0,0.0,0.0,0.0,0.0,0.0,0.0,0.0,0.0,0.0,0.0,1.0,0.0,0.0,0.0
70577.0,228104,2252.8,12122305.52,26113.49,0.313,108.28,25.334615384615383,0.0171685661538461,5.025,45.21039284120483,1.3,14.699964918006774,281.30249296195296,0.4834226453798328,3,6,0.0,0.0,1.0,0.0,0.0,0.0,0.0,0.0,0.0,0.0,0.0,0.0,0.0,0.0,0.0,0.0,0.0,0.0,0.0,0.0,0.0,0.0,0.0,0.0,0.0,0.0,0.0,0.0,0.0,1.0,0.0,0.0,0.0
147295.0,471608,2252.8,25299389.2,54499.15,0.317375,204.43,25.14076923076923,0.0168649615384615,5.025,45.28018352098807,1.3,8.630118835857788,317.4171096685328,0.5379881717401825,11,3,0.0,0.0,0.0,1.0,0.0,0.0,0.0,0.0,0.0,0.0,0.0,0.0,0.0,0.0,0.0,0.0,0.0,0.0,0.0,0.0,0.0,0.0,0.0,0.0,0.0,0.0,0.0,0.0,0.0,1.0,0.0,0.0,0.0
5898690.0,16947998,814.5,1013158994.0,2182515.3,0.2823466667,21.87,25.43692307692308,0.0164982738461538,7.475,46.706962569370496,0.9446072796934866,22.998584210615363,228.40365195731584,0.4846259890980659,6,10,1.0,0.0,0.0,0.0,0.0,0.0,0.0,0.0,0.0,0.0,0.0,0.0,0.0,0.0,0.0,0.0,0.0,0.0,0.0,0.0,0.0,0.0,0.0,0.0,0.0,0.0,0.0,0.0,0.0,0.0,1.0,0.0,0.0
25659.0,79891,814.5,4407189.84,9493.83,0.29687179490000004,21.87,25.43692307692308,0.0164982738461538,7.475,49.22457883357293,0.9446072796934866,15.602409325154657,250.10443416350228,0.694028793775709,3,6,0.0,0.0,1.0,0.0,0.0,0.0,0.0,0.0,0.0,0.0,0.0,0.0,0.0,0.0,0.0,0.0,0.0,0.0,0.0,0.0,0.0,0.0,0.0,0.0,0.0,0.0,0.0,0.0,0.0,0.0,1.0,0.0,0.0
240411.0,615514,1378.9,41292993.36,88952.07,0.19338461540000002,37.77,24.606153846153845,0.0170819446153846,5.025,47.74338063733825,1.3,14.643126699256817,177.64975957902382,0.4858678778969949,6,10,1.0,0.0,0.0,0.0,0.0,0.0,0.0,0.0,0.0,0.0,0.0,0.0,0.0,0.0,0.0,0.0,0.0,0.0,0.0,0.0,0.0,0.0,0.0,0.0,0.0,0.0,0.0,0.0,0.0,0.0,0.0,1.0,0.0
17370.0,61915,1378.9,2983471.2,6426.9,0.35633333330000005,37.77,24.606153846153845,0.0170819446153846,5.025,47.11060038012901,1.3,16.521599073423676,278.82931970871766,0.6861182031631348,3,6,0.0,0.0,1.0,0.0,0.0,0.0,0.0,0.0,0.0,0.0,0.0,0.0,0.0,0.0,0.0,0.0,0.0,0.0,0.0,0.0,0.0,0.0,0.0,0.0,0.0,0.0,0.0,0.0,0.0,0.0,0.0,1.0,0.0
215126.0,514586,1733.4,36950041.76,79596.62,0.24342857140000002,57.93,26.14153846153846,0.0162370246153846,5.025,48.68376776959306,1.3,9.641229289000549,285.9948975791522,0.4505895795528406,9,12,0.0,0.0,0.0,0.0,0.0,0.0,0.0,0.0,0.0,0.0,0.0,0.0,0.0,0.0,0.0,0.0,0.0,0.0,0.0,0.0,0.0,0.0,0.0,0.0,0.0,0.0,0.0,0.0,0.0,0.0,0.0,0.0,1.0
1271772.0,4616835,1733.4,218439558.7,470555.64,0.3464285714,57.93,26.14153846153846,0.0162370246153846,5.025,44.50419400116448,1.3,10.84276264123431,282.7514829334699,0.4503030723380991,3,6,0.0,0.0,1.0,0.0,0.0,0.0,0.0,0.0,0.0,0.0,0.0,0.0,0.0,0.0,0.0,0.0,0.0,0.0,0.0,0.0,0.0,0.0,0.0,0.0,0.0,0.0,0.0,0.0,0.0,0.0,0.0,0.0,1.0
4004077.0,11344600,1733.4,687740265.5,1481508.49,0.2771363636,117.96,25.73692307692308,0.0160126061538461,5.025,49.368577269638905,1.3,17.560099110394855,320.51115272862995,0.464376653346484,11,3,0.0,0.0,0.0,1.0,0.0,0.0,0.0,0.0,0.0,0.0,0.0,0.0,0.0,0.0,0.0,0.0,0.0,0.0,0.0,0.0,0.0,0.0,0.0,0.0,0.0,0.0,0.0,0.0,0.0,0.0,0.0,0.0,1.0
241936.0,669372,1313.947826,46841228.96,89516.32,0.20930769230000001,44.22,23.85,0.0173993538461538,5.025,49.71944318789296,1.3,18.895872020468385,223.5496847772504,0.2782957057023125,6,10,1.0,0.0,0.0,0.0,0.0,0.0,0.0,0.0,0.0,0.0,0.0,0.0,0.0,0.0,0.0,0.0,0.0,0.0,0.0,0.0,0.0,0.0,0.0,0.0,0.0,0.0,0.0,0.0,0.0,0.0,0.0,1.0,0.0
15315.0,55057,1313.947826,2965137.15,5666.55,0.35633333330000005,44.22,23.85,0.0173993538461538,5.025,47.67557161242824,1.3,21.611919777019445,201.052763238923,0.2644687310024872,3,6,0.0,0.0,1.0,0.0,0.0,0.0,0.0,0.0,0.0,0.0,0.0,0.0,0.0,0.0,0.0,0.0,0.0,0.0,0.0,0.0,0.0,0.0,0.0,0.0,0.0,0.0,0.0,0.0,0.0,0.0,0.0,1.0,0.0
913000.0,2556000,661.2,86890210.0,283030.0,0.2730588235,21.32,25.344615384615388,0.0183791907692307,8.8,48.41263382636157,5.65,38.25440932379997,316.6574864282043,0.5196695422023957,6,10,1.0,0.0,0.0,0.0,0.0,0.0,0.0,0.0,0.0,0.0,0.0,1.0,0.0,0.0,0.0,0.0,0.0,0.0,0.0,0.0,0.0,0.0,0.0,0.0,0.0,0.0,0.0,0.0,0.0,0.0,0.0,0.0,0.0
145000.0,188000,1398.5,13799650.0,44950.0,0.129,55.35,25.83923076923077,0.0169231015384615,5.720000000000001,44.71195953505632,0.8400000000000001,14.47181127438786,251.66333769177632,0.3467337223704584,6,10,1.0,0.0,0.0,0.0,0.0,0.0,0.0,0.0,0.0,0.0,0.0,0.0,0.0,0.0,0.0,0.0,0.0,0.0,0.0,0.0,0.0,0.0,1.0,0.0,0.0,0.0,0.0,0.0,0.0,0.0,0.0,0.0,0.0
200.0,250,1398.5,19034.0,62.0,0.13,109.87,25.826538461538465,0.016644323076923,5.720000000000001,49.95830023825688,0.8400000000000001,19.500730098664423,279.5577103805228,0.4072005964759887,10,4,0.0,1.0,0.0,0.0,0.0,0.0,0.0,0.0,0.0,0.0,0.0,0.0,0.0,0.0,0.0,0.0,0.0,0.0,0.0,0.0,0.0,0.0,1.0,0.0,0.0,0.0,0.0,0.0,0.0,0.0,0.0,0.0,0.0
7303.0,10799,784.5,721536.4,2117.87,0.148,29.46,25.166153846153843,0.018001163076923,7.475,50.0763501828123,0.5666666666666667,15.488877254860078,247.5175878949648,0.5451859392773789,6,10,1.0,0.0,0.0,0.0,0.0,0.0,0.0,0.0,1.0,0.0,0.0,0.0,0.0,0.0,0.0,0.0,0.0,0.0,0.0,0.0,0.0,0.0,0.0,0.0,0.0,0.0,0.0,0.0,0.0,0.0,0.0,0.0,0.0
2848794.0,7056175,650.4,302342507.2,769174.38,0.2400869565,21.32,28.029230769230768,0.0195080953846153,5.933333333333334,45.8980673915964,0.9446072796934866,36.49389362020933,272.8793455265291,0.6596818141502168,6,10,1.0,0.0,0.0,0.0,0.0,0.0,0.0,0.0,0.0,0.0,0.0,0.0,0.0,0.0,0.0,0.0,0.0,0.0,0.0,0.0,0.0,0.0,0.0,0.0,0.0,0.0,0.0,0.0,0.0,0.0,0.0,0.0,0.0
1165454.0,3581740,650.4,123689633.0,314672.58,0.273,59.32,27.886923076923075,0.0192444369230769,5.933333333333334,45.79255780704039,0.9446072796934866,13.912140814968163,259.37256850286514,0.6944366174845944,10,4,0.0,1.0,0.0,0.0,0.0,0.0,0.0,0.0,0.0,0.0,0.0,0.0,0.0,0.0,0.0,0.0,0.0,0.0,0.0,0.0,0.0,0.0,0.0,0.0,0.0,0.0,0.0,0.0,0.0,0.0,0.0,0.0,0.0
8105.0,15279,365.9,860183.65,2188.35,0.189,16.61,26.71846153846154,0.0184992646153846,7.475,45.30467052770823,0.5666666666666667,25.78942709626465,262.6887089993761,0.4292304216283625,6,10,1.0,0.0,0.0,0.0,0.0,0.0,0.0,0.0,1.0,0.0,0.0,0.0,0.0,0.0,0.0,0.0,0.0,0.0,0.0,0.0,0.0,0.0,0.0,0.0,0.0,0.0,0.0,0.0,0.0,0.0,0.0,0.0,0.0
250625.0,391529,667.1,26598831.25,67668.75,0.1489166667,8.82,10.484615384615385,0.0174289569230769,6.5,46.563429177937,0.7775,42.58162065018542,315.4767626351721,0.6515955746921387,6,10,1.0,0.0,0.0,0.0,0.0,0.0,0.0,0.0,0.0,0.0,0.0,0.0,0.0,1.0,0.0,0.0,0.0,0.0,0.0,0.0,0.0,0.0,0.0,0.0,0.0,0.0,0.0,0.0,0.0,0.0,0.0,0.0,0.0
6053.0,11420,544.3,594223.01,1573.78,0.189,22.68,26.01538461538461,0.0183652615384615,7.475,46.09569856421774,0.5666666666666667,21.17779727913989,190.3209987019908,0.28833334332231,6,10,1.0,0.0,0.0,0.0,0.0,0.0,0.0,0.0,1.0,0.0,0.0,0.0,0.0,0.0,0.0,0.0,0.0,0.0,0.0,0.0,0.0,0.0,0.0,0.0,0.0,0.0,0.0,0.0,0.0,0.0,0.0,0.0,0.0
244051.0,415342,989.5,23958486.67,63453.26,0.16000000000000003,10.81,9.916153846153843,0.01733544,6.5,48.24384438812267,0.7775,16.929560443444466,222.5219836248885,0.7677666469067055,6,10,1.0,0.0,0.0,0.0,0.0,0.0,0.0,0.0,0.0,0.0,0.0,0.0,0.0,1.0,0.0,0.0,0.0,0.0,0.0,0.0,0.0,0.0,0.0,0.0,0.0,0.0,0.0,0.0,0.0,0.0,0.0,0.0,0.0
6405.0,12063,611.9,654142.65,1665.3,0.188,18.1,26.307692307692307,0.0182339999999999,7.475,48.37275783354316,0.5666666666666667,17.832399603736775,289.01949781374884,0.5186965937645496,6,10,1.0,0.0,0.0,0.0,0.0,0.0,0.0,0.0,1.0,0.0,0.0,0.0,0.0,0.0,0.0,0.0,0.0,0.0,0.0,0.0,0.0,0.0,0.0,0.0,0.0,0.0,0.0,0.0,0.0,0.0,0.0,0.0,0.0
249830.0,422298,953.8,25515137.9,64955.8,0.1634166667,15.21,10.087692307692306,0.0176574738461538,6.5,45.46989256138824,0.7775,10.165375982683411,256.88017705365,0.7419448994329643,6,10,1.0,0.0,0.0,0.0,0.0,0.0,0.0,0.0,0.0,0.0,0.0,0.0,0.0,1.0,0.0,0.0,0.0,0.0,0.0,0.0,0.0,0.0,0.0,0.0,0.0,0.0,0.0,0.0,0.0,0.0,0.0,0.0,0.0
6096.0,12907,593.6,577108.32,1524.0,0.21200000000000002,21.17,26.66923076923077,0.0180736338461538,7.475,49.21529057134521,0.5666666666666667,16.87124910636554,259.7831222681079,0.3876071227134673,6,10,1.0,0.0,0.0,0.0,0.0,0.0,0.0,0.0,1.0,0.0,0.0,0.0,0.0,0.0,0.0,0.0,0.0,0.0,0.0,0.0,0.0,0.0,0.0,0.0,0.0,0.0,0.0,0.0,0.0,0.0,0.0,0.0,0.0
236199.0,421457,933.2,22360959.33,59049.75,0.1708333333,15.42,9.993076923076924,0.0176245476923076,6.5,49.11759770448714,0.7775,17.2026727975321,203.20329788838927,0.7841135724456745,6,10,1.0,0.0,0.0,0.0,0.0,0.0,0.0,0.0,0.0,0.0,0.0,0.0,0.0,1.0,0.0,0.0,0.0,0.0,0.0,0.0,0.0,0.0,0.0,0.0,0.0,0.0,0.0,0.0,0.0,0.0,0.0,0.0,0.0
24142.0,57514,1434.5875,2285523.14,6035.5,0.256,30.66,28.20923076923077,0.0198659076923076,6.609240608075417,48.53048592052777,1.15,19.442736199513455,150.18543479878753,0.3167250505427443,6,10,1.0,0.0,0.0,0.0,0.0,0.0,0.0,0.0,0.0,0.0,0.0,0.0,0.0,0.0,0.0,0.0,0.0,0.0,0.0,0.0,0.0,0.0,0.0,0.0,1.0,0.0,0.0,0.0,0.0,0.0,0.0,0.0,0.0
5209137.0,9586935,664.0,493148999.8,1302284.25,0.17659420290000002,21.17,26.66923076923077,0.0180736338461538,7.475,49.180096675849725,0.5666666666666667,20.931201306985407,264.52033499338614,0.4703381148447874,6,10,1.0,0.0,0.0,0.0,0.0,0.0,0.0,0.0,0.0,0.0,0.0,0.0,0.0,0.0,0.0,0.0,0.0,0.0,0.0,0.0,0.0,0.0,0.0,0.0,0.0,0.0,0.0,0.0,0.0,0.0,1.0,0.0,0.0
4292.0,9411,664.0,406323.64,1073.0,0.1960952381,21.17,26.66923076923077,0.0180736338461538,7.475,46.665404719898746,0.5666666666666667,20.899257002156247,270.0021306634968,0.370104979949317,3,6,0.0,0.0,1.0,0.0,0.0,0.0,0.0,0.0,0.0,0.0,0.0,0.0,0.0,0.0,0.0,0.0,0.0,0.0,0.0,0.0,0.0,0.0,0.0,0.0,0.0,0.0,0.0,0.0,0.0,0.0,1.0,0.0,0.0
81335.0,120624,1112.6,8050538.3,19520.4,0.1469090909,37.47,21.03923076923077,0.017092883076923,6.5,49.298612452431534,0.7775,27.847436293273702,261.8481918121031,0.5559100306165362,6,10,1.0,0.0,0.0,0.0,0.0,0.0,0.0,0.0,0.0,0.0,0.0,0.0,1.0,0.0,0.0,0.0,0.0,0.0,0.0,0.0,0.0,0.0,0.0,0.0,0.0,0.0,0.0,0.0,0.0,0.0,0.0,0.0,0.0
259815.0,504797,1430.3,25716488.7,62355.6,0.18708333330000002,30.38,8.783846153846154,0.0166925907692307,6.5,44.63446696837864,0.7775,25.441234809885614,179.53444591512255,0.3993088656153955,6,10,1.0,0.0,0.0,0.0,0.0,0.0,0.0,0.0,0.0,0.0,0.0,0.0,0.0,1.0,0.0,0.0,0.0,0.0,0.0,0.0,0.0,0.0,0.0,0.0,0.0,0.0,0.0,0.0,0.0,0.0,0.0,0.0,0.0
79519.0,109129,939.2,8615088.46,16698.99,0.1454545455,33.5,21.62923076923077,0.0175814861538461,6.5,50.11514022451152,0.7775,23.368119681660477,229.7705645560284,0.5544811425654269,6,10,1.0,0.0,0.0,0.0,0.0,0.0,0.0,0.0,0.0,0.0,0.0,0.0,1.0,0.0,0.0,0.0,0.0,0.0,0.0,0.0,0.0,0.0,0.0,0.0,0.0,0.0,0.0,0.0,0.0,0.0,0.0,0.0,0.0
250044.0,492732,1032.1,27089766.96,52509.24,0.1838333333,19.88,9.71,0.0171217661538461,6.5,45.75827643455998,0.7775,22.78952470616642,182.9975963618216,0.652557083872045,6,10,1.0,0.0,0.0,0.0,0.0,0.0,0.0,0.0,0.0,0.0,0.0,0.0,0.0,1.0,0.0,0.0,0.0,0.0,0.0,0.0,0.0,0.0,0.0,0.0,0.0,0.0,0.0,0.0,0.0,0.0,0.0,0.0,0.0
824000.0,677000,1290.4,89272160.0,173040.0,0.098,40.14,26.447692307692307,0.0179293569230769,6.609240608075417,48.5287792296424,1.14,34.05519926107024,247.44918004316372,0.612415807314569,9,12,0.0,0.0,0.0,0.0,0.0,0.0,0.0,0.0,0.0,0.0,0.0,0.0,0.0,0.0,0.0,0.0,0.0,0.0,0.0,0.0,0.0,0.0,0.0,1.0,0.0,0.0,0.0,0.0,0.0,0.0,0.0,0.0,0.0
293000.0,652000,1290.4,31743620.0,61530.0,0.1938148148,40.14,26.447692307692307,0.0179293569230769,6.609240608075417,50.6530084867168,1.14,18.268989016295844,302.6278827690597,0.5759046866228461,3,6,0.0,0.0,1.0,0.0,0.0,0.0,0.0,0.0,0.0,0.0,0.0,0.0,0.0,0.0,0.0,0.0,0.0,0.0,0.0,0.0,0.0,0.0,0.0,1.0,0.0,0.0,0.0,0.0,0.0,0.0,0.0,0.0,0.0
3375000.0,5207000,1290.4,365647500.0,708750.0,0.1511333333,100.62,26.62730769230769,0.0176649092307692,6.609240608075417,49.25103350305954,1.14,22.533678363140183,276.1846448671505,0.5301803825714327,11,3,0.0,0.0,0.0,1.0,0.0,0.0,0.0,0.0,0.0,0.0,0.0,0.0,0.0,0.0,0.0,0.0,0.0,0.0,0.0,0.0,0.0,0.0,0.0,1.0,0.0,0.0,0.0,0.0,0.0,0.0,0.0,0.0,0.0
5934405.0,10749989,704.0,642933437.7,1246225.05,0.1827714286,22.19,26.06153846153846,0.0181315661538461,7.475,50.32223955246358,0.5666666666666667,24.082245100033106,273.2490540424748,0.7976447142075777,6,10,1.0,0.0,0.0,0.0,0.0,0.0,0.0,0.0,0.0,0.0,0.0,0.0,0.0,0.0,0.0,0.0,0.0,0.0,0.0,0.0,0.0,0.0,0.0,0.0,0.0,0.0,0.0,0.0,0.0,0.0,1.0,0.0,0.0
259014.0,556774,1721.8,31060958.88,54392.94,0.20408333330000003,20.69,8.574615384615385,0.0163596738461538,6.5,49.82647185978392,0.7775,21.35631413544889,229.3870570419119,0.8390555624145555,6,10,1.0,0.0,0.0,0.0,0.0,0.0,0.0,0.0,0.0,0.0,0.0,0.0,0.0,1.0,0.0,0.0,0.0,0.0,0.0,0.0,0.0,0.0,0.0,0.0,0.0,0.0,0.0,0.0,0.0,0.0,0.0,0.0,0.0
5571524.0,11119095,751.9,668137158.1,1170020.04,0.19517142860000003,25.61,25.42538461538462,0.0182048123076923,7.475,50.589496660203054,0.5666666666666667,26.10355628746804,308.95697244888004,0.3655232214255638,6,10,1.0,0.0,0.0,0.0,0.0,0.0,0.0,0.0,0.0,0.0,0.0,0.0,0.0,0.0,0.0,0.0,0.0,0.0,0.0,0.0,0.0,0.0,0.0,0.0,0.0,0.0,0.0,0.0,0.0,0.0,1.0,0.0,0.0
252516.0,554258,1786.5,32248818.36,55553.52,0.20608333330000003,29.12,9.323846153846151,0.0165963876923076,6.5,47.88790175236259,0.7775,21.348632879691035,128.0320288947849,0.7696930015020238,6,10,1.0,0.0,0.0,0.0,0.0,0.0,0.0,0.0,0.0,0.0,0.0,0.0,0.0,1.0,0.0,0.0,0.0,0.0,0.0,0.0,0.0,0.0,0.0,0.0,0.0,0.0,0.0,0.0,0.0,0.0,0.0,0.0,0.0
7419.0,20946,677.5,989694.6,1187.04,0.282,28.87,25.70230769230769,0.0177806769230769,7.475,48.5807837245099,0.5666666666666667,46.55335548599871,288.20875579233586,0.6920399328457509,6,10,1.0,0.0,0.0,0.0,0.0,0.0,0.0,0.0,1.0,0.0,0.0,0.0,0.0,0.0,0.0,0.0,0.0,0.0,0.0,0.0,0.0,0.0,0.0,0.0,0.0,0.0,0.0,0.0,0.0,0.0,0.0,0.0,0.0
263246.0,561355,1042.2,35117016.4,42119.36,0.19745000000000001,19.77,9.513846153846156,0.0176838923076923,6.5,45.15561971261045,0.7775,9.249764514746772,188.76072986227385,0.696675800171318,6,10,1.0,0.0,0.0,0.0,0.0,0.0,0.0,0.0,0.0,0.0,0.0,0.0,0.0,1.0,0.0,0.0,0.0,0.0,0.0,0.0,0.0,0.0,0.0,0.0,0.0,0.0,0.0,0.0,0.0,0.0,0.0,0.0,0.0
7039.0,19873,614.6,1006858.56,633.51,0.282,32.73,24.957692307692305,0.0172231753846153,7.475,48.51544596271609,0.5666666666666667,10.268674017726456,249.3894299001253,0.5575231934125494,6,10,1.0,0.0,0.0,0.0,0.0,0.0,0.0,0.0,1.0,0.0,0.0,0.0,0.0,0.0,0.0,0.0,0.0,0.0,0.0,0.0,0.0,0.0,0.0,0.0,0.0,0.0,0.0,0.0,0.0,0.0,0.0,0.0,0.0
6821.0,19008,528.4,1062848.22,1159.57,0.279,24.69,26.164615384615384,0.0183556523076923,7.475,49.23973841075123,0.5666666666666667,14.308470919625368,215.98821095470797,0.2706684889255315,6,10,1.0,0.0,0.0,0.0,0.0,0.0,0.0,0.0,1.0,0.0,0.0,0.0,0.0,0.0,0.0,0.0,0.0,0.0,0.0,0.0,0.0,0.0,0.0,0.0,0.0,0.0,0.0,0.0,0.0,0.0,0.0,0.0,0.0
259892.0,500880,751.7,40496371.44,44181.64,0.1859,20.07,8.986153846153847,0.0173193784615384,6.5,45.89087296010619,0.7775,27.072882557016413,220.55748472794832,0.4750137334383728,6,10,1.0,0.0,0.0,0.0,0.0,0.0,0.0,0.0,0.0,0.0,0.0,0.0,0.0,1.0,0.0,0.0,0.0,0.0,0.0,0.0,0.0,0.0,0.0,0.0,0.0,0.0,0.0,0.0,0.0,0.0,0.0,0.0,0.0
6848.0,19083,989.5,1137521.28,1643.52,0.279,36.21,25.85538461538461,0.0170665476923076,7.475,45.379635817796974,0.5666666666666667,27.379701622039303,323.8371853662385,0.0734966572843051,6,10,1.0,0.0,0.0,0.0,0.0,0.0,0.0,0.0,1.0,0.0,0.0,0.0,0.0,0.0,0.0,0.0,0.0,0.0,0.0,0.0,0.0,0.0,0.0,0.0,0.0,0.0,0.0,0.0,0.0,0.0,0.0,0.0,0.0
7248.0,20198,641.3954545,1214184.96,2391.84,0.279,28.73,24.72,0.0174907384615384,7.475,44.86849904926967,0.5666666666666667,40.91837101660551,290.9480808844744,0.7594195165617024,6,10,1.0,0.0,0.0,0.0,0.0,0.0,0.0,0.0,1.0,0.0,0.0,0.0,0.0,0.0,0.0,0.0,0.0,0.0,0.0,0.0,0.0,0.0,0.0,0.0,0.0,0.0,0.0,0.0,0.0,0.0,0.0,0.0,0.0
262169.0,544396,887.6,43918550.88,86515.77,0.20225,24.11,8.938461538461539,0.0168433476923076,6.5,46.398764837071006,0.7775,30.49819160859344,254.88916006708604,0.4007539677454114,6,10,1.0,0.0,0.0,0.0,0.0,0.0,0.0,0.0,0.0,0.0,0.0,0.0,0.0,1.0,0.0,0.0,0.0,0.0,0.0,0.0,0.0,0.0,0.0,0.0,0.0,0.0,0.0,0.0,0.0,0.0,0.0,0.0,0.0
6068.0,19768,451.9,915054.4,1881.08,0.326,23.69,25.18846153846154,0.0175919261538461,7.475,47.6906488141463,0.5666666666666667,17.448540107095162,277.81165436358344,0.7185659538158291,6,10,1.0,0.0,0.0,0.0,0.0,0.0,0.0,0.0,1.0,0.0,0.0,0.0,0.0,0.0,0.0,0.0,0.0,0.0,0.0,0.0,0.0,0.0,0.0,0.0,0.0,0.0,0.0,0.0,0.0,0.0,0.0,0.0,0.0
261663.0,545186,1116.7,39458780.4,81115.53,0.18875,21.26,8.367692307692307,0.0166258523076923,6.5,50.40098936639459,0.7775,22.074935576461957,234.62891324634404,0.5470703098579286,6,10,1.0,0.0,0.0,0.0,0.0,0.0,0.0,0.0,0.0,0.0,0.0,0.0,0.0,1.0,0.0,0.0,0.0,0.0,0.0,0.0,0.0,0.0,0.0,0.0,0.0,0.0,0.0,0.0,0.0,0.0,0.0,0.0,0.0
3559.0,11637,1098.3,536697.2,1103.29,0.30766666670000004,33.32,28.04692307692308,0.0200092984615384,6.609240608075417,45.966773104079536,1.15,13.328462615339742,242.1967887829217,0.6976363365732939,6,10,1.0,0.0,0.0,0.0,0.0,0.0,0.0,0.0,0.0,0.0,0.0,0.0,0.0,0.0,0.0,0.0,0.0,0.0,0.0,0.0,0.0,0.0,0.0,0.0,1.0,0.0,0.0,0.0,0.0,0.0,0.0,0.0,0.0
8979.0,23373,1098.3,1354033.2,2783.49,0.3233333333,67.84,28.075000000000003,0.0196915015384615,6.609240608075417,50.03160519099168,1.15,23.29966072646388,277.41386621616414,0.5325672593776515,10,4,0.0,1.0,0.0,0.0,0.0,0.0,0.0,0.0,0.0,0.0,0.0,0.0,0.0,0.0,0.0,0.0,0.0,0.0,0.0,0.0,0.0,0.0,0.0,0.0,1.0,0.0,0.0,0.0,0.0,0.0,0.0,0.0,0.0
3743.0,11509,1098.3,564444.4,1160.33,0.254,33.32,28.04692307692308,0.0200092984615384,6.609240608075417,44.70092257376134,1.15,19.086739099394148,247.19355580111676,0.3902152312556307,3,6,0.0,0.0,1.0,0.0,0.0,0.0,0.0,0.0,0.0,0.0,0.0,0.0,0.0,0.0,0.0,0.0,0.0,0.0,0.0,0.0,0.0,0.0,0.0,0.0,1.0,0.0,0.0,0.0,0.0,0.0,0.0,0.0,0.0
6068.0,19768,706.8,876765.32,1638.36,0.326,41.43,24.30307692307692,0.0175789661538461,7.475,48.64626377611767,0.5666666666666667,26.42833128613956,115.55604189067672,0.3205942316842615,6,10,1.0,0.0,0.0,0.0,0.0,0.0,0.0,0.0,1.0,0.0,0.0,0.0,0.0,0.0,0.0,0.0,0.0,0.0,0.0,0.0,0.0,0.0,0.0,0.0,0.0,0.0,0.0,0.0,0.0,0.0,0.0,0.0,0.0
3671.0,12091,1083.2,530422.79,991.17,0.2696666667,34.52,28.10307692307692,0.0193737046153846,6.609240608075417,44.60362241230048,1.15,20.76144354955007,243.3334736443204,0.4859764209954045,6,10,1.0,0.0,0.0,0.0,0.0,0.0,0.0,0.0,0.0,0.0,0.0,0.0,0.0,0.0,0.0,0.0,0.0,0.0,0.0,0.0,0.0,0.0,0.0,0.0,1.0,0.0,0.0,0.0,0.0,0.0,0.0,0.0,0.0
8382.0,24736,1083.2,1211115.18,2263.14,0.378,72.07,28.09923076923077,0.0192729046153846,6.609240608075417,49.61329036775789,1.15,13.68215580747592,206.1460541247415,0.6630280370983246,10,4,0.0,1.0,0.0,0.0,0.0,0.0,0.0,0.0,0.0,0.0,0.0,0.0,0.0,0.0,0.0,0.0,0.0,0.0,0.0,0.0,0.0,0.0,0.0,0.0,1.0,0.0,0.0,0.0,0.0,0.0,0.0,0.0,0.0
3769.0,12965,1083.2,544582.81,1017.63,0.341,34.52,28.10307692307692,0.0193737046153846,6.609240608075417,48.51616496451544,1.15,13.752824470980393,257.9429661987274,0.6379500245506862,3,6,0.0,0.0,1.0,0.0,0.0,0.0,0.0,0.0,0.0,0.0,0.0,0.0,0.0,0.0,0.0,0.0,0.0,0.0,0.0,0.0,0.0,0.0,0.0,0.0,1.0,0.0,0.0,0.0,0.0,0.0,0.0,0.0,0.0
6035.0,17269,416.4,911043.6,1991.55,0.286,20.97,25.396153846153844,0.0178105292307692,7.475,47.000089500646425,0.5666666666666667,30.519899211456856,315.0559521864131,0.5975505760957496,6,10,1.0,0.0,0.0,0.0,0.0,0.0,0.0,0.0,1.0,0.0,0.0,0.0,0.0,0.0,0.0,0.0,0.0,0.0,0.0,0.0,0.0,0.0,0.0,0.0,0.0,0.0,0.0,0.0,0.0,0.0,0.0,0.0,0.0
275861.0,344823,1278.4,41643976.56,91034.13,0.1098947368,29.07,8.65,0.0164754276923076,6.5,45.57743249361821,0.7775,17.667309788248765,225.163462537618,0.1534323292179329,6,10,1.0,0.0,0.0,0.0,0.0,0.0,0.0,0.0,0.0,0.0,0.0,0.0,0.0,1.0,0.0,0.0,0.0,0.0,0.0,0.0,0.0,0.0,0.0,0.0,0.0,0.0,0.0,0.0,0.0,0.0,0.0,0.0,0.0
3643.0,11821,1330.0,549947.28,1202.19,0.2936666667,37.55,28.095384615384617,0.0191721046153846,6.609240608075417,48.3776690412217,1.15,23.45167416401528,186.6476475689224,0.3777909293650118,6,10,1.0,0.0,0.0,0.0,0.0,0.0,0.0,0.0,0.0,0.0,0.0,0.0,0.0,0.0,0.0,0.0,0.0,0.0,0.0,0.0,0.0,0.0,0.0,0.0,1.0,0.0,0.0,0.0,0.0,0.0,0.0,0.0,0.0
9006.0,26378,1330.0,1359545.76,2971.98,0.3506666667,93.37,28.095769230769232,0.0192301892307692,6.609240608075417,45.70309083130402,1.15,9.202574302421876,288.6261528956385,0.5201366797230582,10,4,0.0,1.0,0.0,0.0,0.0,0.0,0.0,0.0,0.0,0.0,0.0,0.0,0.0,0.0,0.0,0.0,0.0,0.0,0.0,0.0,0.0,0.0,0.0,0.0,1.0,0.0,0.0,0.0,0.0,0.0,0.0,0.0,0.0
4005.0,14518,1330.0,604594.8,1321.65,0.36200000000000004,37.55,28.095384615384617,0.0191721046153846,6.609240608075417,48.62457442544196,1.15,16.425339819204236,307.2354187086951,0.5836602809535508,3,6,0.0,0.0,1.0,0.0,0.0,0.0,0.0,0.0,0.0,0.0,0.0,0.0,0.0,0.0,0.0,0.0,0.0,0.0,0.0,0.0,0.0,0.0,0.0,0.0,1.0,0.0,0.0,0.0,0.0,0.0,0.0,0.0,0.0
5884.0,16837,757.7,929142.44,1941.72,0.286,27.22,25.32,0.0176390584615384,7.475,45.49702311207333,0.5666666666666667,16.84491041542911,216.06755673890171,0.7215393794206814,6,10,1.0,0.0,0.0,0.0,0.0,0.0,0.0,0.0,1.0,0.0,0.0,0.0,0.0,0.0,0.0,0.0,0.0,0.0,0.0,0.0,0.0,0.0,0.0,0.0,0.0,0.0,0.0,0.0,0.0,0.0,0.0,0.0,0.0
304503.0,646362,1572.6,48084068.73,100485.99,0.205,44.84,8.723846153846154,0.0160387476923076,6.5,48.84516272056852,0.7775,43.60707268286082,245.1359181501655,0.134880841835595,6,10,1.0,0.0,0.0,0.0,0.0,0.0,0.0,0.0,0.0,0.0,0.0,0.0,0.0,1.0,0.0,0.0,0.0,0.0,0.0,0.0,0.0,0.0,0.0,0.0,0.0,0.0,0.0,0.0,0.0,0.0,0.0,0.0,0.0
5973.0,17260,747.1,915362.25,2090.55,0.28900000000000003,23.86,26.26076923076923,0.0174210923076923,7.475,48.07134403437556,0.5666666666666667,23.97847611142513,204.9180716084049,0.6382475631135759,6,10,1.0,0.0,0.0,0.0,0.0,0.0,0.0,0.0,1.0,0.0,0.0,0.0,0.0,0.0,0.0,0.0,0.0,0.0,0.0,0.0,0.0,0.0,0.0,0.0,0.0,0.0,0.0,0.0,0.0,0.0,0.0,0.0,0.0
283443.0,572213,902.8,43437639.75,99205.05,0.20255,26.46,10.336153846153849,0.0173147261538461,6.5,45.9670730439993,0.7775,17.321793069930013,288.21211228402984,0.5486709303468821,6,10,1.0,0.0,0.0,0.0,0.0,0.0,0.0,0.0,0.0,0.0,0.0,0.0,0.0,1.0,0.0,0.0,0.0,0.0,0.0,0.0,0.0,0.0,0.0,0.0,0.0,0.0,0.0,0.0,0.0,0.0,0.0,0.0,0.0
5854.0,16837,533.7,921653.76,2224.52,0.288,23.86,25.78923076923077,0.0174441046153846,7.475,45.31904390304763,0.5666666666666667,25.333218240398374,314.80194801821983,0.5229817822319469,6,10,1.0,0.0,0.0,0.0,0.0,0.0,0.0,0.0,1.0,0.0,0.0,0.0,0.0,0.0,0.0,0.0,0.0,0.0,0.0,0.0,0.0,0.0,0.0,0.0,0.0,0.0,0.0,0.0,0.0,0.0,0.0,0.0,0.0
273582.0,663755,1279.1,43072750.08,103961.16,0.231,37.24,8.905384615384616,0.0170926061538461,6.5,44.52809809521063,0.7775,20.566596528771512,302.27542798561865,0.2661912456935847,6,10,1.0,0.0,0.0,0.0,0.0,0.0,0.0,0.0,0.0,0.0,0.0,0.0,0.0,1.0,0.0,0.0,0.0,0.0,0.0,0.0,0.0,0.0,0.0,0.0,0.0,0.0,0.0,0.0,0.0,0.0,0.0,0.0,0.0
5848.0,16826,678.5,948545.6,2046.8,0.288,29.87,25.43230769230769,0.0171071446153846,7.475,49.268762699654246,0.5666666666666667,31.01522914060309,320.0260210918458,0.3904374147515815,6,10,1.0,0.0,0.0,0.0,0.0,0.0,0.0,0.0,1.0,0.0,0.0,0.0,0.0,0.0,0.0,0.0,0.0,0.0,0.0,0.0,0.0,0.0,0.0,0.0,0.0,0.0,0.0,0.0,0.0,0.0,0.0,0.0,0.0
262012.0,615799,1016.3,42498346.4,91704.2,0.23500000000000001,29.16,9.41,0.0169255661538461,6.5,45.94205837776983,0.7775,26.620013773747527,296.322364288632,0.3670373750708621,6,10,1.0,0.0,0.0,0.0,0.0,0.0,0.0,0.0,0.0,0.0,0.0,0.0,0.0,1.0,0.0,0.0,0.0,0.0,0.0,0.0,0.0,0.0,0.0,0.0,0.0,0.0,0.0,0.0,0.0,0.0,0.0,0.0,0.0
5848.0,17580,546.9,1004452.48,2163.76,0.301,21.87,25.43692307692308,0.0164982738461538,7.475,49.26536763181071,0.9446072796934866,35.441998972571426,203.49557160017105,0.4039914059657092,6,10,1.0,0.0,0.0,0.0,0.0,0.0,0.0,0.0,1.0,0.0,0.0,0.0,0.0,0.0,0.0,0.0,0.0,0.0,0.0,0.0,0.0,0.0,0.0,0.0,0.0,0.0,0.0,0.0,0.0,0.0,0.0,0.0,0.0
280513.0,587099,1324.1,48180912.88,103789.81,0.20755,47.54,7.592307692307693,0.0168280061538461,5.025,47.76095986304429,1.3,12.191942011042176,212.50709776181176,0.7812524895684827,6,10,1.0,0.0,0.0,0.0,0.0,0.0,0.0,0.0,0.0,0.0,0.0,0.0,0.0,1.0,0.0,0.0,0.0,0.0,0.0,0.0,0.0,0.0,0.0,0.0,0.0,0.0,0.0,0.0,0.0,0.0,0.0,0.0,0.0
155.0,348,2053.3,14751.35,48.05,0.2075555556,38.22,20.56384615384616,0.0167377569230769,4.95,48.337912000412274,2.2666666666666666,17.301967824660718,229.58747530765544,0.5836133787076356,6,10,1.0,0.0,0.0,0.0,0.0,0.0,0.0,0.0,0.0,0.0,0.0,0.0,0.0,0.0,0.0,0.0,0.0,0.0,0.0,1.0,0.0,0.0,0.0,0.0,0.0,0.0,0.0,0.0,0.0,0.0,0.0,0.0,0.0
88370.0,200290,1855.0,8730956.0,25627.3,0.2094444444,35.95,21.532307692307693,0.0163639107692307,4.95,46.39989909648909,2.2666666666666666,14.912934851934576,172.74735174024408,0.8071819998180128,9,12,0.0,0.0,0.0,0.0,0.0,0.0,0.0,0.0,0.0,0.0,0.0,0.0,0.0,0.0,0.0,0.0,0.0,0.0,0.0,1.0,0.0,0.0,0.0,0.0,0.0,0.0,0.0,0.0,0.0,0.0,0.0,0.0,0.0
78520.0,181900,1855.0,7757776.0,22770.8,0.22175,65.48,21.76692307692308,0.01669914,4.95,49.13265833333072,2.2666666666666666,36.447043953212976,237.1569326884204,0.6125974694241095,11,3,0.0,0.0,0.0,1.0,0.0,0.0,0.0,0.0,0.0,0.0,0.0,0.0,0.0,0.0,0.0,0.0,0.0,0.0,0.0,1.0,0.0,0.0,0.0,0.0,0.0,0.0,0.0,0.0,0.0,0.0,0.0,0.0,0.0
157050.0,364980,2092.7,16667716.5,42403.5,0.21711111110000003,29.53,22.00153846153846,0.0170343692307692,4.95,47.12915608538507,2.2666666666666666,12.437304804663452,288.4572981703382,0.6400932312093136,6,10,1.0,0.0,0.0,0.0,0.0,0.0,0.0,0.0,0.0,0.0,0.0,0.0,0.0,0.0,0.0,0.0,0.0,0.0,0.0,1.0,0.0,0.0,0.0,0.0,0.0,0.0,0.0,0.0,0.0,0.0,0.0,0.0,0.0
156890.0,381750,1969.7,15401891.3,40791.4,0.22599999999999998,26.93,21.328461538461536,0.0160915015384615,4.95,44.85836346384357,2.2666666666666666,23.831449663073425,233.2226802290567,0.6700742800889868,6,10,1.0,0.0,0.0,0.0,0.0,0.0,0.0,0.0,0.0,0.0,0.0,0.0,0.0,0.0,0.0,0.0,0.0,0.0,0.0,1.0,0.0,0.0,0.0,0.0,0.0,0.0,0.0,0.0,0.0,0.0,0.0,0.0,0.0
162570.0,387270,2013.1,16603274.1,42268.2,0.22344444440000003,22.85,21.90692307692308,0.0168911169230769,4.95,46.82585075996725,2.2666666666666666,25.054604608627823,267.79000886376303,0.496408412866214,6,10,1.0,0.0,0.0,0.0,0.0,0.0,0.0,0.0,0.0,0.0,0.0,0.0,0.0,0.0,0.0,0.0,0.0,0.0,0.0,1.0,0.0,0.0,0.0,0.0,0.0,0.0,0.0,0.0,0.0,0.0,0.0,0.0,0.0
153110.0,335700,1743.7,14494923.7,38277.5,0.2034444444,35.24,21.54384615384616,0.0165397015384615,4.95,46.79041231846927,2.2666666666666666,29.583563248393183,162.44144085557429,0.3961914290123619,6,10,1.0,0.0,0.0,0.0,0.0,0.0,0.0,0.0,0.0,0.0,0.0,0.0,0.0,0.0,0.0,0.0,0.0,0.0,0.0,1.0,0.0,0.0,0.0,0.0,0.0,0.0,0.0,0.0,0.0,0.0,0.0,0.0,0.0
176310.0,435930,1613.3,19101425.4,37025.1,0.23277777780000003,35.43,21.07076923076924,0.0158836984615384,4.95,49.71460815075783,2.2666666666666666,23.87236262434541,243.38066351945352,0.7024529488019046,6,10,1.0,0.0,0.0,0.0,0.0,0.0,0.0,0.0,0.0,0.0,0.0,0.0,0.0,0.0,0.0,0.0,0.0,0.0,0.0,1.0,0.0,0.0,0.0,0.0,0.0,0.0,0.0,0.0,0.0,0.0,0.0,0.0,0.0
6237.0,17257,1434.5875,675716.58,1309.77,0.27599999999999997,46.31,27.66923076923077,0.0196287507692307,6.609240608075417,45.55704901396322,1.15,19.97231230100897,323.1993351556458,0.7504746628886731,9,12,0.0,0.0,0.0,0.0,0.0,0.0,0.0,0.0,0.0,0.0,0.0,0.0,0.0,0.0,0.0,0.0,0.0,0.0,0.0,0.0,0.0,0.0,0.0,0.0,1.0,0.0,0.0,0.0,0.0,0.0,0.0,0.0,0.0
5689.0,15537,1434.5875,616346.26,1194.69,0.273,46.31,27.66923076923077,0.0196287507692307,6.609240608075417,47.599376238555536,1.15,14.943263562039489,173.90110839392815,0.1748039128962181,3,6,0.0,0.0,1.0,0.0,0.0,0.0,0.0,0.0,0.0,0.0,0.0,0.0,0.0,0.0,0.0,0.0,0.0,0.0,0.0,0.0,0.0,0.0,0.0,0.0,1.0,0.0,0.0,0.0,0.0,0.0,0.0,0.0,0.0
12896.0,28242,1434.5875,1397152.64,2708.16,0.2803333333,103.45,27.884615384615383,0.0194503292307692,6.609240608075417,49.38308189392175,1.15,21.519036751500668,255.27838795286016,0.6166009711885216,11,3,0.0,0.0,0.0,1.0,0.0,0.0,0.0,0.0,0.0,0.0,0.0,0.0,0.0,0.0,0.0,0.0,0.0,0.0,0.0,0.0,0.0,0.0,0.0,0.0,1.0,0.0,0.0,0.0,0.0,0.0,0.0,0.0,0.0
166260.0,386070,1585.4,19937899.2,34914.6,0.22388888890000003,35.41,21.68076923076924,0.0160815323076923,4.95,45.74319547388699,2.2666666666666666,25.72961276769648,191.843929889094,0.4507978392969313,6,10,1.0,0.0,0.0,0.0,0.0,0.0,0.0,0.0,0.0,0.0,0.0,0.0,0.0,0.0,0.0,0.0,0.0,0.0,0.0,1.0,0.0,0.0,0.0,0.0,0.0,0.0,0.0,0.0,0.0,0.0,0.0,0.0,0.0
5348.0,15278,1434.5875,641332.16,1123.08,0.257,57.14,28.1,0.0192719076923076,6.609240608075417,45.77489863392731,1.15,15.639318048141998,316.27559277067405,0.6225493890787351,9,12,0.0,0.0,0.0,0.0,0.0,0.0,0.0,0.0,0.0,0.0,0.0,0.0,0.0,0.0,0.0,0.0,0.0,0.0,0.0,0.0,0.0,0.0,0.0,0.0,1.0,0.0,0.0,0.0,0.0,0.0,0.0,0.0,0.0
5167.0,13013,1434.5875,619626.64,1085.07,0.1845,57.14,28.1,0.0192719076923076,6.609240608075417,45.85021061616453,1.15,34.23554607555279,301.68631125285765,0.5025949093686118,3,6,0.0,0.0,1.0,0.0,0.0,0.0,0.0,0.0,0.0,0.0,0.0,0.0,0.0,0.0,0.0,0.0,0.0,0.0,0.0,0.0,0.0,0.0,0.0,0.0,1.0,0.0,0.0,0.0,0.0,0.0,0.0,0.0,0.0
12410.0,25326,1434.5875,1488207.2,2606.1,0.28900000000000003,95.47,27.986538461538466,0.0193915661538461,6.609240608075417,45.4289068865042,1.15,12.354705212469678,259.28036229411464,0.4974271229407629,11,3,0.0,0.0,0.0,1.0,0.0,0.0,0.0,0.0,0.0,0.0,0.0,0.0,0.0,0.0,0.0,0.0,0.0,0.0,0.0,0.0,0.0,0.0,0.0,0.0,1.0,0.0,0.0,0.0,0.0,0.0,0.0,0.0,0.0
165370.0,389170,1533.561905,21119402.7,36381.4,0.22766666670000002,28.21,21.93230769230769,0.0167347107692307,4.95,47.65301966524154,2.2666666666666666,25.320269160719796,195.8011092921713,0.744160772500013,6,10,1.0,0.0,0.0,0.0,0.0,0.0,0.0,0.0,0.0,0.0,0.0,0.0,0.0,0.0,0.0,0.0,0.0,0.0,0.0,1.0,0.0,0.0,0.0,0.0,0.0,0.0,0.0,0.0,0.0,0.0,0.0,0.0,0.0
166150.0,406150,1435.7,22164410.0,26584.0,0.23788888890000004,43.02,20.87153846153846,0.015985523076923,4.95,45.49551845942119,2.2666666666666666,26.1705572460628,246.5356683569466,0.4539696477975504,6,10,1.0,0.0,0.0,0.0,0.0,0.0,0.0,0.0,0.0,0.0,0.0,0.0,0.0,0.0,0.0,0.0,0.0,0.0,0.0,1.0,0.0,0.0,0.0,0.0,0.0,0.0,0.0,0.0,0.0,0.0,0.0,0.0,0.0
15691.0,21447,2804.1,1493312.47,4864.21,0.1365,26.13,4.159230769230769,0.0155554061538461,5.720000000000001,47.22219443583724,0.8400000000000001,12.834801858996492,172.65123818397643,0.5524548320708595,6,10,1.0,0.0,0.0,0.0,0.0,0.0,0.0,0.0,0.0,0.0,0.0,0.0,0.0,0.0,0.0,0.0,0.0,0.0,0.0,0.0,0.0,0.0,0.0,0.0,0.0,0.0,1.0,0.0,0.0,0.0,0.0,0.0,0.0
15874.0,21957,3183.8,1568351.2,4603.46,0.13775,28.42,5.524615384615386,0.0154777569230769,5.720000000000001,46.42585231938049,0.8400000000000001,13.21074289900051,297.164579124344,0.4209007894936435,6,10,1.0,0.0,0.0,0.0,0.0,0.0,0.0,0.0,0.0,0.0,0.0,0.0,0.0,0.0,0.0,0.0,0.0,0.0,0.0,0.0,0.0,0.0,0.0,0.0,0.0,0.0,1.0,0.0,0.0,0.0,0.0,0.0,0.0
15908.0,23439,2678.5,1688316.04,4295.16,0.14650000000000002,25.77,5.799230769230769,0.0153921876923076,5.720000000000001,50.16073359906818,0.8400000000000001,21.95848630438721,286.48899554598205,0.4204472806112141,6,10,1.0,0.0,0.0,0.0,0.0,0.0,0.0,0.0,0.0,0.0,0.0,0.0,0.0,0.0,0.0,0.0,0.0,0.0,0.0,0.0,0.0,0.0,0.0,0.0,0.0,0.0,1.0,0.0,0.0,0.0,0.0,0.0,0.0
15218.0,21358,2504.8,1493951.06,3956.68,0.14225000000000002,23.2,4.913846153846153,0.0146719938461538,5.720000000000001,49.65815325462395,0.8400000000000001,15.475112668897966,165.20579022575745,0.3259463988962361,6,10,1.0,0.0,0.0,0.0,0.0,0.0,0.0,0.0,0.0,0.0,0.0,0.0,0.0,0.0,0.0,0.0,0.0,0.0,0.0,0.0,0.0,0.0,0.0,0.0,0.0,0.0,1.0,0.0,0.0,0.0,0.0,0.0,0.0
14900.0,21372,2372.5,1521737.0,3874.0,0.14275000000000002,26.48,5.410769230769231,0.0153597323076923,5.720000000000001,48.1183537332856,0.8400000000000001,24.860188486266694,233.5610499914085,0.5549453723877267,6,10,1.0,0.0,0.0,0.0,0.0,0.0,0.0,0.0,0.0,0.0,0.0,0.0,0.0,0.0,0.0,0.0,0.0,0.0,0.0,0.0,0.0,0.0,0.0,0.0,0.0,0.0,1.0,0.0,0.0,0.0,0.0,0.0,0.0
14790.0,21220,2496.2,1400169.3,3697.5,0.14325000000000002,23.98,5.151538461538461,0.0149715969230769,5.720000000000001,45.99200165472138,0.8400000000000001,35.80329289181104,177.6636138782449,0.3897735718136728,6,10,1.0,0.0,0.0,0.0,0.0,0.0,0.0,0.0,0.0,0.0,0.0,0.0,0.0,0.0,0.0,0.0,0.0,0.0,0.0,0.0,0.0,0.0,0.0,0.0,0.0,0.0,1.0,0.0,0.0,0.0,0.0,0.0,0.0
14740.0,21190,2838.1,1458965.2,3537.6,0.14275000000000002,27.04,5.0600000000000005,0.0142998092307692,5.720000000000001,49.67881968123408,0.8400000000000001,27.351797141656952,159.80450277360103,0.2432249246888518,6,10,1.0,0.0,0.0,0.0,0.0,0.0,0.0,0.0,0.0,0.0,0.0,0.0,0.0,0.0,0.0,0.0,0.0,0.0,0.0,0.0,0.0,0.0,0.0,0.0,0.0,0.0,1.0,0.0,0.0,0.0,0.0,0.0,0.0
9070.0,21610,1650.5,982643.8,1904.7,0.47875,29.67,5.122307692307692,0.0141101446153846,5.720000000000001,45.43211349513263,0.8400000000000001,30.815363364066407,231.71452798501252,0.417754145667656,6,10,1.0,0.0,0.0,0.0,0.0,0.0,0.0,0.0,0.0,0.0,0.0,0.0,0.0,0.0,0.0,0.0,0.0,0.0,0.0,0.0,0.0,0.0,0.0,0.0,0.0,0.0,1.0,0.0,0.0,0.0,0.0,0.0,0.0
9790.0,23690,2041.6,1174016.8,2055.9,0.53425,31.1,5.086153846153847,0.0147495323076923,5.720000000000001,48.95098454345072,0.8400000000000001,16.410346689635645,216.68207270449017,0.4907437941142479,6,10,1.0,0.0,0.0,0.0,0.0,0.0,0.0,0.0,0.0,0.0,0.0,0.0,0.0,0.0,0.0,0.0,0.0,0.0,0.0,0.0,0.0,0.0,0.0,0.0,0.0,0.0,1.0,0.0,0.0,0.0,0.0,0.0,0.0
9200.0,21450,2270.2,1174932.0,2024.0,0.484,28.61,5.626923076923077,0.0148876892307692,5.720000000000001,45.661614892661085,0.8400000000000001,32.27378131587065,313.98043437215256,0.7798665947193321,6,10,1.0,0.0,0.0,0.0,0.0,0.0,0.0,0.0,0.0,0.0,0.0,0.0,0.0,0.0,0.0,0.0,0.0,0.0,0.0,0.0,0.0,0.0,0.0,0.0,0.0,0.0,1.0,0.0,0.0,0.0,0.0,0.0,0.0
11860.0,19480,2003.4,1582124.0,1897.6,0.15475000000000003,34.34,5.424615384615384,0.0146989661538461,5.720000000000001,48.55225615708199,0.8400000000000001,28.36933182299805,297.79468804567466,0.6260787574686593,6,10,1.0,0.0,0.0,0.0,0.0,0.0,0.0,0.0,0.0,0.0,0.0,0.0,0.0,0.0,0.0,0.0,0.0,0.0,0.0,0.0,0.0,0.0,0.0,0.0,0.0,0.0,1.0,0.0,0.0,0.0,0.0,0.0,0.0
13000.0,22230,2247.5,1859520.0,1170.0,0.15925,32.3,5.213846153846154,0.0143782338461538,6.5,45.41469564172357,0.7775,27.13901969859441,197.74963128573935,0.3779750615228473,6,10,1.0,0.0,0.0,0.0,0.0,0.0,0.0,0.0,0.0,0.0,0.0,0.0,0.0,0.0,0.0,0.0,0.0,0.0,0.0,0.0,0.0,0.0,0.0,0.0,0.0,0.0,1.0,0.0,0.0,0.0,0.0,0.0,0.0
12270.0,20930,2176.6,1911911.4,2085.9,0.1595,31.54,5.542307692307692,0.01505268,6.5,47.91803899193626,0.7775,24.74893718337727,126.73266550584316,0.7316799911263407,6,10,1.0,0.0,0.0,0.0,0.0,0.0,0.0,0.0,0.0,0.0,0.0,0.0,0.0,0.0,0.0,0.0,0.0,0.0,0.0,0.0,0.0,0.0,0.0,0.0,0.0,0.0,1.0,0.0,0.0,0.0,0.0,0.0,0.0
12140.0,20973,2527.0,2016575.4,2913.6,0.16225,42.91,5.628461538461538,0.0148641507692307,6.5,46.34294607809007,0.7775,17.248909964041545,284.4644659377392,0.4692906775935214,6,10,1.0,0.0,0.0,0.0,0.0,0.0,0.0,0.0,0.0,0.0,0.0,0.0,0.0,0.0,0.0,0.0,0.0,0.0,0.0,0.0,0.0,0.0,0.0,0.0,0.0,0.0,1.0,0.0,0.0,0.0,0.0,0.0,0.0
12070.0,20880,2585.486364,2021966.4,3983.1,0.16225,40.25,5.042307692307692,0.0145919907692307,6.5,44.96635469259341,0.7775,12.675741668893442,228.71635076325956,0.2280748584678056,6,10,1.0,0.0,0.0,0.0,0.0,0.0,0.0,0.0,0.0,0.0,0.0,0.0,0.0,0.0,0.0,0.0,0.0,0.0,0.0,0.0,0.0,0.0,0.0,0.0,0.0,0.0,1.0,0.0,0.0,0.0,0.0,0.0,0.0
11920.0,21340,3006.9,1797536.0,3695.2,0.17175,32.51,4.843076923076923,0.0151037446153846,6.5,45.640421144091015,0.7775,14.269928324447708,288.7847475929959,0.6941428706185022,6,10,1.0,0.0,0.0,0.0,0.0,0.0,0.0,0.0,0.0,0.0,0.0,0.0,0.0,0.0,0.0,0.0,0.0,0.0,0.0,0.0,0.0,0.0,0.0,0.0,0.0,0.0,1.0,0.0,0.0,0.0,0.0,0.0,0.0
11158.0,20260,2567.6,1612219.42,3012.66,0.17600000000000002,43.78,5.309230769230769,0.0148110092307692,6.5,44.3140539619075,0.7775,31.409738717871218,201.89036994650544,0.6149179079135167,6,10,1.0,0.0,0.0,0.0,0.0,0.0,0.0,0.0,0.0,0.0,0.0,0.0,0.0,0.0,0.0,0.0,0.0,0.0,0.0,0.0,0.0,0.0,0.0,0.0,0.0,0.0,1.0,0.0,0.0,0.0,0.0,0.0,0.0
11040.0,20070,2627.0,1666598.4,3643.2,0.17600000000000002,33.58,5.473076923076922,0.0149274553846153,6.5,48.90540046394423,0.7775,18.970111113802457,217.4832609715609,0.8076137577665445,6,10,1.0,0.0,0.0,0.0,0.0,0.0,0.0,0.0,0.0,0.0,0.0,0.0,0.0,0.0,0.0,0.0,0.0,0.0,0.0,0.0,0.0,0.0,0.0,0.0,0.0,0.0,1.0,0.0,0.0,0.0,0.0,0.0,0.0
10669.0,19687,2949.1,1684741.79,3520.77,0.17925000000000002,42.52,5.285384615384615,0.0143747999999999,6.5,48.93979978594915,0.7775,25.61259248909993,172.04559123209083,0.4387340166326731,6,10,1.0,0.0,0.0,0.0,0.0,0.0,0.0,0.0,0.0,0.0,0.0,0.0,0.0,0.0,0.0,0.0,0.0,0.0,0.0,0.0,0.0,0.0,0.0,0.0,0.0,0.0,1.0,0.0,0.0,0.0,0.0,0.0,0.0
10481.0,19453,2971.6,1606213.25,3668.35,0.18075000000000002,52.81,5.84076923076923,0.0145660984615384,6.5,48.72186641391945,0.7775,16.894469368284952,283.07785167165684,0.3315783123151775,6,10,1.0,0.0,0.0,0.0,0.0,0.0,0.0,0.0,0.0,0.0,0.0,0.0,0.0,0.0,0.0,0.0,0.0,0.0,0.0,0.0,0.0,0.0,0.0,0.0,0.0,0.0,1.0,0.0,0.0,0.0,0.0,0.0,0.0
9501.0,17636,2873.6,1495837.44,3610.38,0.1815,48.45,5.696923076923077,0.014774483076923,6.5,46.53483020913539,0.7775,15.446970913642192,190.2601311371205,0.373081170457015,6,10,1.0,0.0,0.0,0.0,0.0,0.0,0.0,0.0,0.0,0.0,0.0,0.0,0.0,0.0,0.0,0.0,0.0,0.0,0.0,0.0,0.0,0.0,0.0,0.0,0.0,0.0,1.0,0.0,0.0,0.0,0.0,0.0,0.0
9256.0,17182,3350.1,1501323.2,3239.6,0.18200000000000002,48.18,5.171538461538462,0.0143928276923076,6.5,46.41667215393835,0.7775,26.28438249423211,249.60823274080963,0.5946013817151413,6,10,1.0,0.0,0.0,0.0,0.0,0.0,0.0,0.0,0.0,0.0,0.0,0.0,0.0,0.0,0.0,0.0,0.0,0.0,0.0,0.0,0.0,0.0,0.0,0.0,0.0,0.0,1.0,0.0,0.0,0.0,0.0,0.0,0.0
8685.0,16137,2740.0,1491735.6,3213.45,0.18225000000000002,52.71,5.0746153846153845,0.0142162615384615,5.025,45.73984934896546,1.3,20.739898732153573,213.0488393107092,0.2321971393386933,6,10,1.0,0.0,0.0,0.0,0.0,0.0,0.0,0.0,0.0,0.0,0.0,0.0,0.0,0.0,0.0,0.0,0.0,0.0,0.0,0.0,0.0,0.0,0.0,0.0,0.0,0.0,1.0,0.0,0.0,0.0,0.0,0.0,0.0
52442.0,145174,2518.0,5681566.28,11012.82,0.275,3.74,28.82307692307692,0.020449523076923,7.475,47.47148137773082,0.5666666666666667,20.74948263720501,181.89862383854503,0.5404585997214226,6,10,1.0,0.0,0.0,0.0,0.0,0.0,0.0,0.0,0.0,1.0,0.0,0.0,0.0,0.0,0.0,0.0,0.0,0.0,0.0,0.0,0.0,0.0,0.0,0.0,0.0,0.0,0.0,0.0,0.0,0.0,0.0,0.0,0.0
52177.0,147236,3392.8,6257065.84,10957.17,0.281,6.69,27.549230769230768,0.0204344584615384,7.475,47.88098473503711,0.5666666666666667,15.328692672357738,237.62131542494035,0.2393403792695402,6,10,1.0,0.0,0.0,0.0,0.0,0.0,0.0,0.0,0.0,1.0,0.0,0.0,0.0,0.0,0.0,0.0,0.0,0.0,0.0,0.0,0.0,0.0,0.0,0.0,0.0,0.0,0.0,0.0,0.0,0.0,0.0,0.0,0.0
52985.0,128945,2928.8,6766714.35,11656.7,0.24100000000000002,6.8,28.310769230769232,0.019982963076923,7.475,48.01380114793945,0.5666666666666667,35.89898480908171,260.210283502408,0.5337845105329523,6,10,1.0,0.0,0.0,0.0,0.0,0.0,0.0,0.0,0.0,1.0,0.0,0.0,0.0,0.0,0.0,0.0,0.0,0.0,0.0,0.0,0.0,0.0,0.0,0.0,0.0,0.0,0.0,0.0,0.0,0.0,0.0,0.0,0.0
52191.0,121679,3674.7,6962279.4,8350.56,0.23199999999999998,8.209999999999999,28.161538461538463,0.0205187261538461,7.475,45.00577841563242,0.5666666666666667,28.742635880145343,215.78521089558407,0.6706367906144438,6,10,1.0,0.0,0.0,0.0,0.0,0.0,0.0,0.0,0.0,1.0,0.0,0.0,0.0,0.0,0.0,0.0,0.0,0.0,0.0,0.0,0.0,0.0,0.0,0.0,0.0,0.0,0.0,0.0,0.0,0.0,0.0,0.0,0.0
62372.0,95115,2640.7,6162353.6,18087.88,0.15225,0.11,22.05,0.0240155446153846,5.5200000000000005,47.86087112418587,0.225,34.57411829249794,235.4925491656249,0.3761338937594362,6,10,1.0,0.0,0.0,0.0,0.0,0.0,0.0,0.0,0.0,0.0,0.0,0.0,0.0,0.0,0.0,0.0,0.0,0.0,0.0,0.0,0.0,1.0,0.0,0.0,0.0,0.0,0.0,0.0,0.0,0.0,0.0,0.0,0.0
6020.0,15698,2640.7,594776.0,1745.8,0.439,0.19,22.12384615384616,0.0239003861538461,5.5200000000000005,50.45331477981075,0.225,22.14598130350623,311.5480153866222,0.1621178861238909,10,4,0.0,1.0,0.0,0.0,0.0,0.0,0.0,0.0,0.0,0.0,0.0,0.0,0.0,0.0,0.0,0.0,0.0,0.0,0.0,0.0,0.0,1.0,0.0,0.0,0.0,0.0,0.0,0.0,0.0,0.0,0.0,0.0,0.0
49713.0,88397,2535.9,5276040.69,13422.51,0.1655,0.08,22.197692307692307,0.0237852276923076,5.5200000000000005,46.47533641799117,0.225,12.161337444959663,279.9342785313206,0.7378532011868402,6,10,1.0,0.0,0.0,0.0,0.0,0.0,0.0,0.0,0.0,0.0,0.0,0.0,0.0,0.0,0.0,0.0,0.0,0.0,0.0,0.0,0.0,1.0,0.0,0.0,0.0,0.0,0.0,0.0,0.0,0.0,0.0,0.0,0.0
232160.0,505680,2147.4,24639140.8,62683.2,0.20750000000000002,59.84,25.821538461538463,0.0177231876923076,5.720000000000001,49.28556447587792,0.8400000000000001,30.631344344996798,262.3312923661402,0.2588714902129163,6,10,1.0,0.0,0.0,0.0,0.0,0.0,0.0,0.0,0.0,0.0,0.0,0.0,0.0,0.0,0.0,0.0,0.0,0.0,0.0,0.0,0.0,0.0,0.0,0.0,0.0,0.0,0.0,0.0,0.0,1.0,0.0,0.0,0.0
243070.0,547520,2437.5,23862181.9,63198.2,0.21850000000000003,70.57,24.83,0.0172133446153846,5.720000000000001,49.03658161520975,0.8400000000000001,29.932309748360897,131.38879460144182,0.6587783068592801,6,10,1.0,0.0,0.0,0.0,0.0,0.0,0.0,0.0,0.0,0.0,0.0,0.0,0.0,0.0,0.0,0.0,0.0,0.0,0.0,0.0,0.0,0.0,0.0,0.0,0.0,0.0,0.0,0.0,0.0,1.0,0.0,0.0,0.0
246750.0,587390,2284.4,25200577.5,64155.0,0.22799999999999998,73.83,25.05307692307692,0.0173804123076923,5.720000000000001,48.63752628262479,0.8400000000000001,24.400371618605877,284.9888440124664,0.6377200979034393,6,10,1.0,0.0,0.0,0.0,0.0,0.0,0.0,0.0,0.0,0.0,0.0,0.0,0.0,0.0,0.0,0.0,0.0,0.0,0.0,0.0,0.0,0.0,0.0,0.0,0.0,0.0,0.0,0.0,0.0,1.0,0.0,0.0,0.0
255270.0,602410,2579.8,24166410.9,63817.5,0.2255,70.61,25.164615384615384,0.0169705938461538,5.720000000000001,48.69908183441651,0.8400000000000001,10.879725748130271,200.84136972266916,0.288309160128233,6,10,1.0,0.0,0.0,0.0,0.0,0.0,0.0,0.0,0.0,0.0,0.0,0.0,0.0,0.0,0.0,0.0,0.0,0.0,0.0,0.0,0.0,0.0,0.0,0.0,0.0,0.0,0.0,0.0,0.0,1.0,0.0,0.0,0.0
257440.0,616820,2487.9,25481411.2,61785.6,0.231,64.66,25.01230769230769,0.017275763076923,5.720000000000001,50.0383676983421,0.8400000000000001,28.514160659131512,242.4551604305286,0.8289962692386669,6,10,1.0,0.0,0.0,0.0,0.0,0.0,0.0,0.0,0.0,0.0,0.0,0.0,0.0,0.0,0.0,0.0,0.0,0.0,0.0,0.0,0.0,0.0,0.0,0.0,0.0,0.0,0.0,0.0,0.0,1.0,0.0,0.0,0.0
57085.0,107660,2640.8,6184588.9,11987.85,0.19225000000000003,0.1,22.46307692307692,0.0239906492307692,5.5200000000000005,50.0397145727382,0.225,35.405633144800774,215.91609120360312,0.1148173550061316,6,10,1.0,0.0,0.0,0.0,0.0,0.0,0.0,0.0,0.0,0.0,0.0,0.0,0.0,0.0,0.0,0.0,0.0,0.0,0.0,0.0,0.0,1.0,0.0,0.0,0.0,0.0,0.0,0.0,0.0,0.0,0.0,0.0,0.0
50619.0,25789,2353.0,6464552.49,11136.18,0.045250000000000005,0.15,22.46307692307692,0.0235373538461538,5.5200000000000005,50.045314762634376,0.225,29.36036118892496,254.6277050024983,0.1713566921047368,6,10,1.0,0.0,0.0,0.0,0.0,0.0,0.0,0.0,0.0,0.0,0.0,0.0,0.0,0.0,0.0,0.0,0.0,0.0,0.0,0.0,0.0,1.0,0.0,0.0,0.0,0.0,0.0,0.0,0.0,0.0,0.0,0.0,0.0
2232.0,3675,2353.0,285048.72,491.04,0.15800000000000003,0.19,22.452692307692303,0.0234731353846153,5.5200000000000005,47.13896446720496,0.225,25.018597078286213,170.0489806150444,0.3908525749946206,10,4,0.0,1.0,0.0,0.0,0.0,0.0,0.0,0.0,0.0,0.0,0.0,0.0,0.0,0.0,0.0,0.0,0.0,0.0,0.0,0.0,0.0,1.0,0.0,0.0,0.0,0.0,0.0,0.0,0.0,0.0,0.0,0.0,0.0
54393.0,15501,3095.2,7256026.2,8702.88,0.026250000000000002,0.04,22.442307692307693,0.0234089169230769,5.5200000000000005,49.184197571977634,0.225,11.287754347443624,322.31542191564245,0.6749879782962429,6,10,1.0,0.0,0.0,0.0,0.0,0.0,0.0,0.0,0.0,0.0,0.0,0.0,0.0,0.0,0.0,0.0,0.0,0.0,0.0,0.0,0.0,1.0,0.0,0.0,0.0,0.0,0.0,0.0,0.0,0.0,0.0,0.0,0.0
148.0,187,3095.2,19743.2,23.68,0.1264,0.09,22.467692307692307,0.0235611415384615,5.5200000000000005,48.28511831900806,0.225,25.8401644148674,245.9379474931721,0.4683999217029017,10,4,0.0,1.0,0.0,0.0,0.0,0.0,0.0,0.0,0.0,0.0,0.0,0.0,0.0,0.0,0.0,0.0,0.0,0.0,0.0,0.0,0.0,1.0,0.0,0.0,0.0,0.0,0.0,0.0,0.0,0.0,0.0,0.0,0.0
51859.0,68637,1912.1,7417911.36,4667.31,0.12062500000000001,0.05,22.493076923076924,0.0237133661538461,5.5200000000000005,49.37802538382806,0.225,13.966130320997998,254.8728859838574,0.4437077273593754,6,10,1.0,0.0,0.0,0.0,0.0,0.0,0.0,0.0,0.0,0.0,0.0,0.0,0.0,0.0,0.0,0.0,0.0,0.0,0.0,0.0,0.0,1.0,0.0,0.0,0.0,0.0,0.0,0.0,0.0,0.0,0.0,0.0,0.0
131.0,280,1912.1,18738.24,11.79,0.2555,0.09,22.582692307692305,0.023541563076923,5.5200000000000005,46.4382184014263,0.225,24.298182052563387,303.6176882325407,0.3319541658212487,10,4,0.0,1.0,0.0,0.0,0.0,0.0,0.0,0.0,0.0,0.0,0.0,0.0,0.0,0.0,0.0,0.0,0.0,0.0,0.0,0.0,0.0,1.0,0.0,0.0,0.0,0.0,0.0,0.0,0.0,0.0,0.0,0.0,0.0
47085.0,65893,2086.3,7336784.7,8004.45,0.13175,0.04,22.67230769230769,0.02336976,6.609240608075417,49.12633843572578,0.9446072796934866,18.598650622534617,289.05113652547453,0.1561919536403263,6,10,1.0,0.0,0.0,0.0,0.0,0.0,0.0,0.0,0.0,0.0,0.0,0.0,0.0,0.0,0.0,0.0,0.0,0.0,0.0,0.0,0.0,1.0,0.0,0.0,0.0,0.0,0.0,0.0,0.0,0.0,0.0,0.0,0.0
119.0,238,2086.3,18542.58,20.23,0.2,0.06,23.25653846153846,0.0235349307692307,6.609240608075417,46.6058460786464,0.9446072796934866,24.283339026878103,234.49564232431825,0.6425016855653581,10,4,0.0,1.0,0.0,0.0,0.0,0.0,0.0,0.0,0.0,0.0,0.0,0.0,0.0,0.0,0.0,0.0,0.0,0.0,0.0,0.0,0.0,1.0,0.0,0.0,0.0,0.0,0.0,0.0,0.0,0.0,0.0,0.0,0.0
115481.0,114116,3616.7,11409522.8,33489.49,0.0965384615,87.35,20.413846153846155,0.0139933107692307,5.888888888888889,49.805030582117,0.7333333333333334,17.834162310859522,162.8337109405153,0.568245984777274,6,10,1.0,0.0,0.0,0.0,1.0,0.0,0.0,0.0,0.0,0.0,0.0,0.0,0.0,0.0,0.0,0.0,0.0,0.0,0.0,0.0,0.0,0.0,0.0,0.0,0.0,0.0,0.0,0.0,0.0,0.0,0.0,0.0,0.0
122740.0,134807,2338.6,13026396.2,33139.8,0.1097692308,68.53999999999999,21.17076923076923,0.013818323076923,5.888888888888889,44.93559265482165,0.7333333333333334,23.64915285473344,251.89684712350717,0.5992973409993654,6,10,1.0,0.0,0.0,0.0,1.0,0.0,0.0,0.0,0.0,0.0,0.0,0.0,0.0,0.0,0.0,0.0,0.0,0.0,0.0,0.0,0.0,0.0,0.0,0.0,0.0,0.0,0.0,0.0,0.0,0.0,0.0,0.0,0.0
118601.0,132690,2157.7,11643060.17,30836.26,0.1066153846,78.71,20.253076923076925,0.0130874676923076,5.888888888888889,47.50670837411446,0.7333333333333334,22.08547416561366,310.2757587635584,0.4993474848129764,6,10,1.0,0.0,0.0,0.0,1.0,0.0,0.0,0.0,0.0,0.0,0.0,0.0,0.0,0.0,0.0,0.0,0.0,0.0,0.0,0.0,0.0,0.0,0.0,0.0,0.0,0.0,0.0,0.0,0.0,0.0,0.0,0.0,0.0
119455.0,134621,2128.5,12199939.15,31058.3,0.1135384615,62.38,20.88076923076923,0.0133463907692307,5.888888888888889,50.41360174469909,0.7333333333333334,13.844499186573684,294.5917166315564,0.7096342149709549,6,10,1.0,0.0,0.0,0.0,1.0,0.0,0.0,0.0,0.0,0.0,0.0,0.0,0.0,0.0,0.0,0.0,0.0,0.0,0.0,0.0,0.0,0.0,0.0,0.0,0.0,0.0,0.0,0.0,0.0,0.0,0.0,0.0,0.0
124584.0,152500,2832.8,11794367.28,31146.0,0.1182666667,75.78999999999999,20.48692307692308,0.0136505353846153,5.888888888888889,46.28438404242883,0.7333333333333334,32.81204034807544,255.6938650756421,0.6865634447055631,6,10,1.0,0.0,0.0,0.0,1.0,0.0,0.0,0.0,0.0,0.0,0.0,0.0,0.0,0.0,0.0,0.0,0.0,0.0,0.0,0.0,0.0,0.0,0.0,0.0,0.0,0.0,0.0,0.0,0.0,0.0,0.0,0.0,0.0
119205.0,154589,2782.2,11798910.9,28609.2,0.1201333333,86.19,20.363076923076925,0.0125794246153846,5.888888888888889,45.19050412959595,0.7333333333333334,28.51647991754932,220.63945449731816,0.3436165854722873,6,10,1.0,0.0,0.0,0.0,1.0,0.0,0.0,0.0,0.0,0.0,0.0,0.0,0.0,0.0,0.0,0.0,0.0,0.0,0.0,0.0,0.0,0.0,0.0,0.0,0.0,0.0,0.0,0.0,0.0,0.0,0.0,0.0,0.0
121642.0,134950,2939.5,13178694.28,25544.82,0.1080625,91.48,20.08384615384616,0.0131728153846153,5.888888888888889,44.3086542716679,0.7333333333333334,13.435356845664408,165.72216089809342,0.3248546624032074,6,10,1.0,0.0,0.0,0.0,1.0,0.0,0.0,0.0,0.0,0.0,0.0,0.0,0.0,0.0,0.0,0.0,0.0,0.0,0.0,0.0,0.0,0.0,0.0,0.0,0.0,0.0,0.0,0.0,0.0,0.0,0.0,0.0,0.0
122267.0,146191,2767.0,14662258.64,25676.07,0.11612499999999999,79.48,20.364615384615384,0.0128001876923076,5.888888888888889,45.9461718612629,0.7333333333333334,10.808419496387572,191.0098339086017,0.6206606901118239,6,10,1.0,0.0,0.0,0.0,1.0,0.0,0.0,0.0,0.0,0.0,0.0,0.0,0.0,0.0,0.0,0.0,0.0,0.0,0.0,0.0,0.0,0.0,0.0,0.0,0.0,0.0,0.0,0.0,0.0,0.0,0.0,0.0,0.0
123038.0,144635,1940.0,15713182.98,27068.36,0.1151875,94.32,20.79,0.0133846338461538,5.888888888888889,45.41259047924201,0.7333333333333334,16.065695558968553,274.5057841248485,0.5517484230932643,6,10,1.0,0.0,0.0,0.0,1.0,0.0,0.0,0.0,0.0,0.0,0.0,0.0,0.0,0.0,0.0,0.0,0.0,0.0,0.0,0.0,0.0,0.0,0.0,0.0,0.0,0.0,0.0,0.0,0.0,0.0,0.0,0.0,0.0
124029.0,158146,3223.9,16545468.6,19844.64,0.1225625,88.87,20.33692307692308,0.0134115784615384,5.888888888888889,50.28317092380035,0.7333333333333334,12.647544398817749,250.79698750832688,0.3785392505547026,6,10,1.0,0.0,0.0,0.0,1.0,0.0,0.0,0.0,0.0,0.0,0.0,0.0,0.0,0.0,0.0,0.0,0.0,0.0,0.0,0.0,0.0,0.0,0.0,0.0,0.0,0.0,0.0,0.0,0.0,0.0,0.0,0.0,0.0
126799.0,164538,2244.4,18137328.96,11411.91,0.1183125,99.99,20.21384615384616,0.0130073261538461,6.5,49.551404699897176,0.7775,29.054240261634448,157.61613506692703,0.3150832540916707,6,10,1.0,0.0,0.0,0.0,1.0,0.0,0.0,0.0,0.0,0.0,0.0,0.0,0.0,0.0,0.0,0.0,0.0,0.0,0.0,0.0,0.0,0.0,0.0,0.0,0.0,0.0,0.0,0.0,0.0,0.0,0.0,0.0,0.0
121468.0,143893,1701.9,18927143.76,20649.56,0.11200000000000002,87.02,20.49846153846154,0.0134753261538461,6.5,45.81827757741913,0.7775,26.128923091829105,230.72504091643555,0.25154000410603,6,10,1.0,0.0,0.0,0.0,1.0,0.0,0.0,0.0,0.0,0.0,0.0,0.0,0.0,0.0,0.0,0.0,0.0,0.0,0.0,0.0,0.0,0.0,0.0,0.0,0.0,0.0,0.0,0.0,0.0,0.0,0.0,0.0,0.0
121570.0,155993,2574.1,20193992.7,29176.8,0.12193750000000002,118.86,20.213846153846152,0.01251828,6.5,44.84345409350531,0.7775,21.019768061395357,223.13212447772784,0.5976478288922431,6,10,1.0,0.0,0.0,0.0,1.0,0.0,0.0,0.0,0.0,0.0,0.0,0.0,0.0,0.0,0.0,0.0,0.0,0.0,0.0,0.0,0.0,0.0,0.0,0.0,0.0,0.0,0.0,0.0,0.0,0.0,0.0,0.0,0.0
123500.0,159543,2193.7,20688720.0,40755.0,0.12187500000000001,83.39,20.068461538461538,0.0137275476923076,6.5,45.27411188209397,0.7775,26.11721134037797,101.9085683109776,0.594171938439715,6,10,1.0,0.0,0.0,0.0,1.0,0.0,0.0,0.0,0.0,0.0,0.0,0.0,0.0,0.0,0.0,0.0,0.0,0.0,0.0,0.0,0.0,0.0,0.0,0.0,0.0,0.0,0.0,0.0,0.0,0.0,0.0,0.0,0.0
126085.0,174662,2760.7,19013618.0,39086.35,0.1308125,110.38,20.16846153846154,0.0128168584615384,6.5,46.96151172238508,0.7775,30.94463561526701,244.83486979627065,0.6569054586353537,6,10,1.0,0.0,0.0,0.0,1.0,0.0,0.0,0.0,0.0,0.0,0.0,0.0,0.0,0.0,0.0,0.0,0.0,0.0,0.0,0.0,0.0,0.0,0.0,0.0,0.0,0.0,0.0,0.0,0.0,0.0,0.0,0.0,0.0
131989.0,184104,2042.9,19071090.61,35637.03,0.1300588235,89.97,21.021538461538466,0.0140635938461538,6.5,46.34608877386877,0.7775,29.66787121477124,132.94189214610006,0.2723273514099665,6,10,1.0,0.0,0.0,0.0,1.0,0.0,0.0,0.0,0.0,0.0,0.0,0.0,0.0,0.0,0.0,0.0,0.0,0.0,0.0,0.0,0.0,0.0,0.0,0.0,0.0,0.0,0.0,0.0,0.0,0.0,0.0,0.0,0.0
127200.0,189992,2403.2,19202112.0,41976.0,0.1447058824,85.67,20.921538461538464,0.0133595446153846,6.5,45.2795151582091,0.7775,15.801246234262791,230.89629582875008,0.6847514735149602,6,10,1.0,0.0,0.0,0.0,1.0,0.0,0.0,0.0,0.0,0.0,0.0,0.0,0.0,0.0,0.0,0.0,0.0,0.0,0.0,0.0,0.0,0.0,0.0,0.0,0.0,0.0,0.0,0.0,0.0,0.0,0.0,0.0,0.0
128800.0,204001,2593.2,20338808.0,42504.0,0.20875,106.83,20.65538461538461,0.0131636769230769,6.5,50.47892219911689,0.7775,19.65786585520475,149.3971661588723,0.7235943270179691,6,10,1.0,0.0,0.0,0.0,1.0,0.0,0.0,0.0,0.0,0.0,0.0,0.0,0.0,0.0,0.0,0.0,0.0,0.0,0.0,0.0,0.0,0.0,0.0,0.0,0.0,0.0,0.0,0.0,0.0,0.0,0.0,0.0,0.0
15169.0,40864,3680.3,1443633.73,4702.39,0.269,8.8,26.93307692307692,0.020509283076923,8.8,48.57858753785641,5.65,27.31072714482636,194.09158777017956,0.357764859121038,6,10,1.0,0.0,0.0,0.0,0.0,0.0,0.0,0.0,0.0,1.0,0.0,0.0,0.0,0.0,0.0,0.0,0.0,0.0,0.0,0.0,0.0,0.0,0.0,0.0,0.0,0.0,0.0,0.0,0.0,0.0,0.0,0.0,0.0
6417.0,19052,3680.3,610705.89,1989.27,0.29700000000000004,15.86,27.568076923076923,0.0206257153846153,8.8,47.58901048344511,5.65,10.712350567544028,241.0012274791521,0.6060544810836248,10,4,0.0,1.0,0.0,0.0,0.0,0.0,0.0,0.0,0.0,1.0,0.0,0.0,0.0,0.0,0.0,0.0,0.0,0.0,0.0,0.0,0.0,0.0,0.0,0.0,0.0,0.0,0.0,0.0,0.0,0.0,0.0,0.0,0.0
120020.0,129505,2274.9,11422303.4,37206.2,0.10600000000000001,77.88000000000001,19.43692307692308,0.0140869938461538,5.888888888888889,48.99873460474249,0.7333333333333334,20.93271859933292,264.43613202509164,0.4183627899332002,6,10,1.0,0.0,0.0,0.0,1.0,0.0,0.0,0.0,0.0,0.0,0.0,0.0,0.0,0.0,0.0,0.0,0.0,0.0,0.0,0.0,0.0,0.0,0.0,0.0,0.0,0.0,0.0,0.0,0.0,0.0,0.0,0.0,0.0
819731.0,501365,1357.1,80989422.8,237721.99,0.0837666667,52.03,27.087692307692308,0.0173355507692307,6.609240608075417,48.1928316766268,1.14,9.201730295947264,199.85635387582613,0.5129544286358861,9,12,0.0,0.0,0.0,0.0,0.0,0.0,0.0,0.0,0.0,0.0,0.0,0.0,0.0,0.0,0.0,0.0,0.0,0.0,0.0,0.0,0.0,0.0,0.0,1.0,0.0,0.0,0.0,0.0,0.0,0.0,0.0,0.0,0.0
268081.0,506455,1357.1,26486402.8,77743.49,0.1582666667,52.03,27.087692307692308,0.0173355507692307,6.609240608075417,49.5600469335856,1.14,18.516733138670947,314.82353940046625,0.4185986744650516,3,6,0.0,0.0,1.0,0.0,0.0,0.0,0.0,0.0,0.0,0.0,0.0,0.0,0.0,0.0,0.0,0.0,0.0,0.0,0.0,0.0,0.0,0.0,0.0,1.0,0.0,0.0,0.0,0.0,0.0,0.0,0.0,0.0,0.0
3358901.0,4383502,1357.1,331859418.8,974081.29,0.1342333333,99.32,26.77692307692308,0.0176322461538461,6.609240608075417,47.93081625350607,1.14,17.77967685067859,259.11982716368726,0.2503735651003967,11,3,0.0,0.0,0.0,1.0,0.0,0.0,0.0,0.0,0.0,0.0,0.0,0.0,0.0,0.0,0.0,0.0,0.0,0.0,0.0,0.0,0.0,0.0,0.0,1.0,0.0,0.0,0.0,0.0,0.0,0.0,0.0,0.0,0.0
781000.0,681000,1503.4,93657520.0,164010.0,0.10164285710000001,60.48,26.80692307692308,0.0174004615384615,6.609240608075417,47.83120212012866,1.14,18.275877872608252,263.04161426110227,0.7019620547772922,9,12,0.0,0.0,0.0,0.0,0.0,0.0,0.0,0.0,0.0,0.0,0.0,0.0,0.0,0.0,0.0,0.0,0.0,0.0,0.0,0.0,0.0,0.0,0.0,1.0,0.0,0.0,0.0,0.0,0.0,0.0,0.0,0.0,0.0
325000.0,702000,1503.4,38974000.0,68250.0,0.20400000000000001,60.48,26.80692307692308,0.0174004615384615,6.609240608075417,48.15523455780036,1.14,12.376814443699963,258.5379352831047,0.385878473160198,3,6,0.0,0.0,1.0,0.0,0.0,0.0,0.0,0.0,0.0,0.0,0.0,0.0,0.0,0.0,0.0,0.0,0.0,0.0,0.0,0.0,0.0,0.0,0.0,1.0,0.0,0.0,0.0,0.0,0.0,0.0,0.0,0.0,0.0
3373000.0,5475000,1503.4,404490160.0,708330.0,0.1639666667,123.15,26.64653846153846,0.0174325707692307,6.609240608075417,47.01487391526005,1.14,34.89987305730675,299.36869815497283,0.383898620822732,11,3,0.0,0.0,0.0,1.0,0.0,0.0,0.0,0.0,0.0,0.0,0.0,0.0,0.0,0.0,0.0,0.0,0.0,0.0,0.0,0.0,0.0,0.0,0.0,1.0,0.0,0.0,0.0,0.0,0.0,0.0,0.0,0.0,0.0
757000.0,765000,1716.9,96676470.0,166540.0,0.10567857140000002,62.67,26.486153846153847,0.01746468,6.609240608075417,47.47714783464963,1.14,23.880586547140386,104.88464729405584,0.6139655337009369,9,12,0.0,0.0,0.0,0.0,0.0,0.0,0.0,0.0,0.0,0.0,0.0,0.0,0.0,0.0,0.0,0.0,0.0,0.0,0.0,0.0,0.0,0.0,0.0,1.0,0.0,0.0,0.0,0.0,0.0,0.0,0.0,0.0,0.0
315000.0,720000,1716.9,40228650.0,69300.0,0.20120000000000002,62.67,26.486153846153847,0.01746468,6.609240608075417,50.0811680621039,1.14,17.56364699961737,219.6613768116628,0.6278092670445067,3,6,0.0,0.0,1.0,0.0,0.0,0.0,0.0,0.0,0.0,0.0,0.0,0.0,0.0,0.0,0.0,0.0,0.0,0.0,0.0,0.0,0.0,0.0,0.0,1.0,0.0,0.0,0.0,0.0,0.0,0.0,0.0,0.0,0.0
3379000.0,5338000,1716.9,431532090.0,743380.0,0.15803333330000002,124.9,26.44961538461538,0.0174767538461538,6.609240608075417,46.92191097196249,1.14,10.864801751935492,202.6409535269376,0.3810864308433322,11,3,0.0,0.0,0.0,1.0,0.0,0.0,0.0,0.0,0.0,0.0,0.0,0.0,0.0,0.0,0.0,0.0,0.0,0.0,0.0,0.0,0.0,0.0,0.0,1.0,0.0,0.0,0.0,0.0,0.0,0.0,0.0,0.0,0.0
742000.0,814000,1633.8,98982800.0,118720.0,0.1082857143,62.23,26.41307692307692,0.0174888276923076,6.609240608075417,46.06385624088104,1.14,31.467680420376603,140.11864556477593,0.6630372709822083,9,12,0.0,0.0,0.0,0.0,0.0,0.0,0.0,0.0,0.0,0.0,0.0,0.0,0.0,0.0,0.0,0.0,0.0,0.0,0.0,0.0,0.0,0.0,0.0,1.0,0.0,0.0,0.0,0.0,0.0,0.0,0.0,0.0,0.0
334000.0,816000,1633.8,44555600.0,53440.0,0.2108928571,62.23,26.41307692307692,0.0174888276923076,6.609240608075417,48.73976592293426,1.14,35.05322016203896,257.3176822889797,0.4284596598270474,3,6,0.0,0.0,1.0,0.0,0.0,0.0,0.0,0.0,0.0,0.0,0.0,0.0,0.0,0.0,0.0,0.0,0.0,0.0,0.0,0.0,0.0,0.0,0.0,1.0,0.0,0.0,0.0,0.0,0.0,0.0,0.0,0.0,0.0
3376000.0,5910000,1633.8,450358400.0,540160.0,0.17470000000000002,124.44,26.371153846153845,0.0172157261538461,6.609240608075417,49.150235162679614,1.14,21.936613598467687,239.3991323097636,0.5612525939996696,11,3,0.0,0.0,0.0,1.0,0.0,0.0,0.0,0.0,0.0,0.0,0.0,0.0,0.0,0.0,0.0,0.0,0.0,0.0,0.0,0.0,0.0,0.0,0.0,1.0,0.0,0.0,0.0,0.0,0.0,0.0,0.0,0.0,0.0
707000.0,735000,1539.0,101129280.0,63630.0,0.10621428570000001,62.21,26.32923076923077,0.0169426246153846,6.609240608075417,49.81699400581322,1.14,26.874397840775277,229.14751246471303,0.450928306516209,9,12,0.0,0.0,0.0,0.0,0.0,0.0,0.0,0.0,0.0,0.0,0.0,0.0,0.0,0.0,0.0,0.0,0.0,0.0,0.0,0.0,0.0,0.0,0.0,1.0,0.0,0.0,0.0,0.0,0.0,0.0,0.0,0.0,0.0
331000.0,811000,1539.0,47346240.0,29790.0,0.2051538462,62.21,26.32923076923077,0.0169426246153846,6.609240608075417,46.92002576570419,1.14,10.122224380987234,249.7217339085689,0.6980776917500197,3,6,0.0,0.0,1.0,0.0,0.0,0.0,0.0,0.0,0.0,0.0,0.0,0.0,0.0,0.0,0.0,0.0,0.0,0.0,0.0,0.0,0.0,0.0,0.0,1.0,0.0,0.0,0.0,0.0,0.0,0.0,0.0,0.0,0.0
3417000.0,5266000,1539.0,488767680.0,307530.0,0.15453333330000002,109.74,26.81576923076923,0.0170751738461538,6.609240608075417,47.7960674741724,1.14,15.118599109209082,242.50523433363924,0.5011940094295231,11,3,0.0,0.0,0.0,1.0,0.0,0.0,0.0,0.0,0.0,0.0,0.0,0.0,0.0,0.0,0.0,0.0,0.0,0.0,0.0,0.0,0.0,0.0,0.0,1.0,0.0,0.0,0.0,0.0,0.0,0.0,0.0,0.0,0.0
33638.0,78705,3271.6,4811579.52,3027.42,0.23250000000000004,8.0,27.894615384615385,0.0202437415384615,7.475,47.978756200446185,0.5666666666666667,26.300564592892425,184.21992249482707,0.4782913589359546,6,10,1.0,0.0,0.0,0.0,0.0,0.0,0.0,0.0,0.0,1.0,0.0,0.0,0.0,0.0,0.0,0.0,0.0,0.0,0.0,0.0,0.0,0.0,0.0,0.0,0.0,0.0,0.0,0.0,0.0,0.0,0.0,0.0,0.0
15688.0,43162,3271.6,2244011.52,1411.92,0.2755,14.61,28.04038461538461,0.0203888353846153,7.475,48.80128060919324,0.5666666666666667,28.575901302109884,310.9697783329962,0.7970400749196045,10,4,0.0,1.0,0.0,0.0,0.0,0.0,0.0,0.0,0.0,1.0,0.0,0.0,0.0,0.0,0.0,0.0,0.0,0.0,0.0,0.0,0.0,0.0,0.0,0.0,0.0,0.0,0.0,0.0,0.0,0.0,0.0,0.0,0.0
687000.0,618000,1330.3,107048340.0,116790.0,0.10240740740000001,47.53,27.302307692307693,0.017207723076923,6.609240608075417,47.8513667372827,1.14,29.111474621720816,260.10060862210014,0.7584065878497743,9,12,0.0,0.0,0.0,0.0,0.0,0.0,0.0,0.0,0.0,0.0,0.0,0.0,0.0,0.0,0.0,0.0,0.0,0.0,0.0,0.0,0.0,0.0,0.0,1.0,0.0,0.0,0.0,0.0,0.0,0.0,0.0,0.0,0.0
265000.0,714000,1330.3,41292300.0,45050.0,0.2163636364,47.53,27.302307692307693,0.017207723076923,6.609240608075417,44.74509887683029,1.14,31.57736012951898,282.5792717297282,0.1845262908999481,3,6,0.0,0.0,1.0,0.0,0.0,0.0,0.0,0.0,0.0,0.0,0.0,0.0,0.0,0.0,0.0,0.0,0.0,0.0,0.0,0.0,0.0,0.0,0.0,1.0,0.0,0.0,0.0,0.0,0.0,0.0,0.0,0.0,0.0
3413000.0,5581000,1330.3,531813660.0,580210.0,0.1575666667,99.67,27.212692307692308,0.0173035523076923,6.609240608075417,47.97944888567454,1.14,28.848369644810678,255.12865174739144,0.5994550188575204,11,3,0.0,0.0,0.0,1.0,0.0,0.0,0.0,0.0,0.0,0.0,0.0,0.0,0.0,0.0,0.0,0.0,0.0,0.0,0.0,0.0,0.0,0.0,0.0,1.0,0.0,0.0,0.0,0.0,0.0,0.0,0.0,0.0,0.0
31166.0,59267,3334.9,4856286.12,5298.22,0.1895,6.61,28.186153846153847,0.0205339292307692,7.475,44.91678644212033,0.5666666666666667,31.342205633516315,230.24314337523867,0.476323726583932,6,10,1.0,0.0,0.0,0.0,0.0,0.0,0.0,0.0,0.0,1.0,0.0,0.0,0.0,0.0,0.0,0.0,0.0,0.0,0.0,0.0,0.0,0.0,0.0,0.0,0.0,0.0,0.0,0.0,0.0,0.0,0.0,0.0,0.0
15938.0,41338,3334.9,2483459.16,2709.46,0.257,15.13,28.29,0.02031678,7.475,47.368641089862514,0.5666666666666667,37.9014660605449,260.0460034056468,0.1838754858847975,10,4,0.0,1.0,0.0,0.0,0.0,0.0,0.0,0.0,0.0,1.0,0.0,0.0,0.0,0.0,0.0,0.0,0.0,0.0,0.0,0.0,0.0,0.0,0.0,0.0,0.0,0.0,0.0,0.0,0.0,0.0,0.0,0.0,0.0
678000.0,563000,1291.9,112622580.0,162720.0,0.09396428570000001,52.14,27.12307692307693,0.0173993815384615,6.609240608075417,44.8735482656241,1.14,22.056628248692054,217.93651975200387,0.7160141059409559,9,12,0.0,0.0,0.0,0.0,0.0,0.0,0.0,0.0,0.0,0.0,0.0,0.0,0.0,0.0,0.0,0.0,0.0,0.0,0.0,0.0,0.0,0.0,0.0,1.0,0.0,0.0,0.0,0.0,0.0,0.0,0.0,0.0,0.0
293000.0,863000,1291.9,48670230.0,70320.0,0.21023999999999998,52.14,27.12307692307693,0.0173993815384615,6.609240608075417,49.89604002106857,1.14,19.129544083236524,179.75191718309412,0.7167449679928931,3,6,0.0,0.0,1.0,0.0,0.0,0.0,0.0,0.0,0.0,0.0,0.0,0.0,0.0,0.0,0.0,0.0,0.0,0.0,0.0,0.0,0.0,0.0,0.0,1.0,0.0,0.0,0.0,0.0,0.0,0.0,0.0,0.0,0.0
3255000.0,5398000,1291.9,540688050.0,781200.0,0.1633,107.6,26.745,0.0173086615384615,6.609240608075417,46.70341163368311,1.14,16.50351079234494,197.50999311305932,0.4675615711009413,11,3,0.0,0.0,0.0,1.0,0.0,0.0,0.0,0.0,0.0,0.0,0.0,0.0,0.0,0.0,0.0,0.0,0.0,0.0,0.0,0.0,0.0,0.0,0.0,1.0,0.0,0.0,0.0,0.0,0.0,0.0,0.0,0.0,0.0
30632.0,72221,4193.3,5088281.52,7351.68,0.23500000000000001,8.52,28.393846153846155,0.0200996307692307,7.475,48.39916484376357,0.5666666666666667,20.209303439764497,224.26951778093277,0.5332046283395346,6,10,1.0,0.0,0.0,0.0,0.0,0.0,0.0,0.0,0.0,1.0,0.0,0.0,0.0,0.0,0.0,0.0,0.0,0.0,0.0,0.0,0.0,0.0,0.0,0.0,0.0,0.0,0.0,0.0,0.0,0.0,0.0,0.0,0.0
15980.0,42773,4193.3,2654437.8,3835.2,0.268,18.24,28.067307692307693,0.0201146123076923,7.475,49.44287039253133,0.5666666666666667,12.566990773701368,218.8041071148341,0.5598560640264364,10,4,0.0,1.0,0.0,0.0,0.0,0.0,0.0,0.0,0.0,1.0,0.0,0.0,0.0,0.0,0.0,0.0,0.0,0.0,0.0,0.0,0.0,0.0,0.0,0.0,0.0,0.0,0.0,0.0,0.0,0.0,0.0,0.0,0.0
536000.0,418000,1346.2,89790720.0,176880.0,0.08000000000000002,55.46,26.36692307692308,0.0172179415384615,6.609240608075417,47.63635479720196,1.14,28.041613146026247,139.34105110761678,0.2122549501377255,9,12,0.0,0.0,0.0,0.0,0.0,0.0,0.0,0.0,0.0,0.0,0.0,0.0,0.0,0.0,0.0,0.0,0.0,0.0,0.0,0.0,0.0,0.0,0.0,1.0,0.0,0.0,0.0,0.0,0.0,0.0,0.0,0.0,0.0
236000.0,755000,1346.2,39534720.0,77880.0,0.23639130430000002,55.46,26.36692307692308,0.0172179415384615,6.609240608075417,46.684922338783096,1.14,11.50479884591734,223.59180117002848,0.6473314247209921,3,6,0.0,0.0,1.0,0.0,0.0,0.0,0.0,0.0,0.0,0.0,0.0,0.0,0.0,0.0,0.0,0.0,0.0,0.0,0.0,0.0,0.0,0.0,0.0,1.0,0.0,0.0,0.0,0.0,0.0,0.0,0.0,0.0,0.0
3233000.0,4633000,1346.2,541592160.0,1066890.0,0.1405333333,101.63,26.569615384615386,0.0171630138461538,6.609240608075417,46.76868643431272,1.14,18.67163863353431,225.4674895823032,0.420489240344405,11,3,0.0,0.0,0.0,1.0,0.0,0.0,0.0,0.0,0.0,0.0,0.0,0.0,0.0,0.0,0.0,0.0,0.0,0.0,0.0,0.0,0.0,0.0,0.0,1.0,0.0,0.0,0.0,0.0,0.0,0.0,0.0,0.0,0.0
31247.0,78770,3340.395455,5234497.44,10311.51,0.24950000000000003,9.72,27.74076923076923,0.0201295938461538,7.475,47.17937493696841,0.5666666666666667,32.98205431988364,181.50815337128407,0.5422449305504577,6,10,1.0,0.0,0.0,0.0,0.0,0.0,0.0,0.0,0.0,1.0,0.0,0.0,0.0,0.0,0.0,0.0,0.0,0.0,0.0,0.0,0.0,0.0,0.0,0.0,0.0,0.0,0.0,0.0,0.0,0.0,0.0,0.0,0.0
15990.0,43221,3340.395455,2678644.8,5276.7,0.27,18.56,27.376153846153844,0.0201743723076923,7.475,44.96832781463922,0.5666666666666667,20.85870220880135,240.046917030822,0.2842813350747455,10,4,0.0,1.0,0.0,0.0,0.0,0.0,0.0,0.0,0.0,1.0,0.0,0.0,0.0,0.0,0.0,0.0,0.0,0.0,0.0,0.0,0.0,0.0,0.0,0.0,0.0,0.0,0.0,0.0,0.0,0.0,0.0,0.0,0.0
561000.0,970000,1430.2,84598800.0,173910.0,0.15600000000000003,46.17,26.77230769230769,0.0171080861538461,6.609240608075417,49.90454394991459,1.14,17.80903264526227,215.28691640213628,0.532793729693847,9,12,0.0,0.0,0.0,0.0,0.0,0.0,0.0,0.0,0.0,0.0,0.0,0.0,0.0,0.0,0.0,0.0,0.0,0.0,0.0,0.0,0.0,0.0,0.0,1.0,0.0,0.0,0.0,0.0,0.0,0.0,0.0,0.0,0.0
8629000.0,868000,1430.2,1301253200.0,2674990.0,0.007733333300000001,46.17,26.77230769230769,0.0171080861538461,6.609240608075417,46.20698439954787,1.14,22.85606848348385,242.4623133759744,0.1971688227575314,3,6,0.0,0.0,1.0,0.0,0.0,0.0,0.0,0.0,0.0,0.0,0.0,0.0,0.0,0.0,0.0,0.0,0.0,0.0,0.0,0.0,0.0,0.0,0.0,1.0,0.0,0.0,0.0,0.0,0.0,0.0,0.0,0.0,0.0
3188000.0,7658000,1430.2,480750400.0,988280.0,0.24906666670000002,109.8,26.661153846153848,0.0171275123076923,6.609240608075417,45.70312528489488,1.14,18.258183679122368,300.27711205068954,0.409670750645441,11,3,0.0,0.0,0.0,1.0,0.0,0.0,0.0,0.0,0.0,0.0,0.0,0.0,0.0,0.0,0.0,0.0,0.0,0.0,0.0,0.0,0.0,0.0,0.0,1.0,0.0,0.0,0.0,0.0,0.0,0.0,0.0,0.0,0.0
31255.0,81229,3048.9,4713254.0,9689.05,0.259,8.84,27.01153846153846,0.0202191507692307,7.475,50.03468968121475,0.5666666666666667,18.67889363464065,155.74086081169378,0.3177478713362534,6,10,1.0,0.0,0.0,0.0,0.0,0.0,0.0,0.0,0.0,1.0,0.0,0.0,0.0,0.0,0.0,0.0,0.0,0.0,0.0,0.0,0.0,0.0,0.0,0.0,0.0,0.0,0.0,0.0,0.0,0.0,0.0,0.0,0.0
14575.0,41592,3048.9,2197910.0,4518.25,0.28500000000000003,17.21,27.20692307692308,0.020325683076923,7.475,48.543550009034334,0.5666666666666667,10.672483898985869,162.2064534125235,0.5631631782335403,10,4,0.0,1.0,0.0,0.0,0.0,0.0,0.0,0.0,0.0,1.0,0.0,0.0,0.0,0.0,0.0,0.0,0.0,0.0,0.0,0.0,0.0,0.0,0.0,0.0,0.0,0.0,0.0,0.0,0.0,0.0,0.0,0.0,0.0
582000.0,851000,1632.4,84093180.0,157140.0,0.12972,63.63,26.55,0.0171469384615384,6.609240608075417,46.307238950141006,1.14,17.566039103481472,193.8083648313176,0.5398313186447453,9,12,0.0,0.0,0.0,0.0,0.0,0.0,0.0,0.0,0.0,0.0,0.0,0.0,0.0,0.0,0.0,0.0,0.0,0.0,0.0,0.0,0.0,0.0,0.0,1.0,0.0,0.0,0.0,0.0,0.0,0.0,0.0,0.0,0.0
300000.0,1025000,1632.4,43347000.0,81000.0,0.2857307692,63.63,26.55,0.0171469384615384,6.609240608075417,50.05058530537984,1.14,26.54578918340964,300.457979580518,0.1972145403132024,3,6,0.0,0.0,1.0,0.0,0.0,0.0,0.0,0.0,0.0,0.0,0.0,0.0,0.0,0.0,0.0,0.0,0.0,0.0,0.0,0.0,0.0,0.0,0.0,1.0,0.0,0.0,0.0,0.0,0.0,0.0,0.0,0.0,0.0
3298000.0,5734000,1632.4,476528020.0,890460.0,0.18530000000000002,122.62,26.52846153846154,0.0170841046153846,6.609240608075417,46.25583373272496,1.14,33.95415201224059,202.6946175596633,0.5617021388542217,11,3,0.0,0.0,0.0,1.0,0.0,0.0,0.0,0.0,0.0,0.0,0.0,0.0,0.0,0.0,0.0,0.0,0.0,0.0,0.0,0.0,0.0,0.0,0.0,1.0,0.0,0.0,0.0,0.0,0.0,0.0,0.0,0.0,0.0
583000.0,1036000,1536.9,88009680.0,192390.0,0.15991666670000002,58.99,26.50692307692308,0.0170212707692307,6.609240608075417,50.21484355341004,1.14,21.23470769884184,298.79512006060884,0.4803438404488315,9,12,0.0,0.0,0.0,0.0,0.0,0.0,0.0,0.0,0.0,0.0,0.0,0.0,0.0,0.0,0.0,0.0,0.0,0.0,0.0,0.0,0.0,0.0,0.0,1.0,0.0,0.0,0.0,0.0,0.0,0.0,0.0,0.0,0.0
301000.0,1002000,1536.9,45438960.0,99330.0,0.262,58.99,26.50692307692308,0.0170212707692307,6.609240608075417,47.53126094759261,1.14,13.332464080187446,188.35356226198465,0.6625249924318589,3,6,0.0,0.0,1.0,0.0,0.0,0.0,0.0,0.0,0.0,0.0,0.0,0.0,0.0,0.0,0.0,0.0,0.0,0.0,0.0,0.0,0.0,0.0,0.0,1.0,0.0,0.0,0.0,0.0,0.0,0.0,0.0,0.0,0.0
3282000.0,7802000,1536.9,495450720.0,1083060.0,0.2379333333,106.12,26.54384615384616,0.01696482,6.609240608075417,44.97463770510216,1.14,25.063351424983125,230.53979189480577,0.2563098182183583,11,3,0.0,0.0,0.0,1.0,0.0,0.0,0.0,0.0,0.0,0.0,0.0,0.0,0.0,0.0,0.0,0.0,0.0,0.0,0.0,0.0,0.0,0.0,0.0,1.0,0.0,0.0,0.0,0.0,0.0,0.0,0.0,0.0,0.0
541000.0,390000,1210.1,85429310.0,178530.0,0.08645833330000001,47.13,26.58076923076923,0.0169083692307692,6.609240608075417,49.87187838848147,1.14,12.890814948954509,264.84804716025394,0.4782607627294967,9,12,0.0,0.0,0.0,0.0,0.0,0.0,0.0,0.0,0.0,0.0,0.0,0.0,0.0,0.0,0.0,0.0,0.0,0.0,0.0,0.0,0.0,0.0,0.0,1.0,0.0,0.0,0.0,0.0,0.0,0.0,0.0,0.0,0.0
234000.0,782000,1210.1,36950940.0,77220.0,0.26190909090000003,47.13,26.58076923076923,0.0169083692307692,6.609240608075417,44.716289901344446,1.14,16.320513151110323,229.84601516170775,0.5592604341698516,3,6,0.0,0.0,1.0,0.0,0.0,0.0,0.0,0.0,0.0,0.0,0.0,0.0,0.0,0.0,0.0,0.0,0.0,0.0,0.0,0.0,0.0,0.0,0.0,1.0,0.0,0.0,0.0,0.0,0.0,0.0,0.0,0.0,0.0
3167000.0,4702000,1210.1,500100970.0,1045110.0,0.14176666670000002,108.8,26.707692307692305,0.0168441507692307,6.609240608075417,48.60545047543569,1.14,12.721451109734154,277.67759109260976,0.5962079011221619,11,3,0.0,0.0,0.0,1.0,0.0,0.0,0.0,0.0,0.0,0.0,0.0,0.0,0.0,0.0,0.0,0.0,0.0,0.0,0.0,0.0,0.0,0.0,0.0,1.0,0.0,0.0,0.0,0.0,0.0,0.0,0.0,0.0,0.0
511550.0,657520,1460.5,78395037.5,179042.5,0.1444074074,61.67,26.834615384615383,0.0167799323076923,6.609240608075417,49.41776583343454,1.14,29.250980413685063,317.1313292313731,0.7327798433560356,9,12,0.0,0.0,0.0,0.0,0.0,0.0,0.0,0.0,0.0,0.0,0.0,0.0,0.0,0.0,0.0,0.0,0.0,0.0,0.0,0.0,0.0,0.0,0.0,1.0,0.0,0.0,0.0,0.0,0.0,0.0,0.0,0.0,0.0
224780.0,793690,1460.5,34447535.0,78673.0,0.2745333333,61.67,26.834615384615383,0.0167799323076923,6.609240608075417,48.579936406374514,1.14,17.88342282129348,176.7995651600226,0.4016432680241248,3,6,0.0,0.0,1.0,0.0,0.0,0.0,0.0,0.0,0.0,0.0,0.0,0.0,0.0,0.0,0.0,0.0,0.0,0.0,0.0,0.0,0.0,0.0,0.0,1.0,0.0,0.0,0.0,0.0,0.0,0.0,0.0,0.0,0.0
3226450.0,8343100,1460.5,494453462.5,1129257.5,0.2543,125.32,26.65230769230769,0.0169293046153846,6.609240608075417,48.513848366898216,1.14,17.400662048012354,208.1455382503737,0.38353493203447,11,3,0.0,0.0,0.0,1.0,0.0,0.0,0.0,0.0,0.0,0.0,0.0,0.0,0.0,0.0,0.0,0.0,0.0,0.0,0.0,0.0,0.0,0.0,0.0,1.0,0.0,0.0,0.0,0.0,0.0,0.0,0.0,0.0,0.0
530320.0,576840,1344.4,83493580.8,201521.6,0.1218928571,63.65,26.47,0.0170786769230769,6.609240608075417,49.11801225130586,1.14,15.15554869877551,208.59997609441984,0.4364204521953231,9,12,0.0,0.0,0.0,0.0,0.0,0.0,0.0,0.0,0.0,0.0,0.0,0.0,0.0,0.0,0.0,0.0,0.0,0.0,0.0,0.0,0.0,0.0,0.0,1.0,0.0,0.0,0.0,0.0,0.0,0.0,0.0,0.0,0.0
221940.0,695400,1344.4,34942233.6,84337.2,0.2673571429,63.65,26.47,0.0170786769230769,6.609240608075417,49.36029075984225,1.14,34.16716093436358,184.16228989508707,0.1779742321536881,3,6,0.0,0.0,1.0,0.0,0.0,0.0,0.0,0.0,0.0,0.0,0.0,0.0,0.0,0.0,0.0,0.0,0.0,0.0,0.0,0.0,0.0,0.0,0.0,1.0,0.0,0.0,0.0,0.0,0.0,0.0,0.0,0.0,0.0
3014130.0,5279130,1344.4,474544627.2,1145369.4,0.17470000000000002,131.14,26.24192307692308,0.0170776384615384,6.609240608075417,47.03453008094839,1.14,13.642207804350242,190.1031574909729,0.479656524924358,11,3,0.0,0.0,0.0,1.0,0.0,0.0,0.0,0.0,0.0,0.0,0.0,0.0,0.0,0.0,0.0,0.0,0.0,0.0,0.0,0.0,0.0,0.0,0.0,1.0,0.0,0.0,0.0,0.0,0.0,0.0,0.0,0.0,0.0
454370.0,527490,1635.9,73698814.0,159029.5,0.1322916667,67.49,26.01384615384616,0.0170766,6.609240608075417,46.09545928539959,1.14,13.745608695930937,304.00977958486885,0.2472893894473556,9,12,0.0,0.0,0.0,0.0,0.0,0.0,0.0,0.0,0.0,0.0,0.0,0.0,0.0,0.0,0.0,0.0,0.0,0.0,0.0,0.0,0.0,0.0,0.0,1.0,0.0,0.0,0.0,0.0,0.0,0.0,0.0,0.0,0.0
274230.0,925810,1635.9,44480106.0,95980.5,0.25860714290000003,67.49,26.01384615384616,0.0170766,6.609240608075417,49.4515407432566,1.14,22.14370071884452,205.97689422577,0.3539343856878313,3,6,0.0,0.0,1.0,0.0,0.0,0.0,0.0,0.0,0.0,0.0,0.0,0.0,0.0,0.0,0.0,0.0,0.0,0.0,0.0,0.0,0.0,0.0,0.0,1.0,0.0,0.0,0.0,0.0,0.0,0.0,0.0,0.0,0.0
3130820.0,6280410,1635.9,507819004.0,1095787.0,0.1982333333,128.16,26.24846153846154,0.017057243076923,6.609240608075417,45.865094418805896,1.14,20.68850813481272,212.85760101860816,0.7359306168154611,11,3,0.0,0.0,0.0,1.0,0.0,0.0,0.0,0.0,0.0,0.0,0.0,0.0,0.0,0.0,0.0,0.0,0.0,0.0,0.0,0.0,0.0,0.0,0.0,1.0,0.0,0.0,0.0,0.0,0.0,0.0,0.0,0.0,0.0
141000.0,205000,1498.0,13930800.0,40890.0,0.14414285710000002,54.52,25.81384615384616,0.0163655446153846,5.720000000000001,44.38035922309194,0.8400000000000001,13.965467738726796,253.48848016673028,0.8120033148782242,6,10,1.0,0.0,0.0,0.0,0.0,0.0,0.0,0.0,0.0,0.0,0.0,0.0,0.0,0.0,0.0,0.0,0.0,0.0,0.0,0.0,0.0,0.0,1.0,0.0,0.0,0.0,0.0,0.0,0.0,0.0,0.0,0.0,0.0
275746.0,5488,1356.2,26242746.82,85481.26,0.0016666667,15.86,8.57846153846154,0.0170461107692307,8.8,46.78738829398914,5.65,17.085531840001725,222.4619946893405,0.6122230090181396,6,10,1.0,0.0,0.0,0.0,0.0,0.0,0.0,0.0,0.0,0.0,0.0,0.0,0.0,1.0,0.0,0.0,0.0,0.0,0.0,0.0,0.0,0.0,0.0,0.0,0.0,0.0,0.0,0.0,0.0,0.0,0.0,0.0,0.0
